,date,1_month,2_month,3_month,6_month,1_year,2_year,3_year,5_year,7_year,10_year,20_year,30_year
0,2011-01-03,0.11,2.22,0.15,0.19,0.29,0.61,1.03,2.02,2.74,3.36,4.18,4.39
1,2011-01-04,0.12,2.22,0.14,0.19,0.28,0.63,1.04,2.01,2.72,3.36,4.21,4.44
2,2011-01-05,0.13,2.22,0.14,0.19,0.31,0.71,1.16,2.14,2.86,3.5,4.34,4.55
3,2011-01-06,0.13,2.22,0.15,0.18,0.3,0.68,1.11,2.09,2.8,3.44,4.31,4.53
4,2011-01-07,0.13,2.22,0.14,0.18,0.29,0.6,1.02,1.96,2.69,3.34,4.25,4.48
5,2011-01-10,0.14,2.22,0.15,0.18,0.29,0.59,0.99,1.93,2.65,3.32,4.23,4.47
6,2011-01-11,0.15,2.22,0.15,0.19,0.28,0.6,1.03,1.98,2.7,3.37,4.26,4.49
7,2011-01-12,0.15,2.22,0.15,0.18,0.26,0.61,1.03,1.99,2.71,3.4,4.28,4.52
8,2011-01-13,0.15,2.22,0.15,0.18,0.26,0.59,1.0,1.93,2.65,3.34,4.24,4.5
9,2011-01-14,0.14,2.22,0.15,0.18,0.27,0.59,1.0,1.95,2.66,3.35,4.27,4.53
10,2011-01-18,0.15,2.22,0.16,0.19,0.26,0.6,1.0,1.97,2.7,3.39,4.31,4.56
11,2011-01-19,0.16,2.22,0.16,0.19,0.27,0.6,0.98,1.95,2.69,3.37,4.27,4.53
12,2011-01-20,0.15,2.22,0.16,0.19,0.27,0.65,1.07,2.06,2.81,3.47,4.36,4.6
13,2011-01-21,0.15,2.22,0.16,0.19,0.27,0.63,1.05,2.04,2.77,3.44,4.33,4.57
14,2011-01-24,0.15,2.22,0.16,0.18,0.28,0.65,1.05,2.03,2.76,3.43,4.31,4.55
15,2011-01-25,0.15,2.22,0.16,0.18,0.27,0.62,1.0,1.96,2.68,3.35,4.23,4.48
16,2011-01-26,0.15,2.22,0.16,0.18,0.27,0.62,1.05,2.03,2.76,3.45,4.34,4.59
17,2011-01-27,0.13,2.22,0.15,0.17,0.25,0.59,1.0,1.98,2.75,3.42,4.31,4.57
18,2011-01-28,0.13,2.22,0.15,0.15,0.24,0.54,0.96,1.92,2.66,3.36,4.26,4.53
19,2011-01-31,0.15,2.22,0.15,0.17,0.26,0.58,0.98,1.95,2.71,3.42,4.33,4.58
20,2011-02-01,0.16,2.22,0.15,0.18,0.27,0.61,1.04,2.02,2.79,3.48,4.37,4.62
21,2011-02-02,0.15,2.22,0.16,0.18,0.28,0.67,1.12,2.1,2.84,3.52,4.39,4.64
22,2011-02-03,0.14,2.22,0.14,0.18,0.29,0.71,1.19,2.18,2.92,3.58,4.43,4.67
23,2011-02-04,0.13,2.22,0.15,0.18,0.31,0.77,1.25,2.27,3.01,3.68,4.51,4.73
24,2011-02-07,0.13,2.22,0.16,0.18,0.31,0.78,1.28,2.29,3.03,3.68,4.5,4.71
25,2011-02-08,0.14,2.22,0.15,0.18,0.31,0.86,1.4,2.39,3.12,3.75,4.56,4.76
26,2011-02-09,0.11,2.22,0.14,0.18,0.3,0.81,1.34,2.33,3.05,3.65,4.49,4.71
27,2011-02-10,0.08,2.22,0.12,0.16,0.3,0.85,1.4,2.4,3.1,3.7,4.55,4.75
28,2011-02-11,0.08,2.22,0.12,0.16,0.3,0.85,1.4,2.38,3.05,3.64,4.49,4.71
29,2011-02-14,0.09,2.22,0.13,0.17,0.3,0.87,1.41,2.37,3.04,3.62,4.46,4.67
30,2011-02-15,0.11,2.22,0.13,0.17,0.3,0.84,1.39,2.35,3.03,3.61,4.45,4.66
31,2011-02-16,0.1,2.22,0.12,0.16,0.29,0.86,1.4,2.37,3.04,3.62,4.46,4.67
32,2011-02-17,0.08,2.22,0.09,0.15,0.27,0.8,1.33,2.3,2.99,3.58,4.44,4.66
33,2011-02-18,0.08,2.22,0.1,0.15,0.28,0.78,1.32,2.3,2.99,3.59,4.46,4.7
34,2011-02-22,0.1,2.22,0.12,0.16,0.28,0.74,1.22,2.16,2.85,3.46,4.35,4.6
35,2011-02-23,0.12,2.22,0.12,0.16,0.27,0.74,1.25,2.21,2.89,3.49,4.34,4.59
36,2011-02-24,0.13,2.22,0.13,0.16,0.26,0.73,1.24,2.19,2.87,3.46,4.29,4.54
37,2011-02-25,0.12,2.22,0.13,0.16,0.27,0.72,1.22,2.16,2.84,3.42,4.26,4.51
38,2011-02-28,0.13,2.22,0.15,0.18,0.25,0.69,1.18,2.13,2.82,3.42,4.25,4.49
39,2011-03-01,0.07,2.22,0.14,0.16,0.25,0.66,1.15,2.11,2.81,3.41,4.24,4.48
40,2011-03-02,0.12,2.22,0.13,0.17,0.26,0.69,1.18,2.16,2.86,3.46,4.3,4.54
41,2011-03-03,0.12,2.22,0.13,0.16,0.29,0.79,1.32,2.3,3.0,3.58,4.4,4.64
42,2011-03-04,0.11,2.22,0.12,0.16,0.26,0.68,1.2,2.17,2.88,3.49,4.34,4.6
43,2011-03-07,0.1,2.22,0.11,0.16,0.25,0.7,1.22,2.19,2.9,3.51,4.36,4.61
44,2011-03-08,0.07,2.22,0.11,0.16,0.26,0.73,1.27,2.22,2.93,3.56,4.41,4.66
45,2011-03-09,0.07,2.22,0.1,0.15,0.26,0.7,1.21,2.16,2.86,3.48,4.35,4.6
46,2011-03-10,0.04,2.22,0.08,0.14,0.25,0.65,1.13,2.05,2.74,3.37,4.25,4.53
47,2011-03-11,0.04,2.22,0.08,0.13,0.24,0.64,1.12,2.06,2.76,3.4,4.29,4.54
48,2011-03-14,0.05,2.22,0.09,0.14,0.22,0.61,1.07,2.0,2.7,3.36,4.25,4.52
49,2011-03-15,0.07,2.22,0.1,0.14,0.23,0.63,1.08,2.0,2.68,3.33,4.21,4.47
50,2011-03-16,0.06,2.22,0.1,0.14,0.21,0.58,0.98,1.87,2.56,3.22,4.11,4.38
51,2011-03-17,0.06,2.22,0.08,0.14,0.24,0.6,1.02,1.91,2.59,3.25,4.15,4.42
52,2011-03-18,0.06,2.22,0.07,0.14,0.23,0.61,1.05,1.96,2.64,3.28,4.17,4.43
53,2011-03-21,0.06,2.22,0.1,0.16,0.25,0.67,1.12,2.04,2.72,3.34,4.2,4.45
54,2011-03-22,0.07,2.22,0.1,0.16,0.25,0.68,1.14,2.07,2.73,3.34,4.19,4.44
55,2011-03-23,0.06,2.22,0.09,0.15,0.24,0.69,1.13,2.07,2.75,3.36,4.2,4.44
56,2011-03-24,0.04,2.22,0.09,0.17,0.26,0.72,1.19,2.14,2.82,3.42,4.25,4.48
57,2011-03-25,0.04,2.22,0.09,0.18,0.3,0.79,1.26,2.2,2.87,3.46,4.28,4.51
58,2011-03-28,0.04,2.22,0.11,0.18,0.3,0.81,1.29,2.23,2.89,3.47,4.28,4.51
59,2011-03-29,0.06,2.22,0.1,0.17,0.31,0.81,1.31,2.25,2.92,3.5,4.31,4.54
60,2011-03-30,0.03,2.22,0.1,0.17,0.3,0.8,1.28,2.21,2.87,3.47,4.29,4.52
61,2011-03-31,0.05,2.22,0.09,0.17,0.3,0.8,1.29,2.24,2.9,3.47,4.29,4.51
62,2011-04-01,0.03,2.22,0.07,0.15,0.27,0.8,1.31,2.24,2.9,3.46,4.27,4.48
63,2011-04-04,0.02,2.22,0.06,0.13,0.24,0.77,1.24,2.2,2.86,3.45,4.27,4.49
64,2011-04-05,0.05,2.22,0.07,0.15,0.3,0.84,1.33,2.28,2.93,3.5,4.3,4.51
65,2011-04-06,0.03,2.22,0.06,0.14,0.29,0.85,1.36,2.32,2.98,3.56,4.37,4.58
66,2011-04-07,0.03,2.22,0.04,0.12,0.27,0.81,1.31,2.29,2.97,3.58,4.41,4.63
67,2011-04-08,0.02,2.22,0.04,0.12,0.27,0.83,1.34,2.31,2.99,3.59,4.41,4.63
68,2011-04-11,0.02,2.22,0.05,0.12,0.26,0.85,1.35,2.31,2.98,3.59,4.42,4.64
69,2011-04-12,0.02,2.22,0.05,0.11,0.24,0.77,1.28,2.22,2.89,3.52,4.35,4.58
70,2011-04-13,0.03,2.22,0.06,0.11,0.23,0.75,1.26,2.19,2.86,3.49,4.33,4.55
71,2011-04-14,0.04,2.22,0.07,0.13,0.25,0.77,1.27,2.23,2.88,3.51,4.32,4.53
72,2011-04-15,0.04,2.22,0.07,0.12,0.24,0.71,1.2,2.14,2.81,3.43,4.25,4.47
73,2011-04-18,0.03,2.22,0.07,0.11,0.24,0.69,1.14,2.09,2.77,3.4,4.22,4.45
74,2011-04-19,0.04,2.22,0.06,0.11,0.24,0.68,1.13,2.09,2.76,3.39,4.2,4.43
75,2011-04-20,0.04,2.22,0.06,0.11,0.24,0.69,1.17,2.15,2.81,3.43,4.24,4.47
76,2011-04-21,0.03,2.22,0.06,0.11,0.23,0.68,1.16,2.14,2.79,3.42,4.24,4.47
77,2011-04-22,0.03,2.22,0.06,0.11,0.23,0.68,1.16,2.14,2.79,3.42,4.24,4.47
78,2011-04-25,0.03,2.22,0.07,0.12,0.23,0.67,1.13,2.1,2.76,3.39,4.22,4.46
79,2011-04-26,0.02,2.22,0.07,0.11,0.22,0.65,1.09,2.05,2.71,3.34,4.16,4.39
80,2011-04-27,0.03,2.22,0.06,0.11,0.22,0.65,1.09,2.06,2.74,3.39,4.21,4.45
81,2011-04-28,0.02,2.22,0.04,0.1,0.23,0.62,1.03,2.0,2.69,3.34,4.18,4.42
82,2011-04-29,0.02,2.22,0.04,0.11,0.22,0.61,1.01,1.97,2.66,3.32,4.15,4.4
83,2011-05-02,0.02,2.22,0.05,0.1,0.22,0.61,1.01,1.96,2.66,3.31,4.14,4.38
84,2011-05-03,0.02,2.22,0.03,0.09,0.2,0.61,1.01,1.96,2.64,3.28,4.11,4.36
85,2011-05-04,0.02,2.22,0.03,0.07,0.19,0.6,1.0,1.95,2.61,3.25,4.08,4.33
86,2011-05-05,0.01,2.22,0.02,0.07,0.2,0.58,0.97,1.88,2.54,3.18,4.0,4.26
87,2011-05-06,0.02,2.22,0.02,0.07,0.18,0.57,0.96,1.87,2.54,3.19,4.03,4.29
88,2011-05-09,0.01,2.22,0.03,0.07,0.17,0.57,0.94,1.84,2.51,3.17,4.03,4.3
89,2011-05-10,0.02,2.22,0.03,0.07,0.19,0.59,1.03,1.91,2.57,3.23,4.07,4.34
90,2011-05-11,0.01,2.22,0.03,0.07,0.18,0.56,0.96,1.87,2.53,3.19,4.04,4.31
91,2011-05-12,0.01,2.22,0.02,0.07,0.18,0.57,0.98,1.89,2.56,3.22,4.07,4.37
92,2011-05-13,0.01,2.22,0.03,0.08,0.19,0.57,0.96,1.86,2.53,3.18,4.03,4.32
93,2011-05-16,0.02,2.22,0.04,0.07,0.18,0.54,0.93,1.83,2.5,3.15,3.99,4.28
94,2011-05-17,0.03,2.22,0.04,0.07,0.19,0.55,0.91,1.8,2.47,3.12,3.94,4.23
95,2011-05-18,0.03,2.22,0.05,0.08,0.19,0.58,0.97,1.87,2.53,3.18,4.0,4.29
96,2011-05-19,0.02,2.22,0.05,0.1,0.19,0.55,0.94,1.85,2.53,3.17,4.01,4.3
97,2011-05-20,0.03,2.22,0.05,0.1,0.18,0.55,0.92,1.82,2.5,3.15,4.0,4.3
98,2011-05-23,0.03,2.22,0.06,0.1,0.2,0.55,0.91,1.8,2.47,3.13,3.97,4.27
99,2011-05-24,0.04,2.22,0.06,0.11,0.2,0.56,0.91,1.81,2.47,3.12,3.96,4.26
100,2011-05-25,0.04,2.22,0.06,0.1,0.18,0.54,0.9,1.81,2.47,3.13,3.99,4.28
101,2011-05-26,0.04,2.22,0.05,0.1,0.18,0.48,0.83,1.72,2.4,3.07,3.93,4.23
102,2011-05-27,0.04,2.22,0.05,0.11,0.18,0.48,0.81,1.71,2.39,3.07,3.94,4.24
103,2011-05-31,0.04,2.22,0.06,0.12,0.18,0.45,0.79,1.68,2.37,3.05,3.91,4.22
104,2011-06-01,0.04,2.22,0.05,0.11,0.18,0.44,0.74,1.6,2.28,2.96,3.83,4.15
105,2011-06-02,0.04,2.22,0.04,0.11,0.19,0.45,0.78,1.65,2.34,3.04,3.92,4.25
106,2011-06-03,0.04,2.22,0.04,0.1,0.18,0.42,0.75,1.6,2.28,2.99,3.9,4.22
107,2011-06-06,0.03,2.22,0.05,0.1,0.18,0.43,0.74,1.6,2.29,3.01,3.92,4.25
108,2011-06-07,0.01,2.22,0.05,0.11,0.18,0.39,0.74,1.59,2.29,3.01,3.94,4.27
109,2011-06-08,0.01,2.22,0.04,0.11,0.18,0.39,0.68,1.52,2.24,2.98,3.88,4.2
110,2011-06-09,0.02,2.22,0.05,0.1,0.19,0.43,0.73,1.6,2.3,3.01,3.91,4.22
111,2011-06-10,0.02,2.22,0.05,0.1,0.19,0.41,0.71,1.58,2.28,2.99,3.87,4.18
112,2011-06-13,0.02,2.22,0.05,0.11,0.18,0.4,0.72,1.59,2.3,3.0,3.89,4.2
113,2011-06-14,0.03,2.22,0.05,0.11,0.19,0.45,0.79,1.7,2.41,3.11,4.0,4.3
114,2011-06-15,0.02,2.22,0.05,0.11,0.19,0.38,0.68,1.55,2.26,2.98,3.89,4.19
115,2011-06-16,0.02,2.22,0.05,0.11,0.18,0.38,0.68,1.52,2.22,2.93,3.84,4.16
116,2011-06-17,0.02,2.22,0.04,0.1,0.17,0.38,0.68,1.53,2.23,2.94,3.86,4.19
117,2011-06-20,0.02,2.22,0.03,0.1,0.18,0.38,0.68,1.55,2.25,2.97,3.87,4.19
118,2011-06-21,0.01,2.22,0.03,0.1,0.18,0.4,0.69,1.57,2.27,2.99,3.9,4.21
119,2011-06-22,0.01,2.22,0.02,0.09,0.16,0.39,0.68,1.58,2.29,3.01,3.91,4.22
120,2011-06-23,0.01,2.22,0.01,0.07,0.15,0.35,0.62,1.48,2.19,2.93,3.84,4.17
121,2011-06-24,0.01,2.22,0.02,0.07,0.16,0.35,0.57,1.4,2.13,2.88,3.83,4.17
122,2011-06-27,0.01,2.22,0.02,0.1,0.18,0.41,0.64,1.47,2.19,2.95,3.94,4.28
123,2011-06-28,0.01,2.22,0.03,0.11,0.21,0.48,0.75,1.62,2.33,3.05,4.01,4.33
124,2011-06-29,0.01,2.22,0.02,0.11,0.19,0.47,0.79,1.7,2.44,3.14,4.08,4.39
125,2011-06-30,0.01,2.22,0.03,0.1,0.19,0.45,0.81,1.76,2.5,3.18,4.09,4.38
126,2011-07-01,0.01,2.22,0.02,0.1,0.2,0.5,0.85,1.8,2.54,3.22,4.12,4.4
127,2011-07-05,0.01,2.22,0.02,0.08,0.19,0.44,0.77,1.7,2.46,3.16,4.09,4.39
128,2011-07-06,0.01,2.22,0.01,0.06,0.19,0.43,0.75,1.66,2.41,3.12,4.05,4.35
129,2011-07-07,0.03,2.22,0.03,0.07,0.2,0.49,0.83,1.74,2.48,3.17,4.08,4.37
130,2011-07-08,0.03,2.22,0.03,0.07,0.17,0.4,0.7,1.57,2.32,3.03,3.97,4.27
131,2011-07-11,0.02,2.22,0.03,0.07,0.17,0.37,0.64,1.49,2.22,2.94,3.88,4.2
132,2011-07-12,0.01,2.22,0.03,0.07,0.18,0.37,0.63,1.47,2.2,2.92,3.86,4.19
133,2011-07-13,0.01,2.22,0.01,0.05,0.16,0.37,0.62,1.45,2.18,2.92,3.85,4.17
134,2011-07-14,0.01,2.22,0.01,0.05,0.15,0.38,0.66,1.51,2.24,2.98,3.92,4.25
135,2011-07-15,0.02,2.22,0.02,0.05,0.15,0.37,0.62,1.46,2.19,2.94,3.92,4.26
136,2011-07-18,0.01,2.22,0.02,0.06,0.15,0.37,0.62,1.45,2.18,2.94,3.95,4.29
137,2011-07-19,0.02,2.22,0.03,0.07,0.17,0.39,0.63,1.45,2.17,2.91,3.86,4.19
138,2011-07-20,0.01,2.22,0.02,0.08,0.19,0.4,0.64,1.49,2.22,2.96,3.92,4.25
139,2011-07-21,0.04,2.22,0.05,0.09,0.2,0.4,0.69,1.56,2.3,3.03,3.98,4.31
140,2011-07-22,0.05,2.22,0.05,0.09,0.2,0.4,0.66,1.53,2.26,2.99,3.93,4.26
141,2011-07-25,0.05,2.22,0.05,0.1,0.2,0.42,0.69,1.55,2.29,3.03,3.98,4.31
142,2011-07-26,0.07,2.22,0.07,0.11,0.21,0.41,0.66,1.51,2.25,2.99,3.94,4.28
143,2011-07-27,0.08,2.22,0.08,0.12,0.21,0.44,0.71,1.56,2.28,3.01,3.95,4.29
144,2011-07-28,0.1,2.22,0.07,0.13,0.21,0.42,0.68,1.52,2.26,2.98,3.93,4.26
145,2011-07-29,0.16,2.22,0.1,0.16,0.2,0.36,0.55,1.35,2.09,2.82,3.77,4.12
146,2011-08-01,0.13,2.22,0.1,0.16,0.22,0.38,0.55,1.32,2.05,2.77,3.72,4.07
147,2011-08-02,0.05,2.22,0.06,0.13,0.17,0.33,0.5,1.23,1.94,2.66,3.59,3.93
148,2011-08-03,0.01,2.22,0.02,0.08,0.16,0.33,0.52,1.25,1.94,2.64,3.55,3.89
149,2011-08-04,0.01,2.22,0.02,0.05,0.12,0.27,0.44,1.12,1.78,2.47,3.37,3.7
150,2011-08-05,0.01,2.22,0.01,0.05,0.11,0.28,0.49,1.23,1.91,2.58,3.49,3.82
151,2011-08-08,0.02,2.22,0.05,0.07,0.12,0.27,0.45,1.11,1.75,2.4,3.31,3.68
152,2011-08-09,0.02,2.22,0.03,0.06,0.11,0.19,0.33,0.91,1.53,2.2,3.17,3.56
153,2011-08-10,0.02,2.22,0.02,0.06,0.09,0.19,0.33,0.93,1.52,2.17,3.08,3.54
154,2011-08-11,0.01,2.22,0.03,0.08,0.1,0.19,0.34,1.02,1.65,2.34,3.34,3.82
155,2011-08-12,0.01,2.22,0.02,0.07,0.11,0.2,0.32,0.96,1.56,2.24,3.24,3.72
156,2011-08-15,0.0,2.22,0.02,0.08,0.12,0.19,0.34,0.99,1.6,2.29,3.29,3.75
157,2011-08-16,0.02,2.22,0.03,0.07,0.12,0.2,0.33,0.95,1.54,2.23,3.23,3.67
158,2011-08-17,0.01,2.22,0.01,0.06,0.12,0.19,0.33,0.92,1.48,2.17,3.14,3.57
159,2011-08-18,0.01,2.22,0.01,0.05,0.1,0.2,0.33,0.9,1.43,2.08,3.02,3.45
160,2011-08-19,0.0,2.22,0.02,0.04,0.1,0.2,0.34,0.9,1.43,2.07,2.97,3.39
161,2011-08-22,0.01,2.22,0.01,0.04,0.09,0.22,0.37,0.94,1.47,2.1,3.0,3.42
162,2011-08-23,0.01,2.22,0.01,0.04,0.1,0.22,0.38,0.95,1.5,2.15,3.06,3.47
163,2011-08-24,0.02,2.22,0.02,0.04,0.11,0.23,0.41,1.05,1.62,2.29,3.23,3.63
164,2011-08-25,0.01,2.22,0.01,0.03,0.1,0.22,0.37,0.98,1.57,2.23,3.17,3.6
165,2011-08-26,0.0,2.22,0.01,0.02,0.09,0.2,0.33,0.94,1.52,2.19,3.13,3.54
166,2011-08-29,0.0,2.22,0.02,0.05,0.09,0.2,0.35,0.99,1.6,2.28,3.22,3.63
167,2011-08-30,0.01,2.22,0.01,0.05,0.09,0.2,0.33,0.94,1.52,2.19,3.12,3.53
168,2011-08-31,0.01,2.22,0.02,0.05,0.1,0.2,0.33,0.96,1.56,2.23,3.19,3.6
169,2011-09-01,0.02,2.22,0.02,0.05,0.1,0.19,0.31,0.9,1.49,2.15,3.1,3.51
170,2011-09-02,0.02,2.22,0.02,0.05,0.1,0.2,0.33,0.88,1.41,2.02,2.92,3.32
171,2011-09-06,0.02,2.22,0.02,0.07,0.13,0.21,0.33,0.88,1.4,1.98,2.86,3.26
172,2011-09-07,0.0,2.22,0.02,0.06,0.11,0.21,0.34,0.92,1.45,2.05,2.96,3.36
173,2011-09-08,0.01,2.22,0.02,0.07,0.12,0.19,0.33,0.88,1.41,2.0,2.92,3.32
174,2011-09-09,0.0,2.22,0.01,0.05,0.11,0.17,0.31,0.81,1.34,1.93,2.86,3.26
175,2011-09-12,0.01,2.22,0.01,0.05,0.11,0.21,0.35,0.87,1.38,1.94,2.84,3.24
176,2011-09-13,0.0,2.22,0.01,0.05,0.1,0.21,0.35,0.89,1.42,2.0,2.92,3.32
177,2011-09-14,0.0,2.22,0.01,0.03,0.09,0.19,0.35,0.91,1.45,2.03,2.92,3.32
178,2011-09-15,0.0,2.22,0.01,0.03,0.1,0.21,0.35,0.95,1.51,2.09,2.97,3.36
179,2011-09-16,0.01,2.22,0.01,0.02,0.09,0.18,0.33,0.94,1.5,2.08,2.96,3.34
180,2011-09-19,0.0,2.22,0.01,0.04,0.08,0.16,0.29,0.85,1.4,1.97,2.84,3.22
181,2011-09-20,0.0,2.22,0.01,0.03,0.09,0.18,0.3,0.85,1.39,1.95,2.82,3.2
182,2011-09-21,0.01,2.22,0.01,0.04,0.11,0.21,0.37,0.88,1.36,1.88,2.69,3.03
183,2011-09-22,0.0,2.22,0.0,0.03,0.1,0.2,0.34,0.79,1.24,1.72,2.48,2.78
184,2011-09-23,0.0,2.22,0.01,0.02,0.1,0.23,0.37,0.89,1.35,1.84,2.59,2.89
185,2011-09-26,0.0,2.22,0.02,0.03,0.1,0.25,0.39,0.92,1.41,1.91,2.69,2.99
186,2011-09-27,0.0,2.22,0.01,0.04,0.1,0.25,0.42,0.97,1.49,2.0,2.79,3.08
187,2011-09-28,0.0,2.22,0.02,0.04,0.12,0.27,0.42,0.99,1.5,2.03,2.82,3.1
188,2011-09-29,0.0,2.22,0.02,0.05,0.11,0.27,0.43,0.98,1.48,1.99,2.76,3.03
189,2011-09-30,0.02,2.22,0.02,0.06,0.13,0.25,0.42,0.96,1.43,1.92,2.66,2.9
190,2011-10-03,0.01,2.22,0.02,0.06,0.12,0.24,0.39,0.87,1.33,1.8,2.51,2.76
191,2011-10-04,0.01,2.22,0.01,0.04,0.11,0.25,0.4,0.9,1.35,1.81,2.53,2.77
192,2011-10-05,0.0,2.22,0.0,0.03,0.1,0.25,0.43,0.96,1.45,1.92,2.62,2.87
193,2011-10-06,0.01,2.22,0.01,0.03,0.09,0.29,0.46,1.01,1.52,2.01,2.71,2.96
194,2011-10-07,0.01,2.22,0.01,0.04,0.11,0.3,0.5,1.08,1.61,2.1,2.78,3.02
195,2011-10-10,0.01,2.22,0.01,0.04,0.11,0.3,0.5,1.08,1.61,2.1,2.78,3.02
196,2011-10-11,0.01,2.22,0.02,0.05,0.12,0.32,0.54,1.14,1.68,2.18,2.87,3.11
197,2011-10-12,0.01,2.22,0.02,0.06,0.09,0.29,0.54,1.17,1.72,2.24,2.94,3.19
198,2011-10-13,0.02,2.22,0.02,0.05,0.11,0.29,0.51,1.11,1.67,2.19,2.9,3.15
199,2011-10-14,0.02,2.22,0.02,0.06,0.11,0.28,0.5,1.12,1.71,2.26,2.97,3.22
200,2011-10-17,0.02,2.22,0.04,0.06,0.12,0.28,0.48,1.08,1.65,2.18,2.88,3.13
201,2011-10-18,0.02,2.22,0.04,0.07,0.12,0.28,0.47,1.07,1.64,2.19,2.91,3.17
202,2011-10-19,0.01,2.22,0.03,0.06,0.11,0.28,0.46,1.05,1.62,2.18,2.9,3.17
203,2011-10-20,0.02,2.22,0.03,0.06,0.12,0.28,0.46,1.07,1.64,2.2,2.92,3.19
204,2011-10-21,0.01,2.22,0.02,0.05,0.12,0.3,0.46,1.08,1.66,2.23,2.98,3.26
205,2011-10-24,0.01,2.22,0.02,0.06,0.11,0.3,0.47,1.1,1.7,2.25,3.0,3.27
206,2011-10-25,0.01,2.22,0.01,0.06,0.11,0.26,0.43,1.01,1.6,2.14,2.86,3.13
207,2011-10-26,0.01,2.22,0.02,0.06,0.13,0.28,0.48,1.09,1.68,2.23,2.95,3.22
208,2011-10-27,0.02,2.22,0.02,0.07,0.14,0.31,0.53,1.2,1.83,2.42,3.18,3.45
209,2011-10-28,0.02,2.22,0.01,0.06,0.13,0.28,0.5,1.13,1.74,2.34,3.09,3.36
210,2011-10-31,0.02,2.22,0.01,0.06,0.12,0.25,0.41,0.99,1.58,2.17,2.89,3.16
211,2011-11-01,0.01,2.22,0.01,0.05,0.13,0.23,0.38,0.9,1.45,2.01,2.73,2.99
212,2011-11-02,0.01,2.22,0.01,0.04,0.11,0.23,0.37,0.89,1.44,2.03,2.75,3.03
213,2011-11-03,0.01,2.22,0.01,0.04,0.11,0.24,0.39,0.91,1.48,2.09,2.83,3.1
214,2011-11-04,0.01,2.22,0.01,0.03,0.11,0.22,0.37,0.88,1.45,2.06,2.81,3.09
215,2011-11-07,0.01,2.22,0.01,0.04,0.09,0.25,0.38,0.88,1.44,2.04,2.77,3.05
216,2011-11-08,0.01,2.22,0.01,0.03,0.1,0.25,0.39,0.92,1.5,2.1,2.84,3.13
217,2011-11-09,0.01,2.22,0.01,0.04,0.1,0.24,0.37,0.88,1.41,2.0,2.73,3.03
218,2011-11-10,0.01,2.22,0.01,0.03,0.1,0.24,0.38,0.9,1.45,2.04,2.8,3.12
219,2011-11-11,0.01,2.22,0.01,0.03,0.1,0.24,0.38,0.9,1.45,2.04,2.8,3.12
220,2011-11-14,0.01,2.22,0.01,0.04,0.09,0.24,0.39,0.91,1.46,2.04,2.77,3.09
221,2011-11-15,0.01,2.22,0.01,0.05,0.11,0.26,0.4,0.93,1.48,2.06,2.79,3.1
222,2011-11-16,0.01,2.22,0.01,0.04,0.11,0.26,0.4,0.9,1.44,2.01,2.73,3.05
223,2011-11-17,0.01,2.22,0.02,0.04,0.1,0.27,0.4,0.88,1.41,1.96,2.66,2.98
224,2011-11-18,0.02,2.22,0.01,0.04,0.12,0.29,0.43,0.94,1.48,2.01,2.69,2.99
225,2011-11-21,0.02,2.22,0.02,0.05,0.11,0.27,0.41,0.92,1.45,1.97,2.65,2.96
226,2011-11-22,0.02,2.22,0.02,0.06,0.11,0.26,0.4,0.91,1.42,1.94,2.6,2.91
227,2011-11-23,0.02,2.22,0.02,0.06,0.12,0.26,0.4,0.88,1.38,1.89,2.53,2.82
228,2011-11-25,0.02,2.22,0.02,0.07,0.13,0.28,0.41,0.93,1.45,1.97,2.62,2.92
229,2011-11-28,0.02,2.22,0.03,0.07,0.13,0.26,0.39,0.91,1.44,1.97,2.63,2.93
230,2011-11-29,0.02,2.22,0.02,0.05,0.14,0.27,0.4,0.93,1.48,2.0,2.66,2.96
231,2011-11-30,0.02,2.22,0.01,0.06,0.12,0.25,0.41,0.96,1.53,2.08,2.77,3.06
232,2011-12-01,0.02,2.22,0.01,0.05,0.12,0.27,0.41,0.97,1.55,2.11,2.82,3.12
233,2011-12-02,0.02,2.22,0.02,0.06,0.12,0.25,0.39,0.92,1.49,2.05,2.74,3.03
234,2011-12-05,0.01,2.22,0.01,0.05,0.11,0.27,0.4,0.93,1.49,2.04,2.73,3.02
235,2011-12-06,0.0,2.22,0.01,0.04,0.11,0.25,0.41,0.94,1.52,2.08,2.74,3.09
236,2011-12-07,0.0,2.22,0.02,0.05,0.11,0.24,0.36,0.89,1.46,2.02,2.74,3.04
237,2011-12-08,0.0,2.22,0.01,0.04,0.1,0.22,0.35,0.86,1.41,1.99,2.7,3.0
238,2011-12-09,0.0,2.22,0.01,0.05,0.11,0.22,0.37,0.89,1.48,2.07,2.79,3.1
239,2011-12-12,0.0,2.22,0.01,0.05,0.1,0.24,0.36,0.87,1.45,2.03,2.75,3.06
240,2011-12-13,0.0,2.22,0.01,0.06,0.11,0.24,0.35,0.85,1.4,1.96,2.66,2.98
241,2011-12-14,0.0,2.22,0.01,0.05,0.12,0.25,0.36,0.86,1.38,1.92,2.59,2.91
242,2011-12-15,0.0,2.22,0.0,0.05,0.12,0.26,0.37,0.86,1.38,1.92,2.6,2.92
243,2011-12-16,0.0,2.22,0.0,0.04,0.11,0.24,0.35,0.81,1.32,1.86,2.54,2.86
244,2011-12-19,0.0,2.22,0.01,0.04,0.11,0.24,0.36,0.82,1.3,1.82,2.48,2.79
245,2011-12-20,0.0,2.22,0.01,0.04,0.12,0.26,0.39,0.88,1.39,1.94,2.61,2.93
246,2011-12-21,0.0,2.22,0.01,0.04,0.13,0.28,0.4,0.91,1.44,1.98,2.67,3.0
247,2011-12-22,0.0,2.22,0.01,0.03,0.12,0.28,0.41,0.91,1.43,1.97,2.67,2.99
248,2011-12-23,0.0,2.22,0.01,0.04,0.12,0.28,0.45,0.97,1.49,2.03,2.73,3.05
249,2011-12-27,0.01,2.22,0.02,0.06,0.12,0.3,0.45,0.96,1.49,2.02,2.72,3.04
250,2011-12-28,0.0,2.22,0.01,0.05,0.12,0.28,0.42,0.91,1.41,1.93,2.59,2.91
251,2011-12-29,0.0,2.22,0.02,0.07,0.12,0.28,0.41,0.88,1.38,1.91,2.58,2.9
252,2011-12-30,0.01,2.22,0.02,0.06,0.12,0.25,0.36,0.83,1.35,1.89,2.57,2.89
253,2012-01-03,0.01,2.22,0.02,0.06,0.12,0.27,0.4,0.89,1.41,1.97,2.67,2.98
254,2012-01-04,0.01,2.22,0.02,0.06,0.12,0.25,0.4,0.89,1.43,2.0,2.71,3.03
255,2012-01-05,0.01,2.22,0.02,0.07,0.11,0.27,0.4,0.88,1.43,2.02,2.74,3.06
256,2012-01-06,0.02,2.22,0.02,0.05,0.12,0.25,0.4,0.86,1.4,1.98,2.7,3.02
257,2012-01-09,0.01,2.22,0.01,0.05,0.11,0.26,0.38,0.85,1.39,1.98,2.7,3.02
258,2012-01-10,0.01,2.22,0.02,0.05,0.11,0.24,0.37,0.86,1.41,2.0,2.71,3.04
259,2012-01-11,0.01,2.22,0.02,0.05,0.11,0.24,0.34,0.82,1.34,1.93,2.63,2.96
260,2012-01-12,0.02,2.22,0.03,0.06,0.11,0.22,0.35,0.84,1.37,1.94,2.65,2.97
261,2012-01-13,0.02,2.22,0.03,0.06,0.1,0.24,0.34,0.8,1.32,1.89,2.59,2.91
262,2012-01-17,0.02,2.22,0.03,0.06,0.11,0.21,0.33,0.79,1.31,1.87,2.57,2.89
263,2012-01-18,0.02,2.22,0.03,0.07,0.11,0.24,0.35,0.82,1.34,1.92,2.63,2.96
264,2012-01-19,0.04,2.22,0.05,0.07,0.11,0.26,0.36,0.87,1.43,2.01,2.72,3.05
265,2012-01-20,0.03,2.22,0.05,0.07,0.11,0.26,0.38,0.91,1.47,2.05,2.78,3.1
266,2012-01-23,0.03,2.22,0.04,0.07,0.12,0.26,0.39,0.93,1.51,2.09,2.82,3.15
267,2012-01-24,0.02,2.22,0.04,0.07,0.12,0.24,0.39,0.92,1.49,2.08,2.82,3.15
268,2012-01-25,0.03,2.22,0.04,0.07,0.12,0.22,0.34,0.81,1.4,2.01,2.78,3.13
269,2012-01-26,0.04,2.22,0.05,0.08,0.12,0.22,0.31,0.77,1.34,1.96,2.74,3.1
270,2012-01-27,0.05,2.22,0.06,0.08,0.12,0.22,0.32,0.75,1.31,1.93,2.71,3.07
271,2012-01-30,0.05,2.22,0.05,0.08,0.12,0.22,0.31,0.73,1.27,1.87,2.64,2.99
272,2012-01-31,0.04,2.22,0.06,0.08,0.13,0.22,0.3,0.71,1.24,1.83,2.59,2.94
273,2012-02-01,0.05,2.22,0.06,0.09,0.13,0.23,0.31,0.72,1.27,1.87,2.65,3.01
274,2012-02-02,0.07,2.22,0.08,0.1,0.14,0.23,0.31,0.71,1.25,1.86,2.64,3.01
275,2012-02-03,0.06,2.22,0.08,0.1,0.14,0.23,0.33,0.78,1.35,1.97,2.76,3.13
276,2012-02-06,0.04,2.22,0.08,0.1,0.14,0.24,0.32,0.76,1.32,1.93,2.71,3.08
277,2012-02-07,0.06,2.22,0.08,0.11,0.14,0.25,0.35,0.82,1.39,2.0,2.78,3.14
278,2012-02-08,0.06,2.22,0.09,0.11,0.15,0.27,0.35,0.82,1.39,2.01,2.78,3.14
279,2012-02-09,0.06,2.22,0.09,0.12,0.15,0.27,0.38,0.86,1.43,2.04,2.83,3.2
280,2012-02-10,0.05,2.22,0.09,0.12,0.15,0.27,0.36,0.81,1.36,1.96,2.75,3.11
281,2012-02-13,0.06,2.22,0.11,0.14,0.15,0.29,0.4,0.85,1.4,1.99,2.78,3.14
282,2012-02-14,0.09,2.22,0.12,0.15,0.18,0.29,0.4,0.81,1.34,1.92,2.7,3.06
283,2012-02-15,0.09,2.22,0.11,0.13,0.18,0.29,0.38,0.81,1.34,1.93,2.72,3.09
284,2012-02-16,0.04,2.22,0.1,0.13,0.17,0.29,0.42,0.87,1.41,1.99,2.78,3.14
285,2012-02-17,0.03,2.22,0.09,0.13,0.18,0.29,0.42,0.88,1.43,2.01,2.8,3.16
286,2012-02-21,0.03,2.22,0.08,0.13,0.17,0.31,0.44,0.92,1.47,2.05,2.84,3.2
287,2012-02-22,0.07,2.22,0.09,0.13,0.17,0.29,0.42,0.88,1.41,2.01,2.79,3.15
288,2012-02-23,0.07,2.22,0.09,0.14,0.17,0.31,0.43,0.88,1.4,1.99,2.77,3.13
289,2012-02-24,0.08,2.22,0.1,0.14,0.18,0.31,0.43,0.89,1.41,1.98,2.75,3.1
290,2012-02-27,0.08,2.22,0.12,0.14,0.17,0.3,0.4,0.84,1.35,1.92,2.69,3.04
291,2012-02-28,0.1,2.22,0.1,0.14,0.18,0.3,0.41,0.84,1.36,1.94,2.71,3.07
292,2012-02-29,0.08,2.22,0.08,0.13,0.18,0.3,0.43,0.87,1.39,1.98,2.73,3.08
293,2012-03-01,0.07,2.22,0.08,0.13,0.18,0.3,0.43,0.89,1.44,2.03,2.8,3.15
294,2012-03-02,0.06,2.22,0.07,0.12,0.17,0.28,0.41,0.84,1.38,1.99,2.77,3.11
295,2012-03-05,0.07,2.22,0.08,0.14,0.17,0.31,0.43,0.87,1.4,2.0,2.78,3.13
296,2012-03-06,0.06,2.22,0.08,0.13,0.17,0.3,0.4,0.83,1.35,1.96,2.73,3.08
297,2012-03-07,0.06,2.22,0.08,0.14,0.18,0.3,0.42,0.85,1.37,1.98,2.76,3.12
298,2012-03-08,0.07,2.22,0.08,0.14,0.18,0.32,0.44,0.89,1.41,2.03,2.82,3.18
299,2012-03-09,0.06,2.22,0.09,0.13,0.18,0.33,0.46,0.9,1.43,2.04,2.83,3.19
300,2012-03-12,0.05,2.22,0.09,0.15,0.18,0.33,0.47,0.92,1.43,2.04,2.82,3.17
301,2012-03-13,0.06,2.22,0.08,0.15,0.2,0.35,0.51,0.99,1.52,2.14,2.92,3.26
302,2012-03-14,0.08,2.22,0.09,0.15,0.21,0.4,0.6,1.13,1.69,2.29,3.08,3.43
303,2012-03-15,0.08,2.22,0.08,0.15,0.21,0.37,0.56,1.11,1.67,2.29,3.08,3.41
304,2012-03-16,0.07,2.22,0.09,0.15,0.21,0.37,0.57,1.13,1.7,2.31,3.08,3.41
305,2012-03-19,0.07,2.22,0.1,0.15,0.21,0.39,0.6,1.2,1.77,2.39,3.14,3.48
306,2012-03-20,0.08,2.22,0.1,0.15,0.22,0.41,0.62,1.22,1.78,2.38,3.13,3.46
307,2012-03-21,0.09,2.22,0.09,0.15,0.21,0.39,0.58,1.15,1.71,2.31,3.06,3.38
308,2012-03-22,0.06,2.22,0.08,0.14,0.19,0.37,0.56,1.13,1.69,2.29,3.04,3.37
309,2012-03-23,0.06,2.22,0.08,0.14,0.19,0.37,0.55,1.1,1.66,2.25,2.99,3.31
310,2012-03-26,0.06,2.22,0.09,0.15,0.19,0.36,0.54,1.09,1.65,2.26,3.0,3.33
311,2012-03-27,0.07,2.22,0.09,0.14,0.18,0.33,0.5,1.04,1.59,2.2,2.96,3.29
312,2012-03-28,0.05,2.22,0.09,0.14,0.18,0.34,0.51,1.05,1.6,2.21,2.97,3.31
313,2012-03-29,0.02,2.22,0.07,0.14,0.18,0.33,0.5,1.01,1.57,2.18,2.93,3.27
314,2012-03-30,0.05,2.22,0.07,0.15,0.19,0.33,0.51,1.04,1.61,2.23,3.0,3.35
315,2012-04-02,0.05,2.22,0.08,0.14,0.18,0.33,0.5,1.03,1.6,2.22,3.0,3.35
316,2012-04-03,0.07,2.22,0.08,0.15,0.2,0.36,0.56,1.1,1.68,2.3,3.07,3.41
317,2012-04-04,0.08,2.22,0.08,0.14,0.19,0.35,0.53,1.05,1.62,2.25,3.02,3.37
318,2012-04-05,0.07,2.22,0.08,0.14,0.19,0.35,0.5,1.01,1.56,2.19,2.97,3.32
319,2012-04-09,0.07,2.22,0.09,0.15,0.19,0.32,0.46,0.9,1.42,2.06,2.82,3.18
320,2012-04-10,0.08,2.22,0.09,0.15,0.19,0.28,0.42,0.85,1.37,2.01,2.77,3.13
321,2012-04-11,0.08,2.22,0.09,0.14,0.18,0.3,0.43,0.89,1.41,2.05,2.82,3.18
322,2012-04-12,0.08,2.22,0.09,0.14,0.18,0.29,0.43,0.9,1.44,2.08,2.85,3.22
323,2012-04-13,0.07,2.22,0.09,0.13,0.17,0.27,0.41,0.86,1.39,2.02,2.77,3.14
324,2012-04-16,0.07,2.22,0.08,0.14,0.18,0.27,0.42,0.85,1.37,2.0,2.75,3.12
325,2012-04-17,0.07,2.22,0.08,0.13,0.18,0.27,0.42,0.88,1.4,2.03,2.79,3.15
326,2012-04-18,0.05,2.22,0.07,0.13,0.18,0.27,0.4,0.86,1.38,2.0,2.76,3.13
327,2012-04-19,0.04,2.22,0.07,0.12,0.17,0.27,0.4,0.84,1.37,1.98,2.74,3.12
328,2012-04-20,0.04,2.22,0.08,0.13,0.18,0.29,0.4,0.86,1.38,1.99,2.75,3.12
329,2012-04-23,0.04,2.22,0.08,0.13,0.17,0.27,0.39,0.83,1.34,1.96,2.71,3.08
330,2012-04-24,0.07,2.22,0.09,0.14,0.18,0.27,0.4,0.86,1.37,2.0,2.75,3.12
331,2012-04-25,0.08,2.22,0.09,0.14,0.18,0.26,0.39,0.86,1.38,2.01,2.76,3.15
332,2012-04-26,0.09,2.22,0.09,0.15,0.18,0.26,0.39,0.83,1.36,1.98,2.74,3.13
333,2012-04-27,0.07,2.22,0.09,0.14,0.19,0.26,0.39,0.82,1.34,1.96,2.73,3.12
334,2012-04-30,0.07,2.22,0.1,0.15,0.2,0.27,0.38,0.82,1.33,1.95,2.73,3.12
335,2012-05-01,0.07,2.22,0.09,0.15,0.19,0.27,0.39,0.84,1.35,1.98,2.76,3.16
336,2012-05-02,0.06,2.22,0.08,0.15,0.18,0.27,0.39,0.82,1.33,1.96,2.72,3.11
337,2012-05-03,0.05,2.22,0.09,0.15,0.19,0.28,0.4,0.82,1.34,1.96,2.72,3.12
338,2012-05-04,0.05,2.22,0.07,0.14,0.18,0.27,0.37,0.78,1.28,1.91,2.67,3.07
339,2012-05-07,0.06,2.22,0.1,0.15,0.18,0.27,0.37,0.79,1.29,1.92,2.67,3.07
340,2012-05-08,0.08,2.22,0.09,0.15,0.18,0.27,0.36,0.77,1.26,1.88,2.63,3.03
341,2012-05-09,0.07,2.22,0.09,0.15,0.18,0.27,0.36,0.77,1.26,1.87,2.63,3.03
342,2012-05-10,0.08,2.22,0.1,0.15,0.18,0.27,0.37,0.79,1.28,1.89,2.64,3.07
343,2012-05-11,0.07,2.22,0.1,0.15,0.18,0.27,0.36,0.75,1.24,1.84,2.59,3.02
344,2012-05-14,0.07,2.22,0.1,0.15,0.19,0.29,0.37,0.73,1.2,1.78,2.53,2.95
345,2012-05-15,0.08,2.22,0.09,0.15,0.19,0.29,0.38,0.74,1.19,1.76,2.5,2.91
346,2012-05-16,0.08,2.22,0.1,0.15,0.2,0.3,0.4,0.75,1.19,1.76,2.48,2.9
347,2012-05-17,0.08,2.22,0.1,0.16,0.2,0.32,0.4,0.74,1.16,1.7,2.39,2.8
348,2012-05-18,0.06,2.22,0.08,0.15,0.2,0.32,0.42,0.75,1.16,1.71,2.4,2.8
349,2012-05-21,0.06,2.22,0.09,0.14,0.21,0.3,0.41,0.75,1.18,1.75,2.42,2.8
350,2012-05-22,0.07,2.22,0.09,0.14,0.21,0.3,0.41,0.78,1.2,1.79,2.48,2.88
351,2012-05-23,0.07,2.22,0.09,0.13,0.2,0.28,0.4,0.74,1.15,1.73,2.41,2.81
352,2012-05-24,0.08,2.22,0.1,0.14,0.21,0.29,0.42,0.77,1.2,1.77,2.46,2.86
353,2012-05-25,0.07,2.22,0.09,0.14,0.2,0.3,0.41,0.76,1.17,1.75,2.44,2.85
354,2012-05-29,0.06,2.22,0.09,0.14,0.2,0.3,0.42,0.76,1.17,1.74,2.44,2.85
355,2012-05-30,0.05,2.22,0.07,0.13,0.19,0.27,0.38,0.69,1.06,1.63,2.32,2.72
356,2012-05-31,0.03,2.22,0.07,0.14,0.18,0.27,0.35,0.67,1.03,1.59,2.27,2.67
357,2012-06-01,0.03,2.22,0.07,0.12,0.17,0.25,0.34,0.62,0.93,1.47,2.13,2.53
358,2012-06-04,0.04,2.22,0.08,0.13,0.18,0.25,0.35,0.68,1.01,1.53,2.17,2.56
359,2012-06-05,0.05,2.22,0.08,0.14,0.18,0.25,0.34,0.68,1.04,1.57,2.23,2.63
360,2012-06-06,0.05,2.22,0.09,0.13,0.18,0.26,0.37,0.73,1.11,1.66,2.34,2.73
361,2012-06-07,0.04,2.22,0.09,0.14,0.18,0.27,0.37,0.72,1.1,1.66,2.35,2.75
362,2012-06-08,0.04,2.22,0.09,0.14,0.19,0.28,0.39,0.71,1.09,1.65,2.36,2.77
363,2012-06-11,0.05,2.22,0.09,0.15,0.18,0.27,0.37,0.69,1.05,1.6,2.3,2.71
364,2012-06-12,0.06,2.22,0.1,0.15,0.19,0.3,0.41,0.75,1.12,1.67,2.37,2.77
365,2012-06-13,0.07,2.22,0.1,0.15,0.18,0.3,0.4,0.71,1.06,1.61,2.3,2.7
366,2012-06-14,0.08,2.22,0.11,0.15,0.18,0.3,0.41,0.73,1.1,1.64,2.33,2.73
367,2012-06-15,0.05,2.22,0.09,0.15,0.18,0.29,0.37,0.68,1.06,1.6,2.3,2.7
368,2012-06-18,0.06,2.22,0.1,0.15,0.18,0.29,0.38,0.69,1.06,1.59,2.28,2.67
369,2012-06-19,0.06,2.22,0.09,0.14,0.18,0.3,0.39,0.71,1.09,1.64,2.33,2.73
370,2012-06-20,0.06,2.22,0.09,0.16,0.2,0.32,0.41,0.74,1.12,1.65,2.34,2.72
371,2012-06-21,0.05,2.22,0.09,0.15,0.19,0.32,0.41,0.73,1.1,1.63,2.3,2.68
372,2012-06-22,0.05,2.22,0.09,0.15,0.19,0.31,0.42,0.76,1.15,1.69,2.37,2.75
373,2012-06-25,0.06,2.22,0.1,0.16,0.19,0.31,0.39,0.72,1.1,1.63,2.31,2.69
374,2012-06-26,0.07,2.22,0.1,0.15,0.21,0.31,0.42,0.75,1.12,1.66,2.34,2.71
375,2012-06-27,0.06,2.22,0.09,0.17,0.21,0.31,0.42,0.73,1.1,1.65,2.32,2.7
376,2012-06-28,0.02,2.22,0.09,0.17,0.22,0.31,0.4,0.69,1.06,1.6,2.28,2.67
377,2012-06-29,0.04,2.22,0.09,0.16,0.21,0.33,0.41,0.72,1.11,1.67,2.38,2.76
378,2012-07-02,0.06,2.22,0.1,0.15,0.21,0.3,0.39,0.67,1.04,1.61,2.3,2.69
379,2012-07-03,0.08,2.22,0.09,0.15,0.21,0.3,0.39,0.69,1.08,1.65,2.36,2.74
380,2012-07-05,0.07,2.22,0.08,0.15,0.19,0.28,0.39,0.68,1.05,1.62,2.34,2.72
381,2012-07-06,0.06,2.22,0.08,0.15,0.2,0.27,0.37,0.64,1.01,1.57,2.28,2.66
382,2012-07-09,0.06,2.22,0.09,0.14,0.2,0.27,0.36,0.63,0.98,1.53,2.24,2.62
383,2012-07-10,0.07,2.22,0.09,0.15,0.2,0.27,0.37,0.63,0.98,1.53,2.22,2.6
384,2012-07-11,0.07,2.22,0.1,0.15,0.2,0.27,0.36,0.64,0.99,1.54,2.22,2.6
385,2012-07-12,0.08,2.22,0.1,0.15,0.2,0.25,0.35,0.63,0.98,1.5,2.18,2.57
386,2012-07-13,0.08,2.22,0.1,0.15,0.2,0.25,0.34,0.63,0.99,1.52,2.2,2.58
387,2012-07-16,0.04,2.22,0.1,0.14,0.18,0.24,0.31,0.6,0.97,1.5,2.18,2.56
388,2012-07-17,0.08,2.22,0.1,0.14,0.18,0.25,0.32,0.62,0.99,1.53,2.22,2.59
389,2012-07-18,0.07,2.22,0.09,0.14,0.18,0.22,0.3,0.6,0.97,1.52,2.21,2.59
390,2012-07-19,0.06,2.22,0.09,0.14,0.17,0.22,0.31,0.62,0.99,1.54,2.24,2.61
391,2012-07-20,0.07,2.22,0.09,0.14,0.17,0.22,0.29,0.59,0.95,1.49,2.17,2.55
392,2012-07-23,0.07,2.22,0.1,0.14,0.17,0.22,0.28,0.57,0.93,1.47,2.15,2.52
393,2012-07-24,0.08,2.22,0.1,0.15,0.18,0.22,0.28,0.57,0.91,1.44,2.11,2.47
394,2012-07-25,0.08,2.22,0.1,0.14,0.17,0.22,0.28,0.56,0.91,1.43,2.11,2.46
395,2012-07-26,0.08,2.22,0.11,0.15,0.18,0.23,0.31,0.58,0.94,1.45,2.13,2.49
396,2012-07-27,0.07,2.22,0.11,0.15,0.17,0.25,0.34,0.65,1.04,1.58,2.27,2.63
397,2012-07-30,0.06,2.22,0.11,0.15,0.18,0.23,0.31,0.61,0.99,1.53,2.22,2.58
398,2012-07-31,0.07,2.22,0.11,0.14,0.16,0.23,0.3,0.6,0.98,1.51,2.21,2.56
399,2012-08-01,0.07,2.22,0.1,0.14,0.17,0.24,0.32,0.63,1.03,1.56,2.25,2.6
400,2012-08-02,0.04,2.22,0.09,0.14,0.17,0.24,0.31,0.61,0.98,1.51,2.2,2.55
401,2012-08-03,0.03,2.22,0.09,0.14,0.16,0.24,0.33,0.67,1.07,1.6,2.3,2.65
402,2012-08-06,0.05,2.22,0.1,0.14,0.16,0.24,0.33,0.65,1.05,1.59,2.29,2.65
403,2012-08-07,0.09,2.22,0.11,0.14,0.19,0.27,0.37,0.71,1.13,1.66,2.37,2.72
404,2012-08-08,0.09,2.22,0.11,0.14,0.19,0.29,0.38,0.73,1.14,1.68,2.39,2.75
405,2012-08-09,0.1,2.22,0.11,0.15,0.2,0.29,0.38,0.74,1.15,1.69,2.4,2.78
406,2012-08-10,0.1,2.22,0.1,0.14,0.18,0.27,0.36,0.71,1.11,1.65,2.37,2.74
407,2012-08-13,0.1,2.22,0.11,0.15,0.19,0.27,0.36,0.71,1.12,1.65,2.37,2.74
408,2012-08-14,0.11,2.22,0.11,0.15,0.19,0.27,0.39,0.75,1.18,1.73,2.45,2.82
409,2012-08-15,0.11,2.22,0.09,0.14,0.19,0.27,0.42,0.8,1.25,1.8,2.53,2.9
410,2012-08-16,0.1,2.22,0.09,0.14,0.2,0.29,0.42,0.83,1.28,1.83,2.57,2.96
411,2012-08-17,0.09,2.22,0.09,0.14,0.2,0.29,0.42,0.81,1.27,1.81,2.55,2.93
412,2012-08-20,0.09,2.22,0.11,0.14,0.19,0.29,0.41,0.8,1.26,1.82,2.55,2.93
413,2012-08-21,0.1,2.22,0.11,0.14,0.2,0.31,0.42,0.8,1.25,1.8,2.53,2.9
414,2012-08-22,0.1,2.22,0.11,0.13,0.19,0.26,0.37,0.71,1.16,1.71,2.44,2.82
415,2012-08-23,0.1,2.22,0.11,0.13,0.19,0.26,0.36,0.71,1.13,1.68,2.41,2.79
416,2012-08-24,0.1,2.22,0.1,0.13,0.19,0.28,0.37,0.72,1.14,1.68,2.41,2.79
417,2012-08-27,0.1,2.22,0.11,0.14,0.18,0.28,0.37,0.7,1.11,1.65,2.38,2.76
418,2012-08-28,0.12,2.22,0.1,0.15,0.18,0.27,0.36,0.69,1.1,1.64,2.36,2.75
419,2012-08-29,0.12,2.22,0.12,0.14,0.18,0.27,0.36,0.69,1.11,1.66,2.38,2.77
420,2012-08-30,0.12,2.22,0.1,0.14,0.17,0.27,0.35,0.66,1.08,1.63,2.36,2.75
421,2012-08-31,0.09,2.22,0.09,0.14,0.16,0.22,0.3,0.59,1.01,1.57,2.29,2.68
422,2012-09-04,0.1,2.22,0.1,0.14,0.16,0.23,0.31,0.62,1.03,1.59,2.3,2.69
423,2012-09-05,0.11,2.22,0.11,0.14,0.17,0.25,0.32,0.62,1.04,1.6,2.32,2.7
424,2012-09-06,0.1,2.22,0.11,0.14,0.18,0.27,0.34,0.68,1.12,1.68,2.41,2.8
425,2012-09-07,0.09,2.22,0.11,0.14,0.18,0.25,0.33,0.64,1.09,1.67,2.42,2.81
426,2012-09-10,0.09,2.22,0.1,0.14,0.18,0.25,0.33,0.66,1.1,1.68,2.43,2.83
427,2012-09-11,0.09,2.22,0.1,0.14,0.18,0.25,0.33,0.67,1.12,1.7,2.44,2.84
428,2012-09-12,0.09,2.22,0.1,0.13,0.18,0.25,0.33,0.7,1.17,1.77,2.52,2.92
429,2012-09-13,0.1,2.22,0.1,0.13,0.17,0.24,0.32,0.65,1.12,1.75,2.53,2.95
430,2012-09-14,0.08,2.22,0.11,0.13,0.18,0.27,0.35,0.72,1.23,1.88,2.68,3.09
431,2012-09-17,0.06,2.22,0.11,0.13,0.18,0.25,0.36,0.73,1.22,1.85,2.64,3.03
432,2012-09-18,0.08,2.22,0.1,0.13,0.18,0.25,0.35,0.71,1.19,1.82,2.61,3.0
433,2012-09-19,0.08,2.22,0.11,0.14,0.18,0.27,0.35,0.7,1.18,1.79,2.58,2.97
434,2012-09-20,0.06,2.22,0.11,0.14,0.18,0.27,0.36,0.7,1.18,1.8,2.58,2.96
435,2012-09-21,0.05,2.22,0.11,0.14,0.18,0.27,0.36,0.68,1.14,1.77,2.57,2.95
436,2012-09-24,0.03,2.22,0.11,0.14,0.18,0.27,0.35,0.68,1.12,1.74,2.53,2.91
437,2012-09-25,0.06,2.22,0.11,0.15,0.18,0.27,0.35,0.66,1.08,1.7,2.47,2.86
438,2012-09-26,0.05,2.22,0.11,0.13,0.17,0.26,0.34,0.63,1.03,1.64,2.4,2.79
439,2012-09-27,0.05,2.22,0.09,0.14,0.16,0.25,0.34,0.64,1.05,1.66,2.43,2.83
440,2012-09-28,0.06,2.22,0.1,0.14,0.17,0.23,0.31,0.62,1.04,1.65,2.42,2.82
441,2012-10-01,0.05,2.22,0.09,0.14,0.17,0.25,0.31,0.62,1.04,1.64,2.41,2.81
442,2012-10-02,0.09,2.22,0.09,0.14,0.16,0.23,0.31,0.61,1.03,1.64,2.41,2.81
443,2012-10-03,0.09,2.22,0.09,0.14,0.16,0.23,0.31,0.61,1.02,1.64,2.42,2.82
444,2012-10-04,0.1,2.22,0.1,0.14,0.18,0.23,0.32,0.63,1.07,1.7,2.48,2.89
445,2012-10-05,0.1,2.22,0.11,0.15,0.18,0.27,0.34,0.67,1.12,1.75,2.55,2.96
446,2012-10-08,0.1,2.22,0.11,0.15,0.18,0.27,0.34,0.67,1.12,1.75,2.55,2.96
447,2012-10-09,0.11,2.22,0.1,0.15,0.18,0.25,0.35,0.67,1.11,1.74,2.52,2.93
448,2012-10-10,0.12,2.22,0.1,0.15,0.18,0.27,0.35,0.66,1.09,1.72,2.48,2.89
449,2012-10-11,0.12,2.22,0.1,0.14,0.18,0.28,0.34,0.67,1.09,1.7,2.45,2.86
450,2012-10-12,0.12,2.22,0.11,0.15,0.18,0.27,0.34,0.67,1.09,1.69,2.44,2.83
451,2012-10-15,0.1,2.22,0.11,0.15,0.19,0.27,0.34,0.67,1.09,1.7,2.45,2.85
452,2012-10-16,0.13,2.22,0.09,0.15,0.18,0.27,0.36,0.7,1.15,1.75,2.51,2.91
453,2012-10-17,0.13,2.22,0.11,0.15,0.18,0.3,0.41,0.78,1.24,1.83,2.6,2.98
454,2012-10-18,0.12,2.22,0.1,0.15,0.18,0.29,0.41,0.79,1.26,1.86,2.63,3.02
455,2012-10-19,0.11,2.22,0.1,0.14,0.18,0.3,0.41,0.77,1.21,1.79,2.55,2.94
456,2012-10-22,0.1,2.22,0.1,0.15,0.19,0.32,0.42,0.79,1.25,1.83,2.57,2.95
457,2012-10-23,0.11,2.22,0.11,0.15,0.18,0.29,0.41,0.77,1.21,1.79,2.53,2.91
458,2012-10-24,0.13,2.22,0.11,0.16,0.18,0.29,0.4,0.76,1.21,1.8,2.55,2.93
459,2012-10-25,0.13,2.22,0.11,0.16,0.19,0.31,0.43,0.82,1.28,1.86,2.6,2.98
460,2012-10-26,0.12,2.22,0.12,0.15,0.19,0.3,0.41,0.76,1.2,1.78,2.53,2.92
461,2012-10-30,0.13,2.22,0.14,0.16,0.18,0.3,0.4,0.74,1.16,1.74,2.48,2.87
462,2012-10-31,0.09,2.22,0.11,0.16,0.18,0.3,0.38,0.72,1.14,1.72,2.46,2.85
463,2012-11-01,0.06,2.22,0.09,0.15,0.18,0.3,0.38,0.73,1.16,1.75,2.5,2.89
464,2012-11-02,0.08,2.22,0.09,0.15,0.19,0.28,0.38,0.73,1.16,1.75,2.51,2.91
465,2012-11-05,0.09,2.22,0.11,0.15,0.19,0.28,0.38,0.7,1.13,1.72,2.47,2.88
466,2012-11-06,0.12,2.22,0.1,0.15,0.19,0.3,0.41,0.75,1.19,1.78,2.52,2.92
467,2012-11-07,0.12,2.22,0.1,0.14,0.18,0.27,0.36,0.67,1.08,1.68,2.42,2.83
468,2012-11-08,0.13,2.22,0.1,0.15,0.2,0.27,0.35,0.65,1.04,1.62,2.35,2.77
469,2012-11-09,0.13,2.22,0.09,0.15,0.18,0.27,0.35,0.65,1.04,1.61,2.34,2.75
470,2012-11-12,0.13,2.22,0.09,0.15,0.18,0.27,0.35,0.65,1.04,1.61,2.34,2.75
471,2012-11-13,0.12,2.22,0.11,0.15,0.18,0.27,0.33,0.63,1.02,1.59,2.31,2.72
472,2012-11-14,0.15,2.22,0.1,0.15,0.18,0.25,0.33,0.63,1.03,1.59,2.31,2.73
473,2012-11-15,0.13,2.22,0.08,0.14,0.17,0.24,0.32,0.62,1.02,1.58,2.3,2.72
474,2012-11-16,0.07,2.22,0.06,0.13,0.16,0.24,0.32,0.62,1.01,1.58,2.31,2.73
475,2012-11-19,0.06,2.22,0.09,0.14,0.16,0.25,0.33,0.64,1.04,1.61,2.34,2.76
476,2012-11-20,0.15,2.22,0.08,0.14,0.16,0.27,0.36,0.67,1.09,1.66,2.4,2.82
477,2012-11-21,0.17,2.22,0.1,0.14,0.17,0.27,0.37,0.69,1.11,1.69,2.42,2.83
478,2012-11-23,0.16,2.22,0.1,0.14,0.19,0.29,0.37,0.7,1.12,1.7,2.42,2.83
479,2012-11-26,0.14,2.22,0.1,0.15,0.17,0.27,0.36,0.68,1.09,1.66,2.39,2.8
480,2012-11-27,0.17,2.22,0.1,0.15,0.18,0.27,0.36,0.66,1.07,1.64,2.38,2.79
481,2012-11-28,0.17,2.22,0.1,0.14,0.18,0.27,0.35,0.64,1.05,1.63,2.36,2.79
482,2012-11-29,0.16,2.22,0.09,0.15,0.18,0.25,0.35,0.63,1.04,1.62,2.37,2.79
483,2012-11-30,0.11,2.22,0.08,0.13,0.18,0.25,0.34,0.61,1.04,1.62,2.37,2.81
484,2012-12-03,0.13,2.22,0.1,0.14,0.18,0.25,0.34,0.63,1.05,1.63,2.37,2.8
485,2012-12-04,0.07,2.22,0.1,0.15,0.18,0.25,0.34,0.63,1.04,1.62,2.36,2.78
486,2012-12-05,0.07,2.22,0.1,0.14,0.18,0.25,0.32,0.61,1.02,1.6,2.35,2.78
487,2012-12-06,0.07,2.22,0.1,0.14,0.18,0.25,0.32,0.6,1.0,1.59,2.33,2.76
488,2012-12-07,0.06,2.22,0.09,0.14,0.18,0.25,0.33,0.63,1.04,1.64,2.39,2.81
489,2012-12-10,0.05,2.22,0.09,0.14,0.18,0.24,0.33,0.62,1.04,1.63,2.38,2.8
490,2012-12-11,0.04,2.22,0.08,0.13,0.16,0.24,0.32,0.64,1.06,1.66,2.41,2.83
491,2012-12-12,0.04,2.22,0.07,0.1,0.14,0.25,0.32,0.66,1.11,1.72,2.48,2.9
492,2012-12-13,0.02,2.22,0.06,0.11,0.14,0.27,0.34,0.7,1.15,1.74,2.49,2.9
493,2012-12-14,0.01,2.22,0.04,0.09,0.13,0.24,0.34,0.7,1.15,1.72,2.46,2.87
494,2012-12-17,0.01,2.22,0.05,0.1,0.13,0.25,0.37,0.74,1.2,1.78,2.53,2.94
495,2012-12-18,0.04,2.22,0.06,0.12,0.16,0.28,0.39,0.78,1.25,1.84,2.59,3.0
496,2012-12-19,0.03,2.22,0.05,0.1,0.15,0.28,0.39,0.77,1.24,1.82,2.58,2.99
497,2012-12-20,0.02,2.22,0.06,0.1,0.15,0.28,0.39,0.77,1.24,1.81,2.57,2.98
498,2012-12-21,0.02,2.22,0.06,0.12,0.15,0.26,0.38,0.75,1.2,1.77,2.52,2.93
499,2012-12-24,0.03,2.22,0.06,0.11,0.16,0.26,0.38,0.77,1.22,1.79,2.53,2.94
500,2012-12-26,0.05,2.22,0.09,0.13,0.16,0.26,0.39,0.76,1.2,1.77,2.52,2.94
501,2012-12-27,0.01,2.22,0.08,0.12,0.15,0.26,0.37,0.72,1.15,1.74,2.48,2.89
502,2012-12-28,0.0,2.22,0.01,0.1,0.15,0.27,0.36,0.72,1.15,1.73,2.47,2.88
503,2012-12-31,0.02,2.22,0.05,0.11,0.16,0.25,0.36,0.72,1.18,1.78,2.54,2.95
504,2013-01-02,0.07,2.22,0.08,0.12,0.15,0.27,0.37,0.76,1.25,1.86,2.63,3.04
505,2013-01-03,0.06,2.22,0.08,0.12,0.15,0.27,0.4,0.81,1.31,1.92,2.7,3.12
506,2013-01-04,0.06,2.22,0.07,0.11,0.15,0.27,0.41,0.82,1.32,1.93,2.7,3.1
507,2013-01-07,0.05,2.22,0.07,0.11,0.15,0.27,0.41,0.82,1.31,1.92,2.7,3.1
508,2013-01-08,0.06,2.22,0.07,0.11,0.14,0.25,0.38,0.79,1.28,1.89,2.66,3.06
509,2013-01-09,0.04,2.22,0.06,0.09,0.13,0.24,0.37,0.77,1.27,1.88,2.65,3.06
510,2013-01-10,0.05,2.22,0.06,0.1,0.14,0.26,0.37,0.8,1.3,1.91,2.68,3.08
511,2013-01-11,0.04,2.22,0.07,0.1,0.14,0.26,0.37,0.78,1.28,1.89,2.65,3.05
512,2013-01-14,0.05,2.22,0.08,0.11,0.14,0.26,0.37,0.78,1.27,1.89,2.65,3.05
513,2013-01-15,0.09,2.22,0.09,0.11,0.14,0.26,0.36,0.75,1.24,1.86,2.62,3.02
514,2013-01-16,0.07,2.22,0.08,0.11,0.14,0.26,0.36,0.75,1.23,1.84,2.61,3.01
515,2013-01-17,0.05,2.22,0.07,0.11,0.14,0.28,0.39,0.79,1.29,1.89,2.66,3.06
516,2013-01-18,0.04,2.22,0.08,0.1,0.14,0.26,0.38,0.77,1.26,1.87,2.63,3.03
517,2013-01-21,0.04,2.22,0.08,0.1,0.14,0.26,0.38,0.77,1.26,1.87,2.63,3.03
518,2013-01-22,0.04,2.22,0.08,0.1,0.14,0.26,0.38,0.76,1.25,1.86,2.62,3.02
519,2013-01-23,0.06,2.22,0.08,0.1,0.15,0.26,0.37,0.76,1.24,1.86,2.62,3.02
520,2013-01-24,0.06,2.22,0.08,0.1,0.15,0.23,0.37,0.78,1.26,1.88,2.64,3.04
521,2013-01-25,0.06,2.22,0.08,0.11,0.15,0.28,0.42,0.87,1.36,1.98,2.75,3.14
522,2013-01-28,0.03,2.22,0.07,0.11,0.16,0.29,0.45,0.89,1.38,2.0,2.76,3.15
523,2013-01-29,0.03,2.22,0.07,0.11,0.15,0.3,0.43,0.9,1.4,2.03,2.79,3.18
524,2013-01-30,0.04,2.22,0.07,0.11,0.15,0.27,0.42,0.88,1.39,2.03,2.8,3.19
525,2013-01-31,0.04,2.22,0.07,0.12,0.15,0.27,0.42,0.88,1.38,2.02,2.79,3.17
526,2013-02-01,0.02,2.22,0.06,0.11,0.15,0.27,0.4,0.88,1.4,2.04,2.83,3.21
527,2013-02-04,0.03,2.22,0.07,0.11,0.15,0.25,0.38,0.85,1.36,2.0,2.79,3.17
528,2013-02-05,0.06,2.22,0.07,0.11,0.15,0.27,0.41,0.88,1.39,2.04,2.83,3.21
529,2013-02-06,0.06,2.22,0.07,0.12,0.15,0.27,0.39,0.84,1.35,2.0,2.79,3.18
530,2013-02-07,0.03,2.22,0.07,0.11,0.15,0.25,0.39,0.83,1.34,1.99,2.78,3.17
531,2013-02-08,0.03,2.22,0.07,0.11,0.14,0.25,0.39,0.84,1.34,1.99,2.79,3.17
532,2013-02-11,0.05,2.22,0.09,0.12,0.15,0.27,0.4,0.85,1.35,1.99,2.78,3.16
533,2013-02-12,0.08,2.22,0.09,0.12,0.14,0.29,0.41,0.88,1.38,2.02,2.81,3.19
534,2013-02-13,0.09,2.22,0.1,0.12,0.15,0.29,0.44,0.92,1.43,2.05,2.86,3.23
535,2013-02-14,0.1,2.22,0.11,0.13,0.16,0.27,0.42,0.86,1.37,2.0,2.79,3.17
536,2013-02-15,0.09,2.22,0.1,0.13,0.17,0.29,0.42,0.87,1.38,2.01,2.8,3.18
537,2013-02-18,0.09,2.22,0.1,0.13,0.17,0.29,0.42,0.87,1.38,2.01,2.8,3.18
538,2013-02-19,0.09,2.22,0.12,0.13,0.17,0.29,0.44,0.89,1.41,2.03,2.83,3.21
539,2013-02-20,0.12,2.22,0.12,0.13,0.17,0.27,0.42,0.88,1.38,2.02,2.82,3.2
540,2013-02-21,0.12,2.22,0.13,0.13,0.16,0.26,0.4,0.86,1.36,1.99,2.79,3.17
541,2013-02-22,0.11,2.22,0.13,0.14,0.16,0.27,0.4,0.84,1.34,1.97,2.77,3.15
542,2013-02-25,0.09,2.22,0.12,0.14,0.16,0.25,0.37,0.78,1.25,1.88,2.69,3.08
543,2013-02-26,0.11,2.22,0.14,0.14,0.17,0.25,0.37,0.78,1.25,1.88,2.69,3.08
544,2013-02-27,0.11,2.22,0.11,0.13,0.17,0.27,0.36,0.78,1.28,1.91,2.72,3.11
545,2013-02-28,0.07,2.22,0.11,0.13,0.17,0.25,0.36,0.77,1.26,1.89,2.71,3.1
546,2013-03-01,0.07,2.22,0.11,0.12,0.16,0.25,0.35,0.75,1.23,1.86,2.68,3.06
547,2013-03-04,0.07,2.22,0.11,0.12,0.16,0.24,0.35,0.76,1.25,1.88,2.7,3.08
548,2013-03-05,0.09,2.22,0.08,0.12,0.15,0.25,0.36,0.77,1.27,1.9,2.72,3.1
549,2013-03-06,0.09,2.22,0.1,0.12,0.15,0.25,0.38,0.81,1.31,1.95,2.77,3.15
550,2013-03-07,0.1,2.22,0.1,0.11,0.15,0.25,0.4,0.85,1.36,2.0,2.82,3.2
551,2013-03-08,0.09,2.22,0.1,0.11,0.15,0.27,0.42,0.9,1.43,2.06,2.89,3.25
552,2013-03-11,0.09,2.22,0.1,0.12,0.15,0.27,0.43,0.9,1.43,2.07,2.89,3.26
553,2013-03-12,0.1,2.22,0.1,0.12,0.15,0.27,0.41,0.88,1.4,2.03,2.85,3.22
554,2013-03-13,0.09,2.22,0.09,0.12,0.15,0.27,0.42,0.89,1.41,2.04,2.85,3.22
555,2013-03-14,0.08,2.22,0.1,0.12,0.15,0.27,0.42,0.88,1.4,2.04,2.87,3.25
556,2013-03-15,0.07,2.22,0.09,0.11,0.14,0.25,0.4,0.84,1.35,2.01,2.85,3.22
557,2013-03-18,0.07,2.22,0.07,0.11,0.15,0.26,0.38,0.81,1.31,1.96,2.79,3.18
558,2013-03-19,0.08,2.22,0.07,0.11,0.15,0.24,0.37,0.79,1.28,1.92,2.75,3.13
559,2013-03-20,0.08,2.22,0.07,0.11,0.15,0.26,0.38,0.81,1.32,1.96,2.8,3.19
560,2013-03-21,0.08,2.22,0.07,0.11,0.14,0.27,0.38,0.81,1.3,1.95,2.77,3.15
561,2013-03-22,0.07,2.22,0.07,0.11,0.14,0.26,0.39,0.8,1.29,1.93,2.75,3.13
562,2013-03-25,0.06,2.22,0.08,0.11,0.14,0.24,0.38,0.8,1.28,1.93,2.76,3.14
563,2013-03-26,0.08,2.22,0.07,0.11,0.14,0.25,0.38,0.79,1.27,1.92,2.75,3.13
564,2013-03-27,0.06,2.22,0.09,0.12,0.14,0.25,0.36,0.76,1.22,1.87,2.71,3.09
565,2013-03-28,0.04,2.22,0.07,0.11,0.14,0.25,0.36,0.77,1.24,1.87,2.71,3.1
566,2013-03-29,0.04,2.22,0.07,0.11,0.14,0.25,0.36,0.77,1.24,1.87,2.71,3.1
567,2013-04-01,0.06,2.22,0.08,0.11,0.14,0.23,0.36,0.76,1.23,1.86,2.7,3.08
568,2013-04-02,0.06,2.22,0.07,0.11,0.14,0.25,0.36,0.78,1.26,1.88,2.72,3.1
569,2013-04-03,0.06,2.22,0.06,0.1,0.13,0.24,0.34,0.73,1.2,1.83,2.66,3.05
570,2013-04-04,0.07,2.22,0.07,0.1,0.13,0.22,0.33,0.69,1.15,1.78,2.6,2.99
571,2013-04-05,0.05,2.22,0.07,0.1,0.13,0.24,0.33,0.68,1.12,1.72,2.5,2.87
572,2013-04-08,0.05,2.22,0.07,0.1,0.13,0.24,0.34,0.71,1.15,1.76,2.54,2.91
573,2013-04-09,0.06,2.22,0.06,0.1,0.13,0.24,0.34,0.7,1.16,1.78,2.57,2.94
574,2013-04-10,0.07,2.22,0.07,0.1,0.12,0.24,0.36,0.74,1.21,1.84,2.63,3.01
575,2013-04-11,0.06,2.22,0.07,0.1,0.12,0.24,0.35,0.74,1.2,1.82,2.62,3.01
576,2013-04-12,0.05,2.22,0.06,0.09,0.11,0.22,0.33,0.7,1.14,1.75,2.54,2.92
577,2013-04-15,0.04,2.22,0.06,0.09,0.12,0.22,0.32,0.69,1.12,1.72,2.5,2.88
578,2013-04-16,0.06,2.22,0.06,0.09,0.13,0.24,0.33,0.71,1.15,1.75,2.53,2.91
579,2013-04-17,0.05,2.22,0.06,0.09,0.13,0.24,0.35,0.71,1.13,1.73,2.51,2.89
580,2013-04-18,0.03,2.22,0.05,0.09,0.12,0.24,0.35,0.71,1.13,1.72,2.49,2.87
581,2013-04-19,0.04,2.22,0.05,0.09,0.12,0.24,0.35,0.72,1.14,1.73,2.5,2.88
582,2013-04-22,0.04,2.22,0.05,0.09,0.12,0.24,0.35,0.7,1.13,1.72,2.5,2.88
583,2013-04-23,0.04,2.22,0.05,0.09,0.12,0.23,0.35,0.71,1.14,1.74,2.52,2.9
584,2013-04-24,0.05,2.22,0.06,0.09,0.13,0.23,0.34,0.7,1.13,1.73,2.5,2.89
585,2013-04-25,0.04,2.22,0.05,0.08,0.12,0.23,0.35,0.71,1.15,1.74,2.52,2.91
586,2013-04-26,0.04,2.22,0.05,0.09,0.12,0.22,0.32,0.68,1.1,1.7,2.47,2.87
587,2013-04-29,0.03,2.22,0.05,0.08,0.12,0.2,0.32,0.68,1.1,1.7,2.49,2.88
588,2013-04-30,0.03,2.22,0.05,0.09,0.11,0.22,0.32,0.68,1.11,1.7,2.49,2.88
589,2013-05-01,0.03,2.22,0.06,0.08,0.11,0.2,0.3,0.65,1.07,1.66,2.44,2.83
590,2013-05-02,0.02,2.22,0.05,0.08,0.11,0.2,0.3,0.65,1.07,1.66,2.44,2.82
591,2013-05-03,0.02,2.22,0.05,0.08,0.11,0.22,0.34,0.73,1.17,1.78,2.58,2.96
592,2013-05-06,0.01,2.22,0.04,0.08,0.11,0.22,0.34,0.74,1.19,1.8,2.6,2.98
593,2013-05-07,0.01,2.22,0.04,0.08,0.1,0.22,0.35,0.75,1.21,1.82,2.62,3.0
594,2013-05-08,0.01,2.22,0.04,0.08,0.11,0.22,0.35,0.75,1.2,1.81,2.61,2.99
595,2013-05-09,0.02,2.22,0.04,0.08,0.11,0.22,0.35,0.75,1.2,1.81,2.6,3.01
596,2013-05-10,0.02,2.22,0.04,0.08,0.11,0.26,0.38,0.82,1.28,1.9,2.7,3.1
597,2013-05-13,0.02,2.22,0.05,0.08,0.13,0.24,0.4,0.83,1.3,1.92,2.73,3.13
598,2013-05-14,0.01,2.22,0.05,0.09,0.12,0.26,0.41,0.85,1.33,1.96,2.77,3.17
599,2013-05-15,0.01,2.22,0.04,0.09,0.12,0.26,0.4,0.84,1.32,1.94,2.76,3.16
600,2013-05-16,0.0,2.22,0.03,0.08,0.12,0.23,0.37,0.79,1.25,1.87,2.69,3.09
601,2013-05-17,0.01,2.22,0.04,0.08,0.12,0.26,0.4,0.84,1.32,1.95,2.77,3.17
602,2013-05-20,0.01,2.22,0.05,0.09,0.12,0.26,0.4,0.85,1.33,1.97,2.79,3.18
603,2013-05-21,0.04,2.22,0.04,0.09,0.12,0.26,0.39,0.84,1.31,1.94,2.75,3.14
604,2013-05-22,0.04,2.22,0.04,0.08,0.11,0.26,0.41,0.91,1.4,2.03,2.83,3.21
605,2013-05-23,0.03,2.22,0.05,0.08,0.12,0.26,0.42,0.91,1.4,2.02,2.82,3.2
606,2013-05-24,0.03,2.22,0.04,0.07,0.12,0.26,0.41,0.9,1.39,2.01,2.8,3.18
607,2013-05-28,0.02,2.22,0.05,0.09,0.13,0.29,0.49,1.02,1.53,2.15,2.95,3.31
608,2013-05-29,0.04,2.22,0.05,0.08,0.14,0.3,0.49,1.02,1.51,2.13,2.91,3.27
609,2013-05-30,0.02,2.22,0.04,0.07,0.13,0.31,0.49,1.01,1.51,2.13,2.92,3.28
610,2013-05-31,0.03,2.22,0.04,0.07,0.14,0.3,0.52,1.05,1.55,2.16,2.95,3.3
611,2013-06-03,0.03,2.22,0.05,0.08,0.14,0.3,0.5,1.03,1.53,2.13,2.92,3.27
612,2013-06-04,0.05,2.22,0.04,0.08,0.14,0.32,0.48,1.05,1.55,2.14,2.95,3.3
613,2013-06-05,0.04,2.22,0.05,0.08,0.14,0.3,0.48,1.02,1.52,2.1,2.9,3.25
614,2013-06-06,0.04,2.22,0.05,0.08,0.14,0.3,0.48,1.01,1.49,2.08,2.89,3.23
615,2013-06-07,0.04,2.22,0.04,0.07,0.14,0.32,0.52,1.1,1.59,2.17,2.98,3.33
616,2013-06-10,0.04,2.22,0.05,0.08,0.14,0.32,0.55,1.13,1.62,2.22,3.03,3.36
617,2013-06-11,0.05,2.22,0.05,0.08,0.14,0.34,0.57,1.12,1.61,2.2,3.0,3.33
618,2013-06-12,0.04,2.22,0.05,0.08,0.14,0.34,0.57,1.15,1.64,2.25,3.04,3.37
619,2013-06-13,0.04,2.22,0.05,0.08,0.14,0.32,0.55,1.11,1.6,2.19,2.99,3.33
620,2013-06-14,0.04,2.22,0.05,0.08,0.13,0.29,0.49,1.04,1.53,2.14,2.95,3.28
621,2013-06-17,0.05,2.22,0.05,0.08,0.13,0.27,0.49,1.06,1.57,2.19,3.01,3.35
622,2013-06-18,0.04,2.22,0.05,0.08,0.13,0.27,0.48,1.07,1.58,2.2,3.0,3.34
623,2013-06-19,0.04,2.22,0.05,0.08,0.13,0.31,0.58,1.24,1.76,2.33,3.09,3.41
624,2013-06-20,0.03,2.22,0.05,0.09,0.14,0.33,0.62,1.31,1.84,2.41,3.18,3.49
625,2013-06-21,0.02,2.22,0.05,0.09,0.13,0.38,0.7,1.42,1.95,2.52,3.26,3.56
626,2013-06-24,0.01,2.22,0.06,0.11,0.16,0.42,0.73,1.48,2.02,2.57,3.27,3.56
627,2013-06-25,0.03,2.22,0.06,0.11,0.17,0.43,0.74,1.49,2.03,2.6,3.31,3.6
628,2013-06-26,0.02,2.22,0.06,0.11,0.16,0.39,0.69,1.45,1.98,2.55,3.27,3.58
629,2013-06-27,0.02,2.22,0.06,0.11,0.15,0.36,0.66,1.38,1.91,2.49,3.22,3.54
630,2013-06-28,0.02,2.22,0.04,0.1,0.15,0.36,0.66,1.41,1.96,2.52,3.22,3.52
631,2013-07-01,0.01,2.22,0.04,0.09,0.15,0.34,0.65,1.39,1.93,2.5,3.19,3.48
632,2013-07-02,0.02,2.22,0.03,0.08,0.14,0.34,0.64,1.38,1.92,2.48,3.18,3.47
633,2013-07-03,0.03,2.22,0.05,0.08,0.14,0.36,0.67,1.42,1.97,2.52,3.22,3.49
634,2013-07-04,0.03,2.22,0.05,0.08,0.14,0.36,0.67,1.42,1.97,2.52,3.22,3.49
635,2013-07-05,0.03,2.22,0.04,0.08,0.15,0.4,0.77,1.6,2.19,2.73,3.41,3.68
636,2013-07-08,0.02,2.22,0.05,0.07,0.14,0.37,0.71,1.51,2.11,2.65,3.35,3.63
637,2013-07-09,0.04,2.22,0.04,0.08,0.14,0.37,0.71,1.5,2.08,2.65,3.36,3.64
638,2013-07-10,0.03,2.22,0.04,0.08,0.13,0.38,0.73,1.54,2.12,2.7,3.4,3.68
639,2013-07-11,0.02,2.22,0.04,0.07,0.13,0.34,0.65,1.4,1.99,2.6,3.33,3.64
640,2013-07-12,0.02,2.22,0.04,0.07,0.12,0.37,0.66,1.43,2.0,2.61,3.34,3.64
641,2013-07-15,0.02,2.22,0.04,0.07,0.11,0.34,0.66,1.4,1.97,2.57,3.3,3.61
642,2013-07-16,0.02,2.22,0.03,0.07,0.1,0.34,0.64,1.38,1.95,2.55,3.28,3.58
643,2013-07-17,0.02,2.22,0.03,0.08,0.11,0.32,0.6,1.33,1.91,2.52,3.27,3.57
644,2013-07-18,0.01,2.22,0.03,0.07,0.11,0.32,0.61,1.35,1.95,2.56,3.32,3.63
645,2013-07-19,0.01,2.22,0.03,0.07,0.11,0.32,0.59,1.31,1.9,2.5,3.25,3.56
646,2013-07-22,0.01,2.22,0.04,0.07,0.1,0.32,0.59,1.32,1.9,2.5,3.25,3.55
647,2013-07-23,0.02,2.22,0.02,0.07,0.12,0.33,0.6,1.33,1.92,2.53,3.27,3.58
648,2013-07-24,0.02,2.22,0.03,0.07,0.12,0.34,0.64,1.4,2.0,2.61,3.34,3.65
649,2013-07-25,0.02,2.22,0.02,0.06,0.12,0.32,0.62,1.38,2.0,2.61,3.34,3.65
650,2013-07-26,0.02,2.22,0.03,0.07,0.11,0.31,0.59,1.36,1.98,2.58,3.31,3.61
651,2013-07-29,0.01,2.22,0.03,0.07,0.11,0.33,0.61,1.37,2.0,2.61,3.35,3.66
652,2013-07-30,0.03,2.22,0.04,0.07,0.11,0.33,0.62,1.39,2.02,2.63,3.36,3.67
653,2013-07-31,0.03,2.22,0.04,0.08,0.11,0.31,0.61,1.38,2.0,2.6,3.34,3.64
654,2013-08-01,0.02,2.22,0.04,0.08,0.13,0.35,0.65,1.49,2.15,2.74,3.48,3.77
655,2013-08-02,0.02,2.22,0.04,0.07,0.11,0.3,0.59,1.36,2.01,2.63,3.39,3.69
656,2013-08-05,0.03,2.22,0.05,0.08,0.12,0.32,0.61,1.39,2.04,2.67,3.42,3.73
657,2013-08-06,0.05,2.22,0.04,0.08,0.12,0.32,0.62,1.39,2.04,2.67,3.42,3.73
658,2013-08-07,0.05,2.22,0.05,0.08,0.12,0.32,0.61,1.38,2.0,2.61,3.37,3.68
659,2013-08-08,0.05,2.22,0.05,0.07,0.12,0.3,0.61,1.36,1.98,2.58,3.37,3.65
660,2013-08-09,0.05,2.22,0.05,0.07,0.11,0.32,0.61,1.36,1.98,2.57,3.36,3.63
661,2013-08-12,0.05,2.22,0.06,0.08,0.12,0.32,0.62,1.39,2.01,2.61,3.39,3.67
662,2013-08-13,0.06,2.22,0.06,0.08,0.12,0.34,0.68,1.49,2.13,2.71,3.48,3.75
663,2013-08-14,0.06,2.22,0.05,0.07,0.12,0.34,0.67,1.48,2.12,2.71,3.48,3.75
664,2013-08-15,0.05,2.22,0.05,0.08,0.13,0.36,0.7,1.54,2.18,2.77,3.54,3.81
665,2013-08-16,0.05,2.22,0.05,0.08,0.13,0.36,0.73,1.6,2.25,2.84,3.61,3.86
666,2013-08-19,0.03,2.22,0.06,0.08,0.13,0.36,0.76,1.63,2.29,2.88,3.64,3.89
667,2013-08-20,0.03,2.22,0.04,0.07,0.13,0.36,0.73,1.57,2.22,2.82,3.59,3.86
668,2013-08-21,0.02,2.22,0.04,0.07,0.14,0.38,0.76,1.64,2.3,2.87,3.64,3.9
669,2013-08-22,0.01,2.22,0.03,0.06,0.14,0.42,0.82,1.71,2.34,2.9,3.63,3.88
670,2013-08-23,0.02,2.22,0.03,0.06,0.14,0.4,0.8,1.66,2.27,2.82,3.55,3.8
671,2013-08-26,0.03,2.22,0.04,0.07,0.13,0.41,0.79,1.61,2.23,2.79,3.52,3.77
672,2013-08-27,0.04,2.22,0.05,0.07,0.12,0.38,0.77,1.56,2.15,2.72,3.45,3.7
673,2013-08-28,0.04,2.22,0.03,0.07,0.14,0.4,0.79,1.62,2.22,2.78,3.5,3.75
674,2013-08-29,0.03,2.22,0.02,0.06,0.14,0.39,0.79,1.6,2.2,2.75,3.45,3.7
675,2013-08-30,0.02,2.22,0.03,0.05,0.13,0.39,0.79,1.62,2.24,2.78,3.46,3.7
676,2013-09-03,0.03,2.22,0.02,0.05,0.14,0.43,0.83,1.68,2.31,2.86,3.54,3.79
677,2013-09-04,0.02,2.22,0.02,0.05,0.14,0.46,0.89,1.74,2.36,2.9,3.56,3.8
678,2013-09-05,0.03,2.22,0.02,0.06,0.16,0.52,0.97,1.85,2.45,2.98,3.64,3.88
679,2013-09-06,0.02,2.22,0.02,0.05,0.14,0.46,0.91,1.77,2.38,2.94,3.62,3.87
680,2013-09-09,0.02,2.22,0.02,0.04,0.12,0.45,0.87,1.71,2.34,2.9,3.6,3.84
681,2013-09-10,0.01,2.22,0.02,0.04,0.13,0.5,0.92,1.78,2.4,2.96,3.65,3.88
682,2013-09-11,0.01,2.22,0.02,0.05,0.12,0.47,0.88,1.72,2.34,2.93,3.61,3.85
683,2013-09-12,0.01,2.22,0.01,0.02,0.13,0.45,0.87,1.72,2.34,2.92,3.6,3.85
684,2013-09-13,0.01,2.22,0.01,0.02,0.13,0.45,0.87,1.71,2.32,2.9,3.59,3.84
685,2013-09-16,0.01,2.22,0.02,0.04,0.13,0.41,0.8,1.65,2.27,2.88,3.61,3.87
686,2013-09-17,0.01,2.22,0.01,0.04,0.12,0.39,0.78,1.62,2.26,2.86,3.57,3.84
687,2013-09-18,0.01,2.22,0.01,0.04,0.11,0.34,0.67,1.43,2.05,2.69,3.46,3.75
688,2013-09-19,0.0,2.22,0.01,0.03,0.1,0.34,0.69,1.49,2.13,2.76,3.52,3.8
689,2013-09-20,0.01,2.22,0.01,0.05,0.11,0.34,0.69,1.5,2.13,2.75,3.5,3.77
690,2013-09-23,0.01,2.22,0.02,0.05,0.1,0.35,0.68,1.48,2.1,2.72,3.46,3.73
691,2013-09-24,0.02,2.22,0.02,0.05,0.1,0.35,0.67,1.44,2.05,2.67,3.4,3.67
692,2013-09-25,0.02,2.22,0.02,0.05,0.1,0.36,0.66,1.41,2.01,2.63,3.37,3.65
693,2013-09-26,0.04,2.22,0.0,0.03,0.09,0.34,0.67,1.43,2.05,2.66,3.41,3.69
694,2013-09-27,0.03,2.22,0.02,0.03,0.1,0.34,0.64,1.4,2.02,2.64,3.4,3.68
695,2013-09-30,0.03,2.22,0.02,0.04,0.1,0.33,0.63,1.39,2.02,2.64,3.41,3.69
696,2013-10-01,0.1,2.22,0.02,0.04,0.1,0.33,0.66,1.42,2.04,2.66,3.43,3.72
697,2013-10-02,0.08,2.22,0.02,0.05,0.11,0.31,0.62,1.38,2.01,2.63,3.41,3.7
698,2013-10-03,0.12,2.22,0.03,0.05,0.11,0.33,0.61,1.36,1.99,2.62,3.4,3.71
699,2013-10-04,0.11,2.22,0.03,0.04,0.11,0.33,0.66,1.41,2.05,2.66,3.43,3.73
700,2013-10-07,0.13,2.22,0.03,0.06,0.12,0.37,0.66,1.41,2.03,2.65,3.41,3.7
701,2013-10-08,0.27,2.22,0.05,0.09,0.15,0.4,0.7,1.43,2.05,2.66,3.41,3.7
702,2013-10-09,0.26,2.22,0.05,0.08,0.15,0.37,0.68,1.43,2.06,2.68,3.43,3.73
703,2013-10-10,0.25,2.22,0.05,0.07,0.14,0.35,0.68,1.44,2.09,2.71,3.46,3.75
704,2013-10-11,0.25,2.22,0.08,0.07,0.14,0.35,0.66,1.42,2.07,2.7,3.45,3.74
705,2013-10-14,0.25,2.22,0.08,0.07,0.14,0.35,0.66,1.42,2.07,2.7,3.45,3.74
706,2013-10-15,0.32,2.22,0.14,0.16,0.16,0.37,0.68,1.45,2.11,2.75,3.5,3.78
707,2013-10-16,0.14,2.22,0.1,0.11,0.15,0.34,0.64,1.41,2.06,2.69,3.43,3.72
708,2013-10-17,0.01,2.22,0.05,0.08,0.13,0.33,0.61,1.35,1.98,2.61,3.36,3.66
709,2013-10-18,0.01,2.22,0.04,0.08,0.12,0.33,0.62,1.35,1.98,2.6,3.36,3.65
710,2013-10-21,0.02,2.22,0.04,0.07,0.11,0.33,0.63,1.38,2.01,2.63,3.39,3.68
711,2013-10-22,0.04,2.22,0.04,0.07,0.1,0.31,0.59,1.3,1.92,2.54,3.31,3.61
712,2013-10-23,0.02,2.22,0.04,0.07,0.11,0.31,0.6,1.3,1.9,2.51,3.29,3.59
713,2013-10-24,0.02,2.22,0.03,0.07,0.12,0.33,0.59,1.32,1.92,2.53,3.3,3.61
714,2013-10-25,0.02,2.22,0.04,0.08,0.11,0.32,0.59,1.3,1.9,2.53,3.3,3.6
715,2013-10-28,0.02,2.22,0.04,0.08,0.11,0.32,0.59,1.31,1.91,2.54,3.31,3.61
716,2013-10-29,0.06,2.22,0.04,0.08,0.11,0.31,0.59,1.29,1.9,2.53,3.31,3.62
717,2013-10-30,0.05,2.22,0.04,0.09,0.11,0.33,0.58,1.3,1.93,2.55,3.33,3.63
718,2013-10-31,0.03,2.22,0.04,0.08,0.1,0.31,0.57,1.31,1.95,2.57,3.33,3.63
719,2013-11-01,0.03,2.22,0.04,0.08,0.1,0.33,0.61,1.37,2.03,2.65,3.4,3.69
720,2013-11-04,0.02,2.22,0.05,0.09,0.09,0.32,0.6,1.36,2.01,2.63,3.4,3.7
721,2013-11-05,0.06,2.22,0.05,0.08,0.1,0.32,0.6,1.39,2.06,2.69,3.46,3.76
722,2013-11-06,0.05,2.22,0.05,0.09,0.11,0.3,0.58,1.34,2.02,2.67,3.46,3.77
723,2013-11-07,0.04,2.22,0.05,0.09,0.11,0.29,0.55,1.31,1.98,2.63,3.41,3.71
724,2013-11-08,0.04,2.22,0.06,0.09,0.12,0.32,0.62,1.42,2.12,2.77,3.55,3.84
725,2013-11-11,0.04,2.22,0.06,0.09,0.12,0.32,0.62,1.42,2.12,2.77,3.55,3.84
726,2013-11-12,0.05,2.22,0.08,0.1,0.13,0.34,0.65,1.47,2.16,2.8,3.57,3.86
727,2013-11-13,0.06,2.22,0.08,0.1,0.13,0.32,0.61,1.41,2.1,2.75,3.54,3.83
728,2013-11-14,0.06,2.22,0.08,0.1,0.13,0.29,0.56,1.34,2.04,2.69,3.49,3.79
729,2013-11-15,0.06,2.22,0.08,0.1,0.13,0.31,0.58,1.36,2.06,2.71,3.5,3.8
730,2013-11-18,0.05,2.22,0.09,0.1,0.13,0.31,0.56,1.33,2.02,2.67,3.46,3.76
731,2013-11-19,0.05,2.22,0.08,0.1,0.14,0.29,0.58,1.37,2.06,2.71,3.5,3.8
732,2013-11-20,0.06,2.22,0.08,0.11,0.12,0.28,0.57,1.39,2.13,2.8,3.61,3.9
733,2013-11-21,0.02,2.22,0.07,0.1,0.12,0.29,0.55,1.38,2.12,2.79,3.59,3.89
734,2013-11-22,0.02,2.22,0.07,0.1,0.12,0.31,0.57,1.37,2.1,2.75,3.54,3.84
735,2013-11-25,0.04,2.22,0.08,0.11,0.14,0.3,0.57,1.37,2.08,2.74,3.53,3.83
736,2013-11-26,0.07,2.22,0.07,0.11,0.13,0.29,0.55,1.34,2.05,2.71,3.5,3.8
737,2013-11-27,0.06,2.22,0.07,0.11,0.13,0.28,0.55,1.36,2.08,2.74,3.52,3.81
738,2013-11-29,0.05,2.22,0.06,0.11,0.13,0.28,0.56,1.37,2.1,2.75,3.54,3.82
739,2013-12-02,0.02,2.22,0.05,0.1,0.13,0.3,0.59,1.43,2.16,2.81,3.58,3.86
740,2013-12-03,0.04,2.22,0.06,0.1,0.13,0.28,0.58,1.4,2.13,2.79,3.56,3.84
741,2013-12-04,0.04,2.22,0.06,0.1,0.14,0.3,0.6,1.45,2.19,2.84,3.63,3.9
742,2013-12-05,0.02,2.22,0.06,0.1,0.13,0.3,0.61,1.49,2.23,2.88,3.65,3.92
743,2013-12-06,0.03,2.22,0.06,0.1,0.13,0.3,0.64,1.51,2.23,2.88,3.63,3.9
744,2013-12-09,0.04,2.22,0.07,0.1,0.13,0.3,0.64,1.5,2.23,2.86,3.61,3.88
745,2013-12-10,0.03,2.22,0.07,0.1,0.14,0.3,0.62,1.46,2.17,2.81,3.56,3.83
746,2013-12-11,0.02,2.22,0.07,0.1,0.13,0.31,0.63,1.5,2.21,2.86,3.61,3.87
747,2013-12-12,0.01,2.22,0.07,0.09,0.14,0.34,0.67,1.55,2.26,2.89,3.63,3.91
748,2013-12-13,0.02,2.22,0.07,0.09,0.14,0.34,0.68,1.55,2.25,2.88,3.61,3.88
749,2013-12-16,0.02,2.22,0.07,0.09,0.13,0.34,0.68,1.55,2.26,2.89,3.63,3.9
750,2013-12-17,0.02,2.22,0.07,0.09,0.14,0.34,0.65,1.52,2.22,2.85,3.6,3.88
751,2013-12-18,0.01,2.22,0.07,0.1,0.13,0.32,0.64,1.55,2.26,2.89,3.63,3.9
752,2013-12-19,0.01,2.22,0.06,0.09,0.13,0.35,0.7,1.63,2.35,2.94,3.64,3.91
753,2013-12-20,0.02,2.22,0.07,0.09,0.13,0.37,0.74,1.66,2.33,2.89,3.57,3.82
754,2013-12-23,0.01,2.22,0.07,0.09,0.14,0.38,0.77,1.68,2.37,2.94,3.6,3.85
755,2013-12-24,0.01,2.22,0.07,0.09,0.14,0.38,0.8,1.73,2.43,2.99,3.66,3.9
756,2013-12-26,0.0,2.22,0.07,0.09,0.13,0.42,0.81,1.74,2.43,3.0,3.68,3.92
757,2013-12-27,0.01,2.22,0.07,0.09,0.12,0.4,0.79,1.74,2.44,3.02,3.7,3.94
758,2013-12-30,0.01,2.22,0.07,0.1,0.13,0.39,0.77,1.71,2.4,2.99,3.66,3.9
759,2013-12-31,0.01,2.22,0.07,0.1,0.13,0.38,0.78,1.75,2.45,3.04,3.72,3.96
760,2014-01-02,0.01,2.22,0.07,0.09,0.13,0.39,0.76,1.72,2.41,3.0,3.68,3.92
761,2014-01-03,0.02,2.22,0.07,0.1,0.13,0.41,0.8,1.73,2.42,3.01,3.69,3.93
762,2014-01-06,0.01,2.22,0.05,0.08,0.12,0.4,0.78,1.7,2.38,2.98,3.66,3.9
763,2014-01-07,0.01,2.22,0.04,0.08,0.13,0.4,0.8,1.69,2.37,2.96,3.64,3.88
764,2014-01-08,0.0,2.22,0.05,0.08,0.13,0.43,0.87,1.77,2.44,3.01,3.67,3.9
765,2014-01-09,0.01,2.22,0.04,0.06,0.13,0.44,0.86,1.75,2.41,2.97,3.62,3.88
766,2014-01-10,0.01,2.22,0.05,0.06,0.12,0.39,0.77,1.64,2.29,2.88,3.54,3.8
767,2014-01-13,0.0,2.22,0.03,0.06,0.11,0.39,0.74,1.6,2.25,2.84,3.52,3.77
768,2014-01-14,0.0,2.22,0.04,0.06,0.11,0.39,0.78,1.65,2.3,2.88,3.54,3.8
769,2014-01-15,0.01,2.22,0.04,0.06,0.13,0.41,0.81,1.68,2.33,2.9,3.55,3.81
770,2014-01-16,0.01,2.22,0.04,0.07,0.11,0.41,0.8,1.66,2.3,2.86,3.52,3.77
771,2014-01-17,0.01,2.22,0.05,0.07,0.11,0.4,0.79,1.64,2.27,2.84,3.5,3.75
772,2014-01-21,0.01,2.22,0.04,0.07,0.12,0.4,0.81,1.67,2.29,2.85,3.5,3.74
773,2014-01-22,0.0,2.22,0.04,0.07,0.11,0.44,0.85,1.72,2.34,2.87,3.52,3.75
774,2014-01-23,0.01,2.22,0.04,0.05,0.11,0.39,0.77,1.62,2.24,2.79,3.44,3.68
775,2014-01-24,0.04,2.22,0.04,0.06,0.11,0.37,0.75,1.58,2.2,2.75,3.4,3.64
776,2014-01-27,0.04,2.22,0.05,0.07,0.11,0.37,0.76,1.61,2.24,2.78,3.43,3.67
777,2014-01-28,0.05,2.22,0.05,0.07,0.11,0.38,0.75,1.59,2.22,2.77,3.43,3.68
778,2014-01-29,0.04,2.22,0.04,0.07,0.11,0.36,0.71,1.52,2.15,2.69,3.36,3.62
779,2014-01-30,0.04,2.22,0.02,0.06,0.1,0.36,0.72,1.55,2.19,2.72,3.4,3.65
780,2014-01-31,0.03,2.22,0.02,0.06,0.1,0.34,0.69,1.49,2.13,2.67,3.35,3.61
781,2014-02-03,0.04,2.22,0.05,0.07,0.11,0.3,0.64,1.44,2.07,2.61,3.29,3.55
782,2014-02-04,0.12,2.22,0.06,0.07,0.12,0.31,0.65,1.46,2.09,2.64,3.33,3.59
783,2014-02-05,0.13,2.22,0.07,0.07,0.12,0.32,0.66,1.5,2.14,2.7,3.4,3.66
784,2014-02-06,0.07,2.22,0.07,0.08,0.13,0.33,0.69,1.52,2.17,2.73,3.42,3.67
785,2014-02-07,0.1,2.22,0.08,0.09,0.12,0.3,0.66,1.47,2.13,2.71,3.39,3.67
786,2014-02-10,0.07,2.22,0.07,0.1,0.12,0.32,0.66,1.48,2.13,2.7,3.38,3.66
787,2014-02-11,0.05,2.22,0.05,0.1,0.12,0.35,0.71,1.54,2.19,2.75,3.42,3.69
788,2014-02-12,0.01,2.22,0.05,0.09,0.12,0.35,0.74,1.59,2.23,2.8,3.45,3.72
789,2014-02-13,0.01,2.22,0.03,0.08,0.12,0.32,0.7,1.51,2.16,2.73,3.4,3.7
790,2014-02-14,0.01,2.22,0.02,0.07,0.11,0.32,0.71,1.53,2.17,2.75,3.41,3.69
791,2014-02-18,0.02,2.22,0.05,0.08,0.12,0.31,0.67,1.5,2.14,2.71,3.4,3.68
792,2014-02-19,0.04,2.22,0.06,0.09,0.11,0.33,0.69,1.53,2.17,2.73,3.42,3.71
793,2014-02-20,0.02,2.22,0.05,0.08,0.12,0.34,0.72,1.57,2.2,2.76,3.44,3.73
794,2014-02-21,0.02,2.22,0.05,0.08,0.12,0.33,0.71,1.56,2.19,2.73,3.41,3.69
795,2014-02-24,0.02,2.22,0.05,0.08,0.11,0.35,0.72,1.57,2.2,2.75,3.42,3.7
796,2014-02-25,0.04,2.22,0.05,0.08,0.11,0.34,0.7,1.53,2.16,2.7,3.37,3.66
797,2014-02-26,0.04,2.22,0.05,0.08,0.11,0.33,0.68,1.5,2.12,2.67,3.34,3.63
798,2014-02-27,0.04,2.22,0.04,0.07,0.11,0.33,0.68,1.49,2.11,2.65,3.31,3.6
799,2014-02-28,0.04,2.22,0.05,0.08,0.12,0.33,0.69,1.51,2.13,2.66,3.31,3.59
800,2014-03-03,0.04,2.22,0.05,0.08,0.12,0.32,0.66,1.46,2.07,2.6,3.27,3.55
801,2014-03-04,0.06,2.22,0.05,0.08,0.12,0.33,0.71,1.54,2.17,2.7,3.36,3.64
802,2014-03-05,0.06,2.22,0.06,0.09,0.13,0.33,0.71,1.54,2.16,2.7,3.36,3.64
803,2014-03-06,0.06,2.22,0.05,0.08,0.12,0.37,0.73,1.57,2.2,2.74,3.4,3.68
804,2014-03-07,0.06,2.22,0.06,0.09,0.13,0.38,0.79,1.65,2.27,2.8,3.45,3.72
805,2014-03-10,0.05,2.22,0.05,0.08,0.12,0.37,0.79,1.64,2.26,2.79,3.45,3.73
806,2014-03-11,0.06,2.22,0.05,0.08,0.13,0.37,0.79,1.62,2.25,2.77,3.43,3.7
807,2014-03-12,0.05,2.22,0.05,0.08,0.12,0.37,0.78,1.59,2.2,2.73,3.38,3.66
808,2014-03-13,0.06,2.22,0.05,0.08,0.12,0.34,0.74,1.53,2.14,2.66,3.31,3.6
809,2014-03-14,0.05,2.22,0.05,0.08,0.12,0.36,0.74,1.55,2.14,2.65,3.3,3.59
810,2014-03-17,0.05,2.22,0.06,0.08,0.13,0.38,0.77,1.58,2.19,2.7,3.34,3.63
811,2014-03-18,0.07,2.22,0.05,0.07,0.13,0.36,0.75,1.56,2.16,2.68,3.33,3.62
812,2014-03-19,0.07,2.22,0.06,0.09,0.15,0.47,0.91,1.75,2.31,2.78,3.39,3.66
813,2014-03-20,0.06,2.22,0.06,0.09,0.14,0.45,0.9,1.73,2.31,2.79,3.4,3.67
814,2014-03-21,0.05,2.22,0.06,0.08,0.14,0.45,0.91,1.73,2.3,2.75,3.34,3.61
815,2014-03-24,0.05,2.22,0.06,0.08,0.14,0.47,0.93,1.76,2.31,2.74,3.31,3.57
816,2014-03-25,0.05,2.22,0.05,0.08,0.13,0.47,0.92,1.76,2.32,2.75,3.32,3.59
817,2014-03-26,0.05,2.22,0.05,0.07,0.12,0.45,0.89,1.7,2.27,2.71,3.29,3.55
818,2014-03-27,0.02,2.22,0.04,0.06,0.12,0.45,0.9,1.7,2.26,2.69,3.25,3.52
819,2014-03-28,0.03,2.22,0.04,0.06,0.13,0.45,0.93,1.74,2.31,2.73,3.29,3.55
820,2014-03-31,0.03,2.22,0.05,0.07,0.13,0.44,0.9,1.73,2.3,2.73,3.31,3.56
821,2014-04-01,0.02,2.22,0.04,0.06,0.13,0.44,0.91,1.74,2.32,2.77,3.35,3.6
822,2014-04-02,0.02,2.22,0.02,0.06,0.12,0.47,0.94,1.8,2.39,2.82,3.4,3.65
823,2014-04-03,0.03,2.22,0.02,0.05,0.11,0.46,0.95,1.79,2.38,2.8,3.38,3.62
824,2014-04-04,0.03,2.22,0.03,0.05,0.11,0.43,0.89,1.71,2.3,2.74,3.33,3.59
825,2014-04-07,0.03,2.22,0.03,0.06,0.11,0.41,0.87,1.68,2.27,2.71,3.3,3.56
826,2014-04-08,0.04,2.22,0.03,0.06,0.11,0.4,0.88,1.67,2.24,2.69,3.28,3.54
827,2014-04-09,0.03,2.22,0.04,0.05,0.1,0.37,0.85,1.65,2.24,2.71,3.31,3.57
828,2014-04-10,0.03,2.22,0.04,0.06,0.09,0.37,0.81,1.59,2.17,2.65,3.24,3.52
829,2014-04-11,0.04,2.22,0.04,0.06,0.09,0.37,0.8,1.58,2.16,2.63,3.22,3.48
830,2014-04-14,0.03,2.22,0.04,0.06,0.1,0.37,0.82,1.61,2.18,2.65,3.23,3.48
831,2014-04-15,0.03,2.22,0.04,0.05,0.11,0.39,0.84,1.63,2.18,2.64,3.2,3.46
832,2014-04-16,0.03,2.22,0.04,0.05,0.11,0.39,0.87,1.67,2.21,2.65,3.2,3.45
833,2014-04-17,0.02,2.22,0.03,0.05,0.11,0.43,0.91,1.75,2.31,2.73,3.27,3.52
834,2014-04-21,0.02,2.22,0.04,0.06,0.11,0.42,0.91,1.74,2.31,2.73,3.27,3.52
835,2014-04-22,0.02,2.22,0.03,0.06,0.11,0.45,0.93,1.76,2.31,2.73,3.25,3.5
836,2014-04-23,0.02,2.22,0.02,0.05,0.11,0.43,0.91,1.73,2.28,2.7,3.22,3.47
837,2014-04-24,0.0,2.22,0.01,0.04,0.1,0.43,0.91,1.74,2.3,2.7,3.22,3.46
838,2014-04-25,0.01,2.22,0.03,0.04,0.11,0.43,0.9,1.72,2.28,2.68,3.2,3.45
839,2014-04-28,0.0,2.22,0.03,0.05,0.1,0.44,0.9,1.73,2.29,2.7,3.23,3.47
840,2014-04-29,0.02,2.22,0.02,0.05,0.11,0.44,0.91,1.74,2.29,2.71,3.25,3.49
841,2014-04-30,0.02,2.22,0.03,0.05,0.11,0.42,0.87,1.69,2.25,2.67,3.22,3.47
842,2014-05-01,0.02,2.22,0.03,0.05,0.1,0.41,0.86,1.66,2.21,2.63,3.16,3.41
843,2014-05-02,0.01,2.22,0.02,0.05,0.1,0.42,0.89,1.67,2.2,2.6,3.12,3.37
844,2014-05-05,0.01,2.22,0.03,0.05,0.11,0.43,0.9,1.68,2.22,2.63,3.16,3.41
845,2014-05-06,0.03,2.22,0.03,0.05,0.1,0.43,0.92,1.68,2.2,2.61,3.13,3.38
846,2014-05-07,0.03,2.22,0.03,0.05,0.1,0.41,0.89,1.65,2.18,2.62,3.12,3.4
847,2014-05-08,0.02,2.22,0.03,0.05,0.1,0.4,0.86,1.63,2.16,2.61,3.17,3.45
848,2014-05-09,0.02,2.22,0.03,0.05,0.1,0.4,0.86,1.63,2.17,2.62,3.18,3.47
849,2014-05-12,0.02,2.22,0.03,0.05,0.09,0.41,0.87,1.67,2.21,2.66,3.21,3.49
850,2014-05-13,0.03,2.22,0.03,0.05,0.1,0.39,0.84,1.62,2.16,2.61,3.17,3.45
851,2014-05-14,0.02,2.22,0.03,0.05,0.1,0.39,0.81,1.57,2.1,2.54,3.09,3.37
852,2014-05-15,0.01,2.22,0.03,0.05,0.09,0.38,0.8,1.55,2.05,2.5,3.05,3.33
853,2014-05-16,0.01,2.22,0.03,0.05,0.09,0.38,0.8,1.56,2.08,2.52,3.07,3.34
854,2014-05-19,0.01,2.22,0.03,0.05,0.09,0.36,0.79,1.56,2.09,2.54,3.11,3.39
855,2014-05-20,0.04,2.22,0.03,0.06,0.09,0.35,0.77,1.53,2.06,2.52,3.1,3.38
856,2014-05-21,0.04,2.22,0.04,0.06,0.09,0.37,0.79,1.55,2.08,2.54,3.13,3.42
857,2014-05-22,0.03,2.22,0.03,0.05,0.09,0.37,0.8,1.57,2.1,2.56,3.15,3.43
858,2014-05-23,0.04,2.22,0.04,0.05,0.1,0.37,0.79,1.55,2.09,2.54,3.12,3.4
859,2014-05-27,0.03,2.22,0.04,0.06,0.09,0.39,0.79,1.56,2.08,2.52,3.09,3.37
860,2014-05-28,0.04,2.22,0.04,0.05,0.1,0.37,0.76,1.5,2.01,2.44,3.01,3.29
861,2014-05-29,0.05,2.22,0.04,0.05,0.1,0.37,0.77,1.52,2.03,2.45,3.03,3.31
862,2014-05-30,0.05,2.22,0.04,0.06,0.1,0.37,0.79,1.54,2.06,2.48,3.05,3.33
863,2014-06-02,0.04,2.22,0.04,0.06,0.1,0.39,0.83,1.6,2.12,2.54,3.1,3.38
864,2014-06-03,0.04,2.22,0.04,0.06,0.1,0.41,0.85,1.65,2.18,2.6,3.17,3.43
865,2014-06-04,0.04,2.22,0.04,0.06,0.1,0.41,0.85,1.65,2.2,2.61,3.18,3.45
866,2014-06-05,0.03,2.22,0.04,0.06,0.1,0.4,0.82,1.63,2.17,2.59,3.17,3.44
867,2014-06-06,0.02,2.22,0.04,0.06,0.11,0.41,0.86,1.66,2.19,2.6,3.17,3.44
868,2014-06-09,0.03,2.22,0.04,0.06,0.11,0.43,0.88,1.69,2.22,2.62,3.18,3.45
869,2014-06-10,0.04,2.22,0.04,0.06,0.11,0.45,0.93,1.71,2.24,2.64,3.2,3.47
870,2014-06-11,0.03,2.22,0.04,0.06,0.11,0.44,0.91,1.7,2.23,2.65,3.2,3.47
871,2014-06-12,0.02,2.22,0.04,0.07,0.1,0.42,0.88,1.66,2.17,2.58,3.14,3.41
872,2014-06-13,0.02,2.22,0.04,0.07,0.11,0.45,0.93,1.7,2.21,2.6,3.14,3.41
873,2014-06-16,0.03,2.22,0.04,0.07,0.11,0.49,0.95,1.71,2.21,2.61,3.14,3.4
874,2014-06-17,0.03,2.22,0.04,0.07,0.11,0.51,0.99,1.77,2.27,2.66,3.19,3.44
875,2014-06-18,0.03,2.22,0.03,0.06,0.1,0.48,0.95,1.71,2.21,2.61,3.16,3.43
876,2014-06-19,0.01,2.22,0.02,0.05,0.09,0.48,0.94,1.71,2.22,2.64,3.2,3.47
877,2014-06-20,0.01,2.22,0.02,0.04,0.09,0.5,0.94,1.71,2.22,2.63,3.18,3.44
878,2014-06-23,0.02,2.22,0.03,0.06,0.1,0.48,0.96,1.72,2.23,2.63,3.18,3.45
879,2014-06-24,0.01,2.22,0.03,0.06,0.12,0.49,0.95,1.7,2.19,2.59,3.14,3.41
880,2014-06-25,0.01,2.22,0.03,0.05,0.11,0.48,0.92,1.68,2.17,2.57,3.12,3.38
881,2014-06-26,0.01,2.22,0.04,0.06,0.11,0.46,0.9,1.64,2.14,2.53,3.08,3.35
882,2014-06-27,0.02,2.22,0.03,0.06,0.1,0.45,0.88,1.64,2.14,2.54,3.1,3.36
883,2014-06-30,0.02,2.22,0.04,0.07,0.11,0.47,0.88,1.62,2.13,2.53,3.08,3.34
884,2014-07-01,0.03,2.22,0.02,0.06,0.11,0.47,0.9,1.66,2.17,2.58,3.13,3.4
885,2014-07-02,0.02,2.22,0.02,0.06,0.12,0.49,0.95,1.71,2.22,2.64,3.2,3.46
886,2014-07-03,0.01,2.22,0.01,0.06,0.11,0.52,0.98,1.74,2.25,2.65,3.21,3.47
887,2014-07-07,0.02,2.22,0.04,0.06,0.12,0.52,1.0,1.74,2.24,2.63,3.17,3.44
888,2014-07-08,0.02,2.22,0.03,0.06,0.11,0.51,0.99,1.7,2.19,2.58,3.12,3.38
889,2014-07-09,0.03,2.22,0.03,0.06,0.11,0.51,0.97,1.68,2.17,2.57,3.1,3.37
890,2014-07-10,0.02,2.22,0.02,0.06,0.1,0.46,0.93,1.66,2.15,2.55,3.1,3.38
891,2014-07-11,0.02,2.22,0.02,0.07,0.11,0.48,0.92,1.65,2.13,2.53,3.07,3.34
892,2014-07-14,0.02,2.22,0.03,0.06,0.11,0.48,0.95,1.68,2.17,2.55,3.1,3.36
893,2014-07-15,0.02,2.22,0.02,0.06,0.11,0.49,0.97,1.7,2.18,2.56,3.1,3.37
894,2014-07-16,0.02,2.22,0.02,0.06,0.11,0.5,0.98,1.71,2.18,2.55,3.08,3.35
895,2014-07-17,0.02,2.22,0.02,0.06,0.1,0.47,0.94,1.65,2.11,2.47,3.01,3.27
896,2014-07-18,0.03,2.22,0.02,0.05,0.1,0.51,0.97,1.69,2.14,2.5,3.03,3.29
897,2014-07-21,0.02,2.22,0.03,0.06,0.11,0.51,0.99,1.7,2.14,2.49,3.01,3.26
898,2014-07-22,0.03,2.22,0.03,0.07,0.11,0.49,0.97,1.68,2.13,2.48,3.0,3.25
899,2014-07-23,0.03,2.22,0.03,0.05,0.11,0.5,0.96,1.67,2.12,2.48,3.0,3.26
900,2014-07-24,0.04,2.22,0.03,0.06,0.11,0.53,1.0,1.72,2.18,2.52,3.04,3.3
901,2014-07-25,0.03,2.22,0.03,0.06,0.11,0.53,0.98,1.69,2.14,2.48,2.99,3.24
902,2014-07-28,0.03,2.22,0.04,0.06,0.11,0.54,1.01,1.73,2.17,2.5,3.01,3.26
903,2014-07-29,0.03,2.22,0.02,0.06,0.12,0.54,1.0,1.7,2.14,2.47,2.97,3.22
904,2014-07-30,0.03,2.22,0.04,0.06,0.13,0.56,1.04,1.77,2.24,2.57,3.06,3.31
905,2014-07-31,0.01,2.22,0.03,0.05,0.12,0.53,1.02,1.76,2.24,2.58,3.07,3.32
906,2014-08-01,0.01,2.22,0.03,0.05,0.13,0.47,0.94,1.67,2.16,2.52,3.03,3.29
907,2014-08-04,0.02,2.22,0.04,0.06,0.12,0.47,0.93,1.66,2.15,2.51,3.04,3.3
908,2014-08-05,0.03,2.22,0.03,0.05,0.12,0.47,0.93,1.66,2.14,2.49,3.02,3.28
909,2014-08-06,0.03,2.22,0.03,0.05,0.11,0.48,0.93,1.66,2.13,2.49,3.01,3.27
910,2014-08-07,0.03,2.22,0.03,0.04,0.11,0.44,0.89,1.6,2.07,2.43,2.97,3.23
911,2014-08-08,0.03,2.22,0.03,0.05,0.1,0.45,0.91,1.62,2.09,2.44,2.97,3.23
912,2014-08-11,0.03,2.22,0.04,0.05,0.1,0.47,0.93,1.62,2.09,2.44,2.97,3.24
913,2014-08-12,0.05,2.22,0.03,0.05,0.1,0.45,0.92,1.63,2.1,2.46,3.0,3.27
914,2014-08-13,0.04,2.22,0.04,0.06,0.1,0.43,0.88,1.59,2.06,2.43,2.97,3.24
915,2014-08-14,0.04,2.22,0.04,0.06,0.1,0.42,0.87,1.58,2.04,2.4,2.93,3.2
916,2014-08-15,0.03,2.22,0.03,0.05,0.09,0.42,0.86,1.55,1.99,2.34,2.86,3.13
917,2014-08-18,0.02,2.22,0.03,0.05,0.1,0.44,0.89,1.58,2.04,2.39,2.92,3.2
918,2014-08-19,0.04,2.22,0.03,0.05,0.11,0.46,0.9,1.59,2.05,2.4,2.94,3.21
919,2014-08-20,0.04,2.22,0.04,0.06,0.12,0.49,0.94,1.65,2.09,2.43,2.95,3.22
920,2014-08-21,0.03,2.22,0.02,0.06,0.1,0.49,0.95,1.64,2.08,2.41,2.92,3.19
921,2014-08-22,0.04,2.22,0.03,0.06,0.1,0.53,0.98,1.68,2.1,2.4,2.9,3.16
922,2014-08-25,0.02,2.22,0.04,0.05,0.11,0.53,0.99,1.69,2.09,2.39,2.88,3.13
923,2014-08-26,0.04,2.22,0.03,0.05,0.12,0.52,0.98,1.68,2.08,2.39,2.89,3.15
924,2014-08-27,0.02,2.22,0.04,0.05,0.11,0.51,0.97,1.65,2.05,2.37,2.85,3.11
925,2014-08-28,0.02,2.22,0.03,0.05,0.11,0.5,0.95,1.63,2.04,2.34,2.82,3.08
926,2014-08-29,0.02,2.22,0.03,0.05,0.09,0.48,0.94,1.63,2.05,2.35,2.83,3.09
927,2014-09-01,0.02,2.22,0.03,0.05,0.09,0.48,0.94,1.63,2.05,2.35,2.83,3.09
928,2014-09-02,0.02,2.22,0.03,0.05,0.1,0.53,0.99,1.69,2.11,2.42,2.91,3.17
929,2014-09-03,0.02,2.22,0.03,0.05,0.11,0.52,0.99,1.69,2.11,2.41,2.9,3.15
930,2014-09-04,0.02,2.22,0.03,0.05,0.1,0.54,1.01,1.71,2.14,2.45,2.95,3.21
931,2014-09-05,0.02,2.22,0.03,0.05,0.1,0.52,0.99,1.69,2.14,2.46,2.97,3.23
932,2014-09-08,0.01,2.22,0.02,0.05,0.1,0.54,1.02,1.72,2.16,2.48,2.97,3.23
933,2014-09-09,0.01,2.22,0.02,0.05,0.11,0.56,1.06,1.76,2.19,2.5,2.97,3.23
934,2014-09-10,0.01,2.22,0.02,0.05,0.11,0.58,1.07,1.79,2.22,2.54,3.01,3.26
935,2014-09-11,0.01,2.22,0.02,0.05,0.11,0.58,1.07,1.79,2.22,2.54,3.02,3.27
936,2014-09-12,0.01,2.22,0.02,0.05,0.11,0.58,1.07,1.83,2.29,2.62,3.1,3.35
937,2014-09-15,0.01,2.22,0.02,0.05,0.11,0.58,1.06,1.8,2.26,2.6,3.09,3.34
938,2014-09-16,0.01,2.22,0.02,0.04,0.13,0.55,1.04,1.78,2.26,2.6,3.11,3.36
939,2014-09-17,0.01,2.22,0.02,0.05,0.12,0.59,1.08,1.82,2.29,2.62,3.12,3.37
940,2014-09-18,0.01,2.22,0.02,0.04,0.12,0.59,1.1,1.85,2.32,2.63,3.12,3.36
941,2014-09-19,0.01,2.22,0.02,0.04,0.11,0.59,1.09,1.83,2.29,2.59,3.05,3.29
942,2014-09-22,0.0,2.22,0.01,0.04,0.1,0.58,1.06,1.8,2.26,2.57,3.04,3.28
943,2014-09-23,0.01,2.22,0.01,0.04,0.1,0.57,1.05,1.78,2.23,2.54,3.01,3.25
944,2014-09-24,0.01,2.22,0.02,0.03,0.11,0.59,1.08,1.82,2.26,2.57,3.04,3.28
945,2014-09-25,0.0,2.22,0.01,0.03,0.1,0.56,1.03,1.75,2.21,2.52,2.98,3.22
946,2014-09-26,0.01,2.22,0.01,0.03,0.11,0.59,1.08,1.8,2.24,2.54,2.99,3.22
947,2014-09-29,0.01,2.22,0.02,0.05,0.11,0.58,1.06,1.77,2.21,2.5,2.95,3.18
948,2014-09-30,0.02,2.22,0.02,0.03,0.13,0.58,1.07,1.78,2.22,2.52,2.98,3.21
949,2014-10-01,0.01,2.22,0.02,0.04,0.1,0.53,1.0,1.69,2.12,2.42,2.87,3.12
950,2014-10-02,0.01,2.22,0.01,0.03,0.1,0.53,1.01,1.7,2.14,2.44,2.9,3.15
951,2014-10-03,0.01,2.22,0.01,0.03,0.11,0.57,1.05,1.73,2.16,2.45,2.89,3.13
952,2014-10-06,0.01,2.22,0.02,0.05,0.11,0.54,1.02,1.7,2.13,2.43,2.88,3.12
953,2014-10-07,0.02,2.22,0.02,0.04,0.1,0.52,0.98,1.64,2.06,2.36,2.81,3.06
954,2014-10-08,0.01,2.22,0.01,0.05,0.1,0.46,0.9,1.57,2.02,2.35,2.82,3.07
955,2014-10-09,0.02,2.22,0.01,0.05,0.1,0.46,0.91,1.58,2.02,2.34,2.81,3.07
956,2014-10-10,0.02,2.22,0.01,0.04,0.1,0.45,0.89,1.55,1.99,2.31,2.77,3.03
957,2014-10-13,0.02,2.22,0.01,0.04,0.1,0.45,0.89,1.55,1.99,2.31,2.77,3.03
958,2014-10-14,0.03,2.22,0.02,0.04,0.09,0.39,0.8,1.45,1.88,2.21,2.68,2.95
959,2014-10-15,0.02,2.22,0.02,0.05,0.1,0.34,0.73,1.37,1.8,2.15,2.64,2.92
960,2014-10-16,0.04,2.22,0.03,0.05,0.1,0.35,0.75,1.39,1.82,2.17,2.66,2.94
961,2014-10-17,0.03,2.22,0.02,0.05,0.11,0.39,0.79,1.44,1.88,2.22,2.7,2.98
962,2014-10-20,0.03,2.22,0.02,0.06,0.1,0.37,0.76,1.41,1.85,2.2,2.68,2.96
963,2014-10-21,0.04,2.22,0.02,0.06,0.1,0.38,0.77,1.44,1.88,2.23,2.72,3.0
964,2014-10-22,0.04,2.22,0.02,0.06,0.11,0.41,0.8,1.46,1.9,2.25,2.73,3.01
965,2014-10-23,0.02,2.22,0.01,0.06,0.11,0.41,0.83,1.52,1.95,2.29,2.77,3.05
966,2014-10-24,0.02,2.22,0.01,0.06,0.11,0.41,0.82,1.52,1.96,2.29,2.77,3.05
967,2014-10-27,0.03,2.22,0.02,0.06,0.11,0.41,0.81,1.51,1.94,2.27,2.75,3.04
968,2014-10-28,0.02,2.22,0.02,0.05,0.11,0.42,0.84,1.53,1.97,2.3,2.79,3.06
969,2014-10-29,0.01,2.22,0.03,0.07,0.11,0.48,0.93,1.61,2.03,2.34,2.79,3.06
970,2014-10-30,0.01,2.22,0.01,0.06,0.11,0.48,0.91,1.58,2.02,2.32,2.77,3.04
971,2014-10-31,0.01,2.22,0.01,0.05,0.11,0.5,0.95,1.62,2.05,2.35,2.81,3.07
972,2014-11-03,0.03,2.22,0.02,0.07,0.12,0.52,0.96,1.63,2.05,2.36,2.8,3.07
973,2014-11-04,0.04,2.22,0.03,0.06,0.11,0.52,0.97,1.63,2.05,2.35,2.78,3.05
974,2014-11-05,0.04,2.22,0.03,0.07,0.11,0.52,0.97,1.63,2.05,2.36,2.79,3.06
975,2014-11-06,0.04,2.22,0.03,0.06,0.12,0.54,1.01,1.67,2.09,2.39,2.83,3.09
976,2014-11-07,0.04,2.22,0.03,0.06,0.12,0.51,0.95,1.6,2.01,2.32,2.76,3.04
977,2014-11-10,0.04,2.22,0.02,0.07,0.13,0.55,1.0,1.65,2.07,2.38,2.81,3.09
978,2014-11-11,0.04,2.22,0.02,0.07,0.13,0.55,1.0,1.65,2.07,2.38,2.81,3.09
979,2014-11-12,0.05,2.22,0.02,0.07,0.14,0.55,1.0,1.65,2.06,2.37,2.81,3.09
980,2014-11-13,0.05,2.22,0.02,0.08,0.15,0.53,0.97,1.64,2.05,2.35,2.8,3.08
981,2014-11-14,0.04,2.22,0.02,0.07,0.15,0.54,0.96,1.62,2.02,2.32,2.77,3.04
982,2014-11-17,0.02,2.22,0.03,0.07,0.15,0.54,0.96,1.64,2.04,2.34,2.79,3.06
983,2014-11-18,0.04,2.22,0.02,0.07,0.14,0.53,0.96,1.63,2.03,2.32,2.77,3.05
984,2014-11-19,0.04,2.22,0.01,0.07,0.15,0.54,0.99,1.66,2.07,2.36,2.8,3.08
985,2014-11-20,0.04,2.22,0.02,0.07,0.14,0.53,0.97,1.64,2.05,2.34,2.78,3.05
986,2014-11-21,0.04,2.22,0.01,0.07,0.14,0.53,0.96,1.63,2.03,2.31,2.75,3.02
987,2014-11-24,0.04,2.22,0.02,0.08,0.14,0.53,0.95,1.62,2.02,2.3,2.74,3.01
988,2014-11-25,0.06,2.22,0.02,0.07,0.14,0.51,0.94,1.58,1.98,2.27,2.69,2.97
989,2014-11-26,0.06,2.22,0.02,0.07,0.14,0.53,0.93,1.56,1.96,2.24,2.67,2.95
990,2014-11-27,0.06,2.22,0.02,0.07,0.14,0.53,0.93,1.56,1.96,2.24,2.67,2.95
991,2014-11-28,0.04,2.22,0.02,0.07,0.13,0.47,0.88,1.49,1.89,2.18,2.62,2.89
992,2014-12-01,0.01,2.22,0.03,0.08,0.13,0.49,0.9,1.52,1.93,2.22,2.66,2.95
993,2014-12-02,0.04,2.22,0.03,0.08,0.14,0.55,0.96,1.59,2.0,2.28,2.72,3.0
994,2014-12-03,0.03,2.22,0.01,0.07,0.15,0.57,0.98,1.61,2.01,2.29,2.71,2.99
995,2014-12-04,0.03,2.22,0.02,0.08,0.14,0.55,0.97,1.59,1.98,2.25,2.66,2.94
996,2014-12-05,0.02,2.22,0.02,0.08,0.18,0.65,1.09,1.69,2.06,2.31,2.69,2.97
997,2014-12-08,0.03,2.22,0.03,0.1,0.18,0.64,1.1,1.67,2.02,2.26,2.62,2.9
998,2014-12-09,0.05,2.22,0.04,0.11,0.23,0.64,1.07,1.63,1.97,2.22,2.58,2.87
999,2014-12-10,0.05,2.22,0.03,0.1,0.21,0.59,1.01,1.58,1.92,2.18,2.54,2.83
1000,2014-12-11,0.02,2.22,0.03,0.09,0.21,0.62,1.05,1.62,1.96,2.19,2.54,2.84
1001,2014-12-12,0.02,2.22,0.02,0.09,0.19,0.56,0.98,1.53,1.86,2.1,2.45,2.75
1002,2014-12-15,0.02,2.22,0.04,0.11,0.22,0.6,1.03,1.58,1.9,2.12,2.45,2.74
1003,2014-12-16,0.03,2.22,0.03,0.11,0.21,0.58,0.99,1.53,1.85,2.07,2.4,2.69
1004,2014-12-17,0.03,2.22,0.03,0.11,0.23,0.62,1.06,1.61,1.93,2.14,2.46,2.74
1005,2014-12-18,0.04,2.22,0.04,0.12,0.25,0.67,1.1,1.68,2.01,2.22,2.54,2.82
1006,2014-12-19,0.01,2.22,0.04,0.11,0.26,0.67,1.1,1.66,1.98,2.17,2.48,2.77
1007,2014-12-22,0.01,2.22,0.05,0.16,0.28,0.71,1.13,1.67,1.98,2.17,2.47,2.75
1008,2014-12-23,0.02,2.22,0.03,0.14,0.26,0.73,1.17,1.76,2.06,2.26,2.57,2.85
1009,2014-12-24,0.01,2.22,0.01,0.14,0.26,0.73,1.18,1.76,2.09,2.27,2.56,2.83
1010,2014-12-26,0.01,2.22,0.01,0.1,0.26,0.73,1.19,1.75,2.07,2.25,2.54,2.81
1011,2014-12-29,0.01,2.22,0.03,0.12,0.25,0.72,1.14,1.72,2.02,2.22,2.51,2.78
1012,2014-12-30,0.03,2.22,0.03,0.12,0.23,0.69,1.11,1.68,2.0,2.2,2.49,2.76
1013,2014-12-31,0.03,2.22,0.04,0.12,0.25,0.67,1.1,1.65,1.97,2.17,2.47,2.75
1014,2015-01-02,0.02,2.22,0.02,0.11,0.25,0.66,1.07,1.61,1.92,2.12,2.41,2.69
1015,2015-01-05,0.02,2.22,0.03,0.1,0.26,0.68,1.06,1.57,1.85,2.04,2.32,2.6
1016,2015-01-06,0.02,2.22,0.03,0.1,0.25,0.65,1.02,1.5,1.78,1.97,2.25,2.52
1017,2015-01-07,0.02,2.22,0.03,0.09,0.25,0.62,1.0,1.47,1.76,1.96,2.25,2.52
1018,2015-01-08,0.01,2.22,0.03,0.08,0.23,0.62,1.0,1.5,1.81,2.03,2.33,2.59
1019,2015-01-09,0.02,2.22,0.02,0.08,0.22,0.59,0.96,1.45,1.75,1.98,2.29,2.55
1020,2015-01-12,0.02,2.22,0.03,0.09,0.19,0.56,0.91,1.39,1.69,1.92,2.23,2.49
1021,2015-01-13,0.02,2.22,0.03,0.08,0.2,0.54,0.88,1.37,1.67,1.91,2.24,2.49
1022,2015-01-14,0.02,2.22,0.04,0.09,0.18,0.51,0.83,1.33,1.62,1.86,2.2,2.47
1023,2015-01-15,0.03,2.22,0.03,0.08,0.16,0.44,0.75,1.22,1.53,1.77,2.12,2.4
1024,2015-01-16,0.02,2.22,0.03,0.07,0.17,0.49,0.8,1.29,1.6,1.83,2.17,2.44
1025,2015-01-20,0.01,2.22,0.03,0.08,0.17,0.53,0.85,1.31,1.61,1.82,2.15,2.39
1026,2015-01-21,0.01,2.22,0.03,0.08,0.17,0.53,0.87,1.35,1.66,1.87,2.2,2.44
1027,2015-01-22,0.02,2.22,0.03,0.08,0.17,0.53,0.9,1.39,1.69,1.9,2.21,2.46
1028,2015-01-23,0.02,2.22,0.02,0.07,0.17,0.52,0.86,1.33,1.62,1.81,2.12,2.38
1029,2015-01-26,0.02,2.22,0.03,0.08,0.18,0.54,0.89,1.36,1.64,1.83,2.14,2.4
1030,2015-01-27,0.02,2.22,0.02,0.08,0.17,0.54,0.87,1.34,1.62,1.83,2.15,2.4
1031,2015-01-28,0.02,2.22,0.02,0.08,0.17,0.5,0.81,1.25,1.53,1.73,2.05,2.29
1032,2015-01-29,0.01,2.22,0.03,0.07,0.17,0.51,0.84,1.28,1.59,1.77,2.11,2.33
1033,2015-01-30,0.01,2.22,0.02,0.07,0.18,0.47,0.77,1.18,1.49,1.68,2.04,2.25
1034,2015-02-02,0.01,2.22,0.02,0.07,0.17,0.49,0.78,1.19,1.49,1.68,2.07,2.25
1035,2015-02-03,0.02,2.22,0.02,0.07,0.21,0.52,0.85,1.28,1.6,1.79,2.16,2.37
1036,2015-02-04,0.01,2.22,0.01,0.06,0.2,0.52,0.86,1.29,1.61,1.81,2.17,2.39
1037,2015-02-05,0.02,2.22,0.02,0.06,0.2,0.52,0.87,1.3,1.62,1.83,2.2,2.42
1038,2015-02-06,0.01,2.22,0.02,0.07,0.26,0.65,1.03,1.48,1.77,1.95,2.28,2.51
1039,2015-02-09,0.02,2.22,0.01,0.08,0.24,0.65,1.04,1.49,1.78,1.96,2.28,2.52
1040,2015-02-10,0.02,2.22,0.01,0.08,0.25,0.67,1.05,1.52,1.82,2.01,2.33,2.58
1041,2015-02-11,0.02,2.22,0.01,0.07,0.24,0.67,1.06,1.53,1.83,2.0,2.33,2.57
1042,2015-02-12,0.02,2.22,0.02,0.07,0.23,0.61,1.02,1.5,1.81,1.99,2.33,2.58
1043,2015-02-13,0.02,2.22,0.01,0.07,0.23,0.66,1.03,1.53,1.84,2.02,2.39,2.63
1044,2015-02-17,0.02,2.22,0.02,0.07,0.25,0.7,1.1,1.62,1.95,2.14,2.49,2.73
1045,2015-02-18,0.02,2.22,0.02,0.07,0.23,0.62,1.0,1.52,1.86,2.07,2.46,2.7
1046,2015-02-19,0.02,2.22,0.02,0.07,0.23,0.67,1.05,1.58,1.92,2.11,2.5,2.73
1047,2015-02-20,0.02,2.22,0.02,0.07,0.23,0.67,1.07,1.61,1.94,2.13,2.5,2.73
1048,2015-02-23,0.01,2.22,0.02,0.08,0.22,0.64,1.03,1.56,1.88,2.06,2.44,2.66
1049,2015-02-24,0.02,2.22,0.02,0.08,0.22,0.6,0.97,1.47,1.79,1.99,2.38,2.6
1050,2015-02-25,0.02,2.22,0.02,0.07,0.21,0.61,0.98,1.47,1.78,1.96,2.35,2.56
1051,2015-02-26,0.02,2.22,0.03,0.07,0.22,0.66,1.04,1.54,1.86,2.03,2.39,2.63
1052,2015-02-27,0.02,2.22,0.02,0.07,0.22,0.63,1.01,1.5,1.82,2.0,2.38,2.6
1053,2015-03-02,0.02,2.22,0.02,0.08,0.22,0.66,1.06,1.57,1.89,2.08,2.46,2.68
1054,2015-03-03,0.01,2.22,0.02,0.08,0.26,0.68,1.09,1.61,1.94,2.12,2.49,2.71
1055,2015-03-04,0.01,2.22,0.01,0.08,0.26,0.66,1.07,1.6,1.93,2.12,2.49,2.72
1056,2015-03-05,0.02,2.22,0.02,0.08,0.25,0.65,1.05,1.57,1.9,2.11,2.49,2.71
1057,2015-03-06,0.02,2.22,0.01,0.08,0.27,0.73,1.16,1.7,2.04,2.24,2.63,2.83
1058,2015-03-09,0.01,2.22,0.02,0.1,0.27,0.7,1.13,1.66,1.99,2.2,2.58,2.8
1059,2015-03-10,0.03,2.22,0.02,0.1,0.25,0.7,1.1,1.62,1.94,2.14,2.51,2.73
1060,2015-03-11,0.03,2.22,0.03,0.1,0.25,0.7,1.09,1.6,1.92,2.11,2.47,2.69
1061,2015-03-12,0.03,2.22,0.03,0.1,0.24,0.67,1.06,1.59,1.91,2.1,2.47,2.69
1062,2015-03-13,0.03,2.22,0.03,0.11,0.24,0.68,1.07,1.6,1.93,2.13,2.48,2.7
1063,2015-03-16,0.02,2.22,0.05,0.15,0.26,0.66,1.06,1.57,1.9,2.1,2.45,2.67
1064,2015-03-17,0.05,2.22,0.05,0.15,0.27,0.7,1.07,1.56,1.87,2.06,2.4,2.61
1065,2015-03-18,0.02,2.22,0.03,0.12,0.23,0.57,0.92,1.41,1.73,1.93,2.31,2.51
1066,2015-03-19,0.02,2.22,0.03,0.12,0.26,0.63,0.99,1.48,1.79,1.98,2.33,2.54
1067,2015-03-20,0.0,2.22,0.01,0.11,0.24,0.6,0.95,1.42,1.73,1.93,2.29,2.5
1068,2015-03-23,0.02,2.22,0.03,0.11,0.24,0.6,0.93,1.41,1.71,1.92,2.29,2.51
1069,2015-03-24,0.03,2.22,0.02,0.11,0.24,0.58,0.91,1.37,1.68,1.88,2.24,2.46
1070,2015-03-25,0.02,2.22,0.04,0.11,0.25,0.59,0.94,1.41,1.73,1.93,2.28,2.5
1071,2015-03-26,0.02,2.22,0.03,0.13,0.28,0.61,0.98,1.47,1.81,2.01,2.37,2.6
1072,2015-03-27,0.02,2.22,0.04,0.12,0.27,0.58,0.92,1.42,1.74,1.95,2.29,2.53
1073,2015-03-30,0.02,2.22,0.04,0.14,0.27,0.58,0.93,1.41,1.74,1.96,2.32,2.55
1074,2015-03-31,0.05,2.22,0.03,0.14,0.26,0.56,0.89,1.37,1.71,1.94,2.31,2.54
1075,2015-04-01,0.02,2.22,0.03,0.12,0.27,0.55,0.86,1.32,1.65,1.87,2.23,2.47
1076,2015-04-02,0.02,2.22,0.02,0.1,0.25,0.55,0.87,1.35,1.69,1.92,2.29,2.53
1077,2015-04-06,0.02,2.22,0.03,0.1,0.21,0.51,0.83,1.31,1.67,1.92,2.31,2.57
1078,2015-04-07,0.02,2.22,0.02,0.1,0.22,0.52,0.85,1.32,1.66,1.89,2.27,2.52
1079,2015-04-08,0.02,2.22,0.03,0.1,0.22,0.54,0.86,1.35,1.68,1.92,2.28,2.53
1080,2015-04-09,0.02,2.22,0.03,0.1,0.22,0.56,0.89,1.4,1.73,1.97,2.35,2.61
1081,2015-04-10,0.01,2.22,0.02,0.09,0.24,0.57,0.91,1.41,1.73,1.96,2.33,2.58
1082,2015-04-13,0.02,2.22,0.03,0.11,0.23,0.54,0.89,1.38,1.71,1.94,2.33,2.58
1083,2015-04-14,0.02,2.22,0.02,0.1,0.23,0.53,0.85,1.34,1.67,1.9,2.29,2.54
1084,2015-04-15,0.02,2.22,0.02,0.08,0.23,0.51,0.85,1.33,1.66,1.91,2.3,2.55
1085,2015-04-16,0.03,2.22,0.02,0.08,0.22,0.5,0.81,1.31,1.64,1.9,2.31,2.56
1086,2015-04-17,0.03,2.22,0.01,0.08,0.23,0.51,0.84,1.31,1.63,1.87,2.26,2.51
1087,2015-04-20,0.03,2.22,0.03,0.1,0.24,0.55,0.86,1.33,1.65,1.9,2.31,2.56
1088,2015-04-21,0.02,2.22,0.03,0.09,0.23,0.55,0.86,1.35,1.67,1.92,2.33,2.58
1089,2015-04-22,0.01,2.22,0.03,0.1,0.23,0.57,0.91,1.41,1.75,1.99,2.42,2.66
1090,2015-04-23,0.01,2.22,0.03,0.09,0.24,0.55,0.87,1.37,1.7,1.96,2.38,2.63
1091,2015-04-24,0.03,2.22,0.03,0.1,0.24,0.54,0.84,1.34,1.68,1.93,2.36,2.62
1092,2015-04-27,0.01,2.22,0.02,0.1,0.25,0.54,0.87,1.36,1.69,1.94,2.36,2.61
1093,2015-04-28,0.0,2.22,0.02,0.09,0.24,0.56,0.9,1.39,1.75,2.0,2.42,2.68
1094,2015-04-29,0.0,2.22,0.01,0.07,0.25,0.56,0.91,1.43,1.8,2.06,2.49,2.76
1095,2015-04-30,0.0,2.22,0.01,0.06,0.24,0.58,0.91,1.43,1.79,2.05,2.49,2.75
1096,2015-05-01,0.0,2.22,0.01,0.05,0.25,0.6,0.97,1.5,1.87,2.12,2.57,2.82
1097,2015-05-04,0.01,2.22,0.02,0.08,0.25,0.6,0.96,1.51,1.9,2.16,2.62,2.88
1098,2015-05-05,0.01,2.22,0.01,0.08,0.24,0.62,1.0,1.54,1.92,2.19,2.64,2.9
1099,2015-05-06,0.02,2.22,0.02,0.08,0.25,0.65,1.03,1.58,1.97,2.25,2.72,2.98
1100,2015-05-07,0.01,2.22,0.01,0.08,0.24,0.63,1.02,1.55,1.93,2.18,2.63,2.9
1101,2015-05-08,0.01,2.22,0.01,0.08,0.23,0.59,0.96,1.5,1.89,2.16,2.63,2.9
1102,2015-05-11,0.02,2.22,0.02,0.09,0.25,0.62,1.02,1.59,2.0,2.28,2.76,3.03
1103,2015-05-12,0.01,2.22,0.03,0.09,0.25,0.61,1.0,1.58,2.0,2.28,2.75,3.02
1104,2015-05-13,0.02,2.22,0.02,0.09,0.24,0.59,0.97,1.57,2.0,2.27,2.79,3.07
1105,2015-05-14,0.0,2.22,0.01,0.08,0.23,0.56,0.91,1.51,1.94,2.23,2.76,3.03
1106,2015-05-15,0.02,2.22,0.02,0.09,0.23,0.55,0.9,1.46,1.87,2.14,2.66,2.93
1107,2015-05-18,0.01,2.22,0.02,0.08,0.22,0.58,0.95,1.54,1.95,2.23,2.75,3.02
1108,2015-05-19,0.02,2.22,0.02,0.07,0.23,0.63,1.01,1.6,2.01,2.27,2.79,3.05
1109,2015-05-20,0.02,2.22,0.02,0.08,0.23,0.6,0.98,1.57,1.98,2.26,2.79,3.06
1110,2015-05-21,0.02,2.22,0.02,0.07,0.22,0.6,0.95,1.53,1.92,2.19,2.71,2.98
1111,2015-05-22,0.01,2.22,0.02,0.08,0.23,0.64,1.01,1.57,1.96,2.21,2.73,2.99
1112,2015-05-26,0.01,2.22,0.02,0.09,0.24,0.64,0.99,1.54,1.9,2.14,2.64,2.89
1113,2015-05-27,0.02,2.22,0.01,0.09,0.27,0.64,1.0,1.53,1.9,2.14,2.63,2.88
1114,2015-05-28,0.01,2.22,0.01,0.08,0.26,0.62,0.97,1.51,1.89,2.13,2.64,2.89
1115,2015-05-29,0.01,2.22,0.01,0.06,0.26,0.61,0.94,1.49,1.86,2.12,2.63,2.88
1116,2015-06-01,0.02,2.22,0.02,0.07,0.26,0.64,0.99,1.55,1.93,2.19,2.69,2.94
1117,2015-06-02,0.02,2.22,0.01,0.07,0.26,0.64,1.02,1.61,2.01,2.27,2.77,3.02
1118,2015-06-03,0.02,2.22,0.02,0.07,0.26,0.69,1.07,1.69,2.12,2.38,2.87,3.11
1119,2015-06-04,0.02,2.22,0.02,0.08,0.27,0.66,1.04,1.65,2.05,2.31,2.78,3.03
1120,2015-06-05,0.02,2.22,0.03,0.08,0.29,0.73,1.13,1.75,2.16,2.41,2.87,3.11
1121,2015-06-08,0.01,2.22,0.02,0.09,0.27,0.7,1.09,1.72,2.13,2.39,2.86,3.11
1122,2015-06-09,0.01,2.22,0.02,0.08,0.27,0.72,1.12,1.74,2.16,2.42,2.89,3.15
1123,2015-06-10,0.01,2.22,0.02,0.1,0.28,0.75,1.15,1.8,2.22,2.5,2.96,3.22
1124,2015-06-11,0.01,2.22,0.01,0.1,0.28,0.73,1.12,1.74,2.14,2.39,2.84,3.11
1125,2015-06-12,0.01,2.22,0.02,0.1,0.28,0.74,1.12,1.75,2.15,2.39,2.84,3.1
1126,2015-06-15,0.0,2.22,0.02,0.11,0.28,0.72,1.1,1.71,2.11,2.36,2.83,3.09
1127,2015-06-16,0.0,2.22,0.01,0.11,0.28,0.71,1.08,1.68,2.07,2.32,2.79,3.06
1128,2015-06-17,0.0,2.22,0.01,0.1,0.27,0.67,1.03,1.63,2.05,2.32,2.82,3.09
1129,2015-06-18,0.0,2.22,0.01,0.08,0.26,0.66,1.03,1.65,2.08,2.35,2.86,3.14
1130,2015-06-19,0.0,2.22,0.01,0.05,0.25,0.65,0.99,1.59,1.99,2.26,2.76,3.05
1131,2015-06-22,0.0,2.22,0.01,0.08,0.27,0.68,1.06,1.68,2.1,2.37,2.87,3.16
1132,2015-06-23,0.0,2.22,0.01,0.09,0.3,0.7,1.07,1.71,2.14,2.42,2.92,3.2
1133,2015-06-24,0.0,2.22,0.01,0.08,0.3,0.68,1.06,1.69,2.12,2.38,2.87,3.16
1134,2015-06-25,0.0,2.22,0.01,0.07,0.29,0.68,1.06,1.7,2.14,2.4,2.88,3.16
1135,2015-06-26,0.0,2.22,0.01,0.08,0.29,0.72,1.09,1.75,2.2,2.49,2.98,3.25
1136,2015-06-29,0.0,2.22,0.02,0.11,0.27,0.64,1.0,1.62,2.05,2.33,2.82,3.09
1137,2015-06-30,0.02,2.22,0.01,0.11,0.28,0.64,1.01,1.63,2.07,2.35,2.83,3.11
1138,2015-07-01,0.01,2.22,0.01,0.13,0.28,0.69,1.08,1.7,2.14,2.43,2.92,3.2
1139,2015-07-02,0.01,2.22,0.01,0.1,0.26,0.64,1.01,1.64,2.09,2.4,2.9,3.19
1140,2015-07-06,0.01,2.22,0.02,0.09,0.26,0.6,0.95,1.56,2.0,2.3,2.78,3.08
1141,2015-07-07,0.02,2.22,0.02,0.08,0.25,0.58,0.96,1.55,1.98,2.27,2.74,3.04
1142,2015-07-08,0.02,2.22,0.02,0.08,0.24,0.55,0.91,1.5,1.92,2.22,2.69,2.99
1143,2015-07-09,0.02,2.22,0.03,0.08,0.25,0.6,0.95,1.58,2.01,2.32,2.8,3.11
1144,2015-07-10,0.01,2.22,0.01,0.09,0.28,0.65,1.04,1.68,2.12,2.42,2.91,3.2
1145,2015-07-13,0.02,2.22,0.02,0.1,0.28,0.69,1.06,1.71,2.14,2.44,2.92,3.21
1146,2015-07-14,0.03,2.22,0.01,0.1,0.27,0.66,1.03,1.67,2.1,2.41,2.9,3.2
1147,2015-07-15,0.03,2.22,0.02,0.11,0.28,0.64,1.0,1.63,2.05,2.36,2.83,3.13
1148,2015-07-16,0.03,2.22,0.02,0.1,0.29,0.67,1.05,1.66,2.07,2.36,2.81,3.11
1149,2015-07-17,0.03,2.22,0.03,0.11,0.29,0.68,1.05,1.67,2.07,2.34,2.77,3.08
1150,2015-07-20,0.03,2.22,0.04,0.14,0.31,0.71,1.09,1.72,2.11,2.38,2.79,3.1
1151,2015-07-21,0.04,2.22,0.03,0.13,0.34,0.71,1.07,1.69,2.08,2.35,2.77,3.08
1152,2015-07-22,0.04,2.22,0.04,0.13,0.34,0.75,1.08,1.69,2.07,2.33,2.73,3.04
1153,2015-07-23,0.04,2.22,0.03,0.13,0.33,0.71,1.06,1.65,2.03,2.28,2.67,2.98
1154,2015-07-24,0.04,2.22,0.04,0.14,0.32,0.7,1.04,1.64,2.02,2.27,2.67,2.96
1155,2015-07-27,0.04,2.22,0.05,0.15,0.32,0.68,1.0,1.58,1.96,2.23,2.64,2.93
1156,2015-07-28,0.05,2.22,0.05,0.14,0.32,0.69,1.03,1.61,1.99,2.26,2.66,2.96
1157,2015-07-29,0.05,2.22,0.06,0.14,0.33,0.7,1.05,1.62,2.02,2.29,2.69,2.99
1158,2015-07-30,0.05,2.22,0.07,0.15,0.36,0.72,1.07,1.62,2.02,2.28,2.66,2.96
1159,2015-07-31,0.04,2.22,0.08,0.14,0.33,0.67,1.0,1.54,1.93,2.2,2.61,2.92
1160,2015-08-03,0.03,2.22,0.08,0.17,0.33,0.68,0.99,1.52,1.89,2.16,2.55,2.86
1161,2015-08-04,0.05,2.22,0.08,0.18,0.37,0.74,1.08,1.6,1.97,2.23,2.59,2.9
1162,2015-08-05,0.05,2.22,0.08,0.19,0.38,0.73,1.1,1.65,2.02,2.28,2.64,2.94
1163,2015-08-06,0.04,2.22,0.04,0.2,0.35,0.71,1.08,1.62,1.98,2.23,2.59,2.9
1164,2015-08-07,0.03,2.22,0.06,0.23,0.38,0.73,1.08,1.59,1.93,2.18,2.52,2.83
1165,2015-08-10,0.03,2.22,0.12,0.24,0.4,0.73,1.09,1.62,1.98,2.24,2.58,2.89
1166,2015-08-11,0.06,2.22,0.1,0.23,0.37,0.68,1.03,1.53,1.89,2.15,2.5,2.81
1167,2015-08-12,0.06,2.22,0.1,0.22,0.37,0.67,1.01,1.52,1.88,2.14,2.52,2.84
1168,2015-08-13,0.06,2.22,0.1,0.24,0.4,0.72,1.06,1.58,1.94,2.19,2.54,2.86
1169,2015-08-14,0.04,2.22,0.09,0.25,0.41,0.73,1.08,1.61,1.96,2.2,2.54,2.84
1170,2015-08-17,0.03,2.22,0.1,0.24,0.4,0.72,1.07,1.58,1.92,2.16,2.51,2.81
1171,2015-08-18,0.05,2.22,0.07,0.25,0.42,0.74,1.07,1.6,1.95,2.2,2.56,2.87
1172,2015-08-19,0.05,2.22,0.05,0.22,0.39,0.67,0.98,1.5,1.85,2.12,2.49,2.81
1173,2015-08-20,0.01,2.22,0.02,0.22,0.39,0.69,1.0,1.5,1.84,2.09,2.45,2.76
1174,2015-08-21,0.02,2.22,0.03,0.21,0.36,0.64,0.95,1.44,1.79,2.05,2.44,2.74
1175,2015-08-24,0.02,2.22,0.06,0.2,0.33,0.59,0.9,1.39,1.75,2.01,2.42,2.73
1176,2015-08-25,0.04,2.22,0.07,0.19,0.36,0.67,0.98,1.48,1.86,2.12,2.54,2.84
1177,2015-08-26,0.03,2.22,0.06,0.2,0.35,0.67,0.98,1.49,1.9,2.18,2.64,2.94
1178,2015-08-27,0.02,2.22,0.06,0.22,0.36,0.68,0.99,1.49,1.91,2.18,2.61,2.93
1179,2015-08-28,0.02,2.22,0.06,0.25,0.38,0.72,1.04,1.52,1.92,2.19,2.61,2.92
1180,2015-08-31,0.0,2.22,0.08,0.27,0.39,0.74,1.07,1.54,1.94,2.21,2.64,2.95
1181,2015-09-01,0.01,2.22,0.03,0.26,0.39,0.7,1.03,1.49,1.89,2.17,2.62,2.93
1182,2015-09-02,0.01,2.22,0.03,0.25,0.37,0.72,1.04,1.52,1.92,2.2,2.66,2.97
1183,2015-09-03,0.02,2.22,0.02,0.24,0.36,0.71,1.0,1.49,1.9,2.18,2.64,2.95
1184,2015-09-04,0.02,2.22,0.02,0.23,0.36,0.71,1.0,1.47,1.85,2.13,2.58,2.89
1185,2015-09-08,0.02,2.22,0.06,0.27,0.39,0.74,1.05,1.53,1.92,2.2,2.66,2.97
1186,2015-09-09,0.02,2.22,0.03,0.26,0.39,0.75,1.06,1.53,1.91,2.21,2.64,2.96
1187,2015-09-10,0.02,2.22,0.02,0.25,0.39,0.75,1.06,1.55,1.93,2.23,2.66,2.98
1188,2015-09-11,0.04,2.22,0.04,0.25,0.4,0.71,1.03,1.52,1.89,2.2,2.63,2.95
1189,2015-09-14,0.02,2.22,0.07,0.26,0.4,0.73,1.03,1.51,1.88,2.18,2.62,2.95
1190,2015-09-15,0.0,2.22,0.07,0.27,0.47,0.82,1.12,1.61,1.99,2.28,2.73,3.06
1191,2015-09-16,0.0,2.22,0.06,0.24,0.46,0.82,1.13,1.62,2.01,2.3,2.75,3.08
1192,2015-09-17,0.0,2.22,0.01,0.16,0.39,0.7,1.0,1.5,1.9,2.21,2.69,3.02
1193,2015-09-18,0.0,2.22,0.0,0.1,0.35,0.69,0.97,1.45,1.83,2.13,2.58,2.93
1194,2015-09-21,0.0,2.22,0.01,0.11,0.36,0.72,1.01,1.51,1.9,2.2,2.67,3.02
1195,2015-09-22,0.0,2.22,0.0,0.1,0.35,0.69,0.97,1.44,1.83,2.14,2.6,2.94
1196,2015-09-23,0.0,2.22,0.01,0.09,0.34,0.7,1.0,1.47,1.85,2.16,2.6,2.95
1197,2015-09-24,0.0,2.22,0.01,0.09,0.32,0.67,0.97,1.44,1.84,2.13,2.55,2.91
1198,2015-09-25,0.0,2.22,0.0,0.07,0.35,0.7,1.0,1.48,1.87,2.17,2.6,2.96
1199,2015-09-28,0.0,2.22,0.01,0.1,0.34,0.67,0.97,1.42,1.8,2.1,2.51,2.87
1200,2015-09-29,0.0,2.22,0.01,0.09,0.33,0.64,0.92,1.37,1.74,2.05,2.48,2.85
1201,2015-09-30,0.0,2.22,0.0,0.08,0.33,0.64,0.92,1.37,1.75,2.06,2.51,2.87
1202,2015-10-01,0.0,2.22,0.0,0.08,0.31,0.64,0.92,1.37,1.75,2.05,2.49,2.85
1203,2015-10-02,0.0,2.22,0.0,0.06,0.25,0.58,0.85,1.29,1.67,1.99,2.44,2.82
1204,2015-10-05,0.0,2.22,0.01,0.06,0.26,0.61,0.89,1.35,1.74,2.07,2.52,2.9
1205,2015-10-06,0.0,2.22,0.0,0.07,0.26,0.61,0.9,1.34,1.72,2.05,2.5,2.88
1206,2015-10-07,0.0,2.22,0.0,0.08,0.27,0.65,0.92,1.37,1.75,2.08,2.51,2.89
1207,2015-10-08,0.0,2.22,0.0,0.07,0.27,0.65,0.93,1.4,1.79,2.12,2.56,2.96
1208,2015-10-09,0.01,2.22,0.01,0.07,0.28,0.65,0.96,1.41,1.8,2.12,2.55,2.94
1209,2015-10-12,0.01,2.22,0.01,0.07,0.28,0.65,0.96,1.41,1.8,2.12,2.55,2.94
1210,2015-10-13,0.0,2.22,0.01,0.08,0.27,0.64,0.92,1.36,1.74,2.06,2.49,2.89
1211,2015-10-14,0.0,2.22,0.0,0.08,0.21,0.57,0.84,1.29,1.66,1.99,2.42,2.84
1212,2015-10-15,0.0,2.22,0.01,0.08,0.22,0.61,0.9,1.34,1.72,2.04,2.46,2.87
1213,2015-10-16,0.03,2.22,0.01,0.07,0.23,0.61,0.91,1.36,1.73,2.04,2.46,2.87
1214,2015-10-19,0.06,2.22,0.02,0.12,0.23,0.61,0.89,1.35,1.73,2.04,2.48,2.89
1215,2015-10-20,0.08,2.22,0.02,0.12,0.23,0.66,0.93,1.4,1.78,2.08,2.53,2.92
1216,2015-10-21,0.01,2.22,0.01,0.12,0.23,0.64,0.91,1.37,1.74,2.04,2.48,2.87
1217,2015-10-22,0.02,2.22,0.0,0.11,0.23,0.61,0.89,1.36,1.74,2.04,2.48,2.87
1218,2015-10-23,0.01,2.22,0.01,0.13,0.24,0.66,0.94,1.43,1.81,2.09,2.54,2.9
1219,2015-10-26,0.01,2.22,0.02,0.16,0.25,0.66,0.94,1.41,1.78,2.07,2.5,2.87
1220,2015-10-27,0.01,2.22,0.03,0.18,0.29,0.65,0.92,1.38,1.75,2.05,2.48,2.86
1221,2015-10-28,0.03,2.22,0.04,0.21,0.33,0.73,1.0,1.47,1.83,2.1,2.5,2.87
1222,2015-10-29,0.02,2.22,0.07,0.21,0.33,0.75,1.05,1.53,1.9,2.19,2.6,2.96
1223,2015-10-30,0.01,2.22,0.08,0.23,0.34,0.75,1.05,1.52,1.88,2.16,2.57,2.93
1224,2015-11-02,0.01,2.22,0.08,0.27,0.37,0.77,1.08,1.57,1.93,2.2,2.6,2.95
1225,2015-11-03,0.07,2.22,0.06,0.26,0.39,0.8,1.1,1.59,1.96,2.23,2.65,3.0
1226,2015-11-04,0.07,2.22,0.05,0.27,0.4,0.84,1.16,1.64,1.99,2.25,2.66,3.0
1227,2015-11-05,0.04,2.22,0.05,0.27,0.42,0.85,1.16,1.65,2.0,2.26,2.68,3.01
1228,2015-11-06,0.04,2.22,0.08,0.32,0.47,0.9,1.23,1.73,2.09,2.34,2.76,3.09
1229,2015-11-09,0.06,2.22,0.14,0.34,0.47,0.89,1.27,1.75,2.11,2.36,2.79,3.12
1230,2015-11-10,0.08,2.22,0.13,0.34,0.51,0.87,1.22,1.72,2.08,2.32,2.76,3.1
1231,2015-11-11,0.08,2.22,0.13,0.34,0.51,0.87,1.22,1.72,2.08,2.32,2.76,3.1
1232,2015-11-12,0.08,2.22,0.14,0.35,0.51,0.89,1.24,1.73,2.09,2.32,2.75,3.09
1233,2015-11-13,0.03,2.22,0.14,0.31,0.5,0.86,1.2,1.67,2.05,2.28,2.72,3.06
1234,2015-11-16,0.05,2.22,0.15,0.33,0.5,0.88,1.18,1.66,2.02,2.27,2.72,3.07
1235,2015-11-17,0.07,2.22,0.14,0.34,0.5,0.86,1.18,1.66,2.02,2.25,2.69,3.04
1236,2015-11-18,0.07,2.22,0.12,0.31,0.49,0.9,1.21,1.69,2.04,2.27,2.7,3.04
1237,2015-11-19,0.06,2.22,0.11,0.31,0.49,0.91,1.21,1.68,2.02,2.24,2.66,3.0
1238,2015-11-20,0.05,2.22,0.12,0.31,0.49,0.93,1.23,1.7,2.04,2.26,2.68,3.02
1239,2015-11-23,0.06,2.22,0.14,0.35,0.5,0.94,1.26,1.7,2.03,2.25,2.66,3.0
1240,2015-11-24,0.13,2.22,0.16,0.36,0.52,0.93,1.23,1.66,2.01,2.24,2.65,3.0
1241,2015-11-25,0.14,2.22,0.19,0.39,0.52,0.93,1.25,1.66,2.01,2.23,2.64,3.0
1242,2015-11-27,0.13,2.22,0.18,0.38,0.5,0.92,1.23,1.64,1.99,2.22,2.64,3.0
1243,2015-11-30,0.11,2.22,0.22,0.42,0.51,0.94,1.24,1.65,1.99,2.21,2.63,2.98
1244,2015-12-01,0.19,2.22,0.21,0.42,0.51,0.91,1.19,1.59,1.93,2.15,2.55,2.91
1245,2015-12-02,0.19,2.22,0.21,0.42,0.52,0.94,1.23,1.63,1.97,2.18,2.55,2.91
1246,2015-12-03,0.18,2.22,0.21,0.45,0.57,0.96,1.27,1.74,2.1,2.33,2.72,3.07
1247,2015-12-04,0.17,2.22,0.23,0.49,0.6,0.96,1.25,1.71,2.06,2.28,2.65,3.01
1248,2015-12-07,0.21,2.22,0.29,0.57,0.67,0.94,1.24,1.67,2.02,2.23,2.59,2.95
1249,2015-12-08,0.23,2.22,0.27,0.58,0.76,0.94,1.25,1.68,2.02,2.24,2.61,2.97
1250,2015-12-09,0.19,2.22,0.26,0.53,0.72,0.93,1.22,1.64,1.99,2.22,2.59,2.97
1251,2015-12-10,0.19,2.22,0.24,0.55,0.71,0.95,1.25,1.68,2.03,2.24,2.6,2.98
1252,2015-12-11,0.15,2.22,0.23,0.52,0.68,0.88,1.16,1.56,1.91,2.13,2.49,2.87
1253,2015-12-14,0.13,2.22,0.26,0.54,0.68,0.97,1.25,1.66,2.02,2.23,2.59,2.96
1254,2015-12-15,0.21,2.22,0.25,0.54,0.69,0.98,1.29,1.71,2.06,2.28,2.62,3.0
1255,2015-12-16,0.2,2.22,0.27,0.51,0.7,1.02,1.35,1.75,2.11,2.3,2.65,3.02
1256,2015-12-17,0.18,2.22,0.23,0.48,0.69,1.0,1.33,1.73,2.05,2.24,2.57,2.94
1257,2015-12-18,0.16,2.22,0.19,0.47,0.67,0.97,1.27,1.67,2.0,2.19,2.54,2.9
1258,2015-12-21,0.14,2.22,0.24,0.51,0.64,0.96,1.28,1.67,2.0,2.2,2.55,2.92
1259,2015-12-22,0.19,2.22,0.21,0.47,0.66,0.99,1.31,1.71,2.04,2.24,2.6,2.96
1260,2015-12-23,0.19,2.22,0.2,0.47,0.65,1.01,1.32,1.74,2.07,2.27,2.64,3.0
1261,2015-12-24,0.15,2.22,0.2,0.49,0.64,1.03,1.33,1.73,2.06,2.25,2.61,2.96
1262,2015-12-28,0.13,2.22,0.23,0.51,0.66,1.05,1.33,1.73,2.05,2.24,2.59,2.95
1263,2015-12-29,0.18,2.22,0.23,0.5,0.67,1.09,1.38,1.81,2.12,2.32,2.69,3.04
1264,2015-12-30,0.08,2.22,0.21,0.47,0.64,1.08,1.36,1.8,2.14,2.31,2.69,3.04
1265,2015-12-31,0.14,2.22,0.16,0.49,0.65,1.06,1.31,1.76,2.09,2.27,2.67,3.01
1266,2016-01-04,0.17,2.22,0.22,0.49,0.61,1.02,1.31,1.73,2.06,2.24,2.64,2.98
1267,2016-01-05,0.2,2.22,0.2,0.49,0.68,1.04,1.32,1.73,2.06,2.25,2.67,3.01
1268,2016-01-06,0.21,2.22,0.21,0.47,0.67,0.99,1.26,1.65,1.98,2.18,2.59,2.94
1269,2016-01-07,0.2,2.22,0.2,0.46,0.66,0.96,1.22,1.61,1.94,2.16,2.56,2.92
1270,2016-01-08,0.2,2.22,0.2,0.45,0.64,0.94,1.2,1.57,1.91,2.13,2.55,2.91
1271,2016-01-11,0.19,2.22,0.21,0.48,0.63,0.94,1.2,1.58,1.94,2.17,2.59,2.96
1272,2016-01-12,0.22,2.22,0.21,0.47,0.62,0.93,1.18,1.55,1.88,2.12,2.51,2.89
1273,2016-01-13,0.22,2.22,0.22,0.46,0.6,0.91,1.15,1.51,1.85,2.08,2.47,2.85
1274,2016-01-14,0.22,2.22,0.25,0.43,0.55,0.9,1.14,1.52,1.87,2.1,2.51,2.9
1275,2016-01-15,0.19,2.22,0.24,0.37,0.49,0.85,1.08,1.46,1.79,2.03,2.44,2.81
1276,2016-01-19,0.21,2.22,0.26,0.37,0.48,0.88,1.11,1.49,1.82,2.06,2.45,2.82
1277,2016-01-20,0.26,2.22,0.26,0.35,0.43,0.85,1.06,1.44,1.76,2.01,2.41,2.77
1278,2016-01-21,0.27,2.22,0.28,0.38,0.44,0.84,1.06,1.44,1.77,2.02,2.42,2.79
1279,2016-01-22,0.26,2.22,0.31,0.41,0.47,0.88,1.11,1.49,1.81,2.07,2.46,2.83
1280,2016-01-25,0.25,2.22,0.31,0.42,0.47,0.88,1.1,1.47,1.79,2.03,2.42,2.8
1281,2016-01-26,0.29,2.22,0.31,0.45,0.47,0.85,1.07,1.45,1.76,2.01,2.41,2.79
1282,2016-01-27,0.28,2.22,0.32,0.43,0.47,0.84,1.07,1.43,1.76,2.02,2.42,2.8
1283,2016-01-28,0.26,2.22,0.35,0.45,0.47,0.83,1.05,1.4,1.75,2.0,2.41,2.79
1284,2016-01-29,0.22,2.22,0.33,0.43,0.47,0.76,0.97,1.33,1.67,1.94,2.36,2.75
1285,2016-02-01,0.19,2.22,0.35,0.47,0.47,0.81,1.01,1.38,1.72,1.97,2.38,2.77
1286,2016-02-02,0.26,2.22,0.34,0.47,0.54,0.75,0.93,1.28,1.61,1.87,2.27,2.67
1287,2016-02-03,0.27,2.22,0.33,0.46,0.54,0.72,0.91,1.27,1.61,1.88,2.3,2.7
1288,2016-02-04,0.24,2.22,0.29,0.43,0.52,0.7,0.9,1.25,1.6,1.87,2.29,2.7
1289,2016-02-05,0.23,2.22,0.3,0.45,0.55,0.74,0.91,1.25,1.58,1.86,2.27,2.68
1290,2016-02-08,0.21,2.22,0.32,0.42,0.51,0.66,0.83,1.16,1.48,1.75,2.17,2.56
1291,2016-02-09,0.27,2.22,0.3,0.43,0.52,0.69,0.85,1.15,1.47,1.74,2.16,2.55
1292,2016-02-10,0.27,2.22,0.31,0.42,0.52,0.71,0.85,1.15,1.46,1.71,2.13,2.53
1293,2016-02-11,0.27,2.22,0.28,0.39,0.47,0.64,0.81,1.11,1.39,1.63,2.06,2.5
1294,2016-02-12,0.26,2.22,0.3,0.39,0.51,0.71,0.89,1.2,1.5,1.74,2.15,2.6
1295,2016-02-16,0.23,2.22,0.3,0.42,0.51,0.74,0.91,1.23,1.53,1.78,2.19,2.64
1296,2016-02-17,0.28,2.22,0.3,0.43,0.53,0.74,0.93,1.26,1.57,1.81,2.24,2.68
1297,2016-02-18,0.28,2.22,0.3,0.45,0.53,0.71,0.88,1.21,1.51,1.75,2.17,2.62
1298,2016-02-19,0.26,2.22,0.31,0.46,0.53,0.76,0.91,1.24,1.53,1.76,2.17,2.61
1299,2016-02-22,0.28,2.22,0.33,0.46,0.55,0.78,0.92,1.25,1.54,1.77,2.18,2.62
1300,2016-02-23,0.28,2.22,0.32,0.47,0.55,0.76,0.9,1.23,1.51,1.74,2.16,2.6
1301,2016-02-24,0.28,2.22,0.33,0.46,0.55,0.75,0.9,1.21,1.52,1.75,2.16,2.61
1302,2016-02-25,0.27,2.22,0.32,0.46,0.56,0.72,0.85,1.16,1.47,1.71,2.14,2.58
1303,2016-02-26,0.26,2.22,0.33,0.47,0.6,0.8,0.93,1.23,1.55,1.76,2.2,2.63
1304,2016-02-29,0.23,2.22,0.33,0.49,0.62,0.78,0.91,1.22,1.52,1.74,2.19,2.61
1305,2016-03-01,0.29,2.22,0.33,0.5,0.68,0.85,0.98,1.31,1.62,1.83,2.28,2.7
1306,2016-03-02,0.28,2.22,0.36,0.48,0.67,0.85,1.0,1.34,1.65,1.84,2.27,2.69
1307,2016-03-03,0.25,2.22,0.28,0.46,0.65,0.85,0.99,1.33,1.63,1.83,2.23,2.65
1308,2016-03-04,0.25,2.22,0.29,0.47,0.67,0.88,1.04,1.38,1.69,1.88,2.29,2.7
1309,2016-03-07,0.27,2.22,0.32,0.49,0.67,0.91,1.08,1.42,1.72,1.91,2.3,2.71
1310,2016-03-08,0.27,2.22,0.29,0.48,0.68,0.88,1.04,1.34,1.64,1.83,2.22,2.63
1311,2016-03-09,0.27,2.22,0.3,0.47,0.68,0.9,1.07,1.39,1.69,1.9,2.27,2.68
1312,2016-03-10,0.27,2.22,0.32,0.5,0.69,0.93,1.11,1.45,1.75,1.93,2.29,2.7
1313,2016-03-11,0.27,2.22,0.33,0.51,0.7,0.97,1.16,1.49,1.79,1.98,2.34,2.75
1314,2016-03-14,0.28,2.22,0.34,0.52,0.7,0.97,1.15,1.49,1.78,1.97,2.33,2.74
1315,2016-03-15,0.29,2.22,0.34,0.52,0.71,0.98,1.16,1.5,1.78,1.97,2.33,2.73
1316,2016-03-16,0.28,2.22,0.31,0.47,0.66,0.87,1.05,1.41,1.72,1.94,2.32,2.73
1317,2016-03-17,0.29,2.22,0.29,0.47,0.64,0.87,1.04,1.39,1.7,1.91,2.28,2.69
1318,2016-03-18,0.27,2.22,0.3,0.44,0.62,0.84,1.0,1.34,1.66,1.88,2.26,2.68
1319,2016-03-21,0.26,2.22,0.31,0.46,0.63,0.87,1.05,1.38,1.7,1.92,2.31,2.72
1320,2016-03-22,0.28,2.22,0.3,0.46,0.64,0.91,1.08,1.42,1.74,1.94,2.32,2.72
1321,2016-03-23,0.27,2.22,0.3,0.46,0.64,0.87,1.03,1.37,1.67,1.88,2.25,2.65
1322,2016-03-24,0.24,2.22,0.3,0.46,0.63,0.89,1.05,1.39,1.7,1.91,2.28,2.67
1323,2016-03-28,0.19,2.22,0.29,0.49,0.65,0.89,1.04,1.37,1.68,1.89,2.26,2.66
1324,2016-03-29,0.18,2.22,0.23,0.45,0.63,0.78,0.94,1.29,1.59,1.81,2.2,2.6
1325,2016-03-30,0.14,2.22,0.2,0.39,0.61,0.76,0.91,1.26,1.6,1.83,2.24,2.65
1326,2016-03-31,0.18,2.22,0.21,0.39,0.59,0.73,0.87,1.21,1.54,1.78,2.2,2.61
1327,2016-04-01,0.2,2.22,0.23,0.4,0.62,0.76,0.9,1.24,1.56,1.79,2.2,2.62
1328,2016-04-04,0.18,2.22,0.23,0.38,0.59,0.75,0.88,1.22,1.53,1.78,2.19,2.6
1329,2016-04-05,0.19,2.22,0.23,0.36,0.56,0.72,0.85,1.17,1.49,1.73,2.13,2.54
1330,2016-04-06,0.19,2.22,0.23,0.36,0.55,0.73,0.88,1.2,1.52,1.76,2.17,2.58
1331,2016-04-07,0.2,2.22,0.23,0.36,0.52,0.7,0.83,1.14,1.46,1.7,2.1,2.52
1332,2016-04-08,0.2,2.22,0.23,0.34,0.54,0.7,0.84,1.16,1.47,1.72,2.13,2.55
1333,2016-04-11,0.19,2.22,0.23,0.34,0.53,0.7,0.85,1.16,1.48,1.73,2.14,2.56
1334,2016-04-12,0.21,2.22,0.22,0.34,0.54,0.74,0.9,1.22,1.54,1.79,2.18,2.61
1335,2016-04-13,0.21,2.22,0.23,0.36,0.55,0.75,0.9,1.22,1.53,1.77,2.16,2.58
1336,2016-04-14,0.21,2.22,0.22,0.37,0.55,0.77,0.92,1.26,1.57,1.8,2.18,2.61
1337,2016-04-15,0.19,2.22,0.22,0.37,0.53,0.74,0.87,1.22,1.52,1.76,2.14,2.56
1338,2016-04-18,0.16,2.22,0.22,0.35,0.52,0.75,0.9,1.24,1.54,1.78,2.17,2.58
1339,2016-04-19,0.18,2.22,0.21,0.36,0.53,0.77,0.92,1.26,1.57,1.79,2.19,2.6
1340,2016-04-20,0.18,2.22,0.23,0.36,0.54,0.8,0.97,1.32,1.63,1.85,2.25,2.66
1341,2016-04-21,0.19,2.22,0.23,0.37,0.56,0.82,0.98,1.35,1.65,1.88,2.29,2.69
1342,2016-04-22,0.19,2.22,0.23,0.38,0.56,0.84,1.01,1.37,1.67,1.89,2.3,2.7
1343,2016-04-25,0.17,2.22,0.25,0.4,0.57,0.85,1.01,1.38,1.69,1.91,2.32,2.72
1344,2016-04-26,0.19,2.22,0.24,0.43,0.61,0.86,1.04,1.4,1.72,1.94,2.35,2.76
1345,2016-04-27,0.18,2.22,0.24,0.4,0.58,0.83,0.99,1.33,1.64,1.87,2.3,2.71
1346,2016-04-28,0.17,2.22,0.22,0.39,0.56,0.78,0.93,1.28,1.6,1.84,2.27,2.68
1347,2016-04-29,0.16,2.22,0.22,0.4,0.56,0.77,0.92,1.28,1.6,1.83,2.26,2.66
1348,2016-05-02,0.11,2.22,0.22,0.41,0.55,0.8,0.96,1.32,1.64,1.88,2.31,2.71
1349,2016-05-03,0.18,2.22,0.21,0.4,0.53,0.75,0.92,1.25,1.57,1.81,2.24,2.66
1350,2016-05-04,0.18,2.22,0.19,0.39,0.52,0.75,0.89,1.23,1.55,1.79,2.22,2.64
1351,2016-05-05,0.2,2.22,0.2,0.39,0.51,0.72,0.87,1.2,1.52,1.76,2.17,2.6
1352,2016-05-06,0.2,2.22,0.19,0.39,0.51,0.74,0.9,1.23,1.55,1.79,2.2,2.62
1353,2016-05-09,0.21,2.22,0.24,0.38,0.51,0.72,0.86,1.2,1.51,1.77,2.18,2.61
1354,2016-05-10,0.25,2.22,0.24,0.36,0.52,0.72,0.88,1.2,1.52,1.77,2.18,2.61
1355,2016-05-11,0.25,2.22,0.26,0.37,0.53,0.74,0.87,1.2,1.51,1.73,2.15,2.58
1356,2016-05-12,0.25,2.22,0.27,0.37,0.54,0.76,0.92,1.24,1.54,1.75,2.18,2.6
1357,2016-05-13,0.25,2.22,0.29,0.38,0.55,0.76,0.91,1.22,1.51,1.71,2.14,2.55
1358,2016-05-16,0.21,2.22,0.28,0.38,0.57,0.79,0.94,1.26,1.55,1.75,2.18,2.59
1359,2016-05-17,0.25,2.22,0.28,0.4,0.58,0.82,0.97,1.29,1.57,1.76,2.18,2.59
1360,2016-05-18,0.25,2.22,0.3,0.43,0.63,0.9,1.08,1.41,1.69,1.87,2.27,2.67
1361,2016-05-19,0.25,2.22,0.31,0.43,0.64,0.89,1.06,1.38,1.67,1.85,2.24,2.64
1362,2016-05-20,0.26,2.22,0.33,0.46,0.67,0.89,1.05,1.38,1.65,1.85,2.24,2.63
1363,2016-05-23,0.26,2.22,0.35,0.48,0.69,0.91,1.05,1.38,1.65,1.84,2.23,2.63
1364,2016-05-24,0.28,2.22,0.35,0.48,0.69,0.92,1.08,1.41,1.68,1.86,2.25,2.65
1365,2016-05-25,0.24,2.22,0.33,0.47,0.67,0.92,1.08,1.4,1.69,1.87,2.27,2.67
1366,2016-05-26,0.17,2.22,0.31,0.46,0.65,0.87,1.03,1.35,1.65,1.83,2.24,2.64
1367,2016-05-27,0.23,2.22,0.32,0.47,0.68,0.9,1.06,1.39,1.67,1.85,2.25,2.65
1368,2016-05-31,0.27,2.22,0.34,0.49,0.68,0.87,1.03,1.37,1.66,1.84,2.23,2.64
1369,2016-06-01,0.27,2.22,0.3,0.49,0.7,0.91,1.07,1.39,1.67,1.85,2.22,2.63
1370,2016-06-02,0.19,2.22,0.29,0.48,0.68,0.89,1.03,1.36,1.63,1.81,2.17,2.58
1371,2016-06-03,0.19,2.22,0.3,0.43,0.6,0.78,0.92,1.23,1.5,1.71,2.09,2.52
1372,2016-06-06,0.19,2.22,0.28,0.43,0.6,0.8,0.94,1.25,1.53,1.73,2.12,2.55
1373,2016-06-07,0.2,2.22,0.28,0.43,0.59,0.78,0.94,1.23,1.51,1.72,2.1,2.54
1374,2016-06-08,0.2,2.22,0.24,0.43,0.6,0.78,0.93,1.23,1.51,1.71,2.08,2.51
1375,2016-06-09,0.21,2.22,0.26,0.43,0.59,0.77,0.91,1.22,1.49,1.68,2.05,2.48
1376,2016-06-10,0.18,2.22,0.26,0.42,0.57,0.73,0.87,1.17,1.44,1.64,2.02,2.44
1377,2016-06-13,0.23,2.22,0.27,0.4,0.55,0.73,0.84,1.14,1.42,1.62,2.01,2.43
1378,2016-06-14,0.24,2.22,0.27,0.41,0.55,0.74,0.85,1.15,1.42,1.62,2.0,2.43
1379,2016-06-15,0.23,2.22,0.26,0.37,0.52,0.69,0.81,1.1,1.38,1.6,1.99,2.43
1380,2016-06-16,0.23,2.22,0.27,0.36,0.53,0.7,0.81,1.1,1.37,1.57,1.96,2.39
1381,2016-06-17,0.22,2.22,0.27,0.37,0.51,0.7,0.83,1.13,1.41,1.62,1.99,2.43
1382,2016-06-20,0.23,2.22,0.28,0.41,0.56,0.74,0.87,1.17,1.45,1.67,2.03,2.47
1383,2016-06-21,0.25,2.22,0.27,0.41,0.57,0.76,0.89,1.22,1.49,1.71,2.07,2.5
1384,2016-06-22,0.25,2.22,0.27,0.4,0.56,0.75,0.88,1.2,1.49,1.69,2.06,2.5
1385,2016-06-23,0.27,2.22,0.31,0.43,0.58,0.78,0.92,1.25,1.54,1.74,2.12,2.55
1386,2016-06-24,0.24,2.22,0.27,0.38,0.48,0.64,0.76,1.08,1.35,1.57,1.96,2.42
1387,2016-06-27,0.22,2.22,0.27,0.35,0.45,0.61,0.7,1.0,1.26,1.46,1.83,2.28
1388,2016-06-28,0.25,2.22,0.26,0.35,0.45,0.61,0.71,1.0,1.26,1.46,1.83,2.27
1389,2016-06-29,0.18,2.22,0.26,0.35,0.46,0.62,0.74,1.03,1.3,1.5,1.86,2.3
1390,2016-06-30,0.2,2.22,0.26,0.36,0.45,0.58,0.71,1.01,1.29,1.49,1.86,2.3
1391,2016-07-01,0.24,2.22,0.28,0.37,0.45,0.59,0.71,1.0,1.27,1.46,1.81,2.24
1392,2016-07-05,0.27,2.22,0.28,0.35,0.44,0.56,0.66,0.94,1.19,1.37,1.72,2.14
1393,2016-07-06,0.26,2.22,0.27,0.36,0.46,0.58,0.69,0.95,1.2,1.38,1.72,2.14
1394,2016-07-07,0.27,2.22,0.29,0.37,0.47,0.58,0.69,0.97,1.21,1.4,1.72,2.14
1395,2016-07-08,0.26,2.22,0.28,0.36,0.48,0.61,0.71,0.95,1.19,1.37,1.69,2.11
1396,2016-07-11,0.28,2.22,0.31,0.4,0.5,0.66,0.77,1.03,1.27,1.43,1.73,2.14
1397,2016-07-12,0.29,2.22,0.29,0.4,0.52,0.69,0.81,1.1,1.35,1.53,1.82,2.24
1398,2016-07-13,0.29,2.22,0.31,0.4,0.51,0.68,0.8,1.07,1.32,1.48,1.77,2.18
1399,2016-07-14,0.29,2.22,0.32,0.41,0.53,0.68,0.82,1.1,1.36,1.53,1.84,2.25
1400,2016-07-15,0.27,2.22,0.32,0.42,0.52,0.71,0.87,1.15,1.42,1.6,1.9,2.3
1401,2016-07-18,0.26,2.22,0.32,0.44,0.52,0.68,0.85,1.14,1.4,1.59,1.9,2.3
1402,2016-07-19,0.29,2.22,0.31,0.44,0.56,0.7,0.84,1.12,1.38,1.56,1.88,2.27
1403,2016-07-20,0.28,2.22,0.32,0.44,0.56,0.73,0.86,1.15,1.41,1.59,1.91,2.3
1404,2016-07-21,0.28,2.22,0.32,0.44,0.54,0.7,0.82,1.11,1.38,1.57,1.9,2.29
1405,2016-07-22,0.29,2.22,0.33,0.44,0.55,0.71,0.84,1.13,1.4,1.57,1.9,2.29
1406,2016-07-25,0.28,2.22,0.32,0.44,0.55,0.72,0.87,1.15,1.41,1.58,1.9,2.29
1407,2016-07-26,0.24,2.22,0.31,0.43,0.55,0.75,0.87,1.15,1.4,1.57,1.89,2.28
1408,2016-07-27,0.25,2.22,0.31,0.4,0.53,0.73,0.83,1.1,1.35,1.52,1.84,2.23
1409,2016-07-28,0.19,2.22,0.25,0.39,0.53,0.72,0.82,1.09,1.35,1.52,1.83,2.23
1410,2016-07-29,0.19,2.22,0.28,0.38,0.5,0.67,0.76,1.03,1.29,1.46,1.78,2.18
1411,2016-08-01,0.2,2.22,0.29,0.4,0.5,0.67,0.78,1.06,1.33,1.51,1.84,2.24
1412,2016-08-02,0.28,2.22,0.29,0.41,0.5,0.67,0.79,1.07,1.36,1.55,1.88,2.29
1413,2016-08-03,0.26,2.22,0.28,0.42,0.53,0.67,0.78,1.07,1.35,1.55,1.88,2.29
1414,2016-08-04,0.24,2.22,0.26,0.41,0.51,0.64,0.76,1.03,1.31,1.51,1.84,2.25
1415,2016-08-05,0.23,2.22,0.28,0.45,0.56,0.72,0.86,1.13,1.41,1.59,1.91,2.32
1416,2016-08-08,0.27,2.22,0.31,0.45,0.57,0.74,0.86,1.15,1.42,1.59,1.91,2.3
1417,2016-08-09,0.27,2.22,0.29,0.44,0.55,0.71,0.84,1.11,1.38,1.55,1.86,2.25
1418,2016-08-10,0.27,2.22,0.28,0.43,0.55,0.69,0.8,1.07,1.34,1.5,1.83,2.23
1419,2016-08-11,0.27,2.22,0.28,0.45,0.55,0.76,0.88,1.16,1.42,1.57,1.89,2.28
1420,2016-08-12,0.27,2.22,0.29,0.43,0.56,0.71,0.82,1.1,1.36,1.51,1.85,2.23
1421,2016-08-15,0.26,2.22,0.31,0.46,0.56,0.72,0.85,1.14,1.4,1.55,1.9,2.27
1422,2016-08-16,0.27,2.22,0.27,0.45,0.57,0.76,0.87,1.16,1.42,1.57,1.92,2.29
1423,2016-08-17,0.27,2.22,0.3,0.46,0.58,0.74,0.86,1.15,1.41,1.56,1.9,2.27
1424,2016-08-18,0.27,2.22,0.3,0.44,0.58,0.71,0.81,1.12,1.38,1.53,1.89,2.26
1425,2016-08-19,0.27,2.22,0.3,0.44,0.59,0.76,0.88,1.17,1.43,1.58,1.93,2.29
1426,2016-08-22,0.24,2.22,0.29,0.45,0.58,0.76,0.86,1.15,1.4,1.55,1.88,2.24
1427,2016-08-23,0.28,2.22,0.3,0.45,0.58,0.74,0.86,1.15,1.4,1.55,1.88,2.24
1428,2016-08-24,0.28,2.22,0.31,0.46,0.59,0.76,0.87,1.13,1.4,1.56,1.89,2.24
1429,2016-08-25,0.28,2.22,0.33,0.46,0.6,0.78,0.89,1.16,1.43,1.58,1.91,2.27
1430,2016-08-26,0.28,2.22,0.34,0.47,0.62,0.84,0.96,1.23,1.49,1.62,1.96,2.29
1431,2016-08-29,0.25,2.22,0.33,0.49,0.62,0.81,0.92,1.18,1.43,1.57,1.9,2.22
1432,2016-08-30,0.23,2.22,0.33,0.47,0.61,0.8,0.92,1.18,1.44,1.57,1.91,2.23
1433,2016-08-31,0.26,2.22,0.33,0.47,0.61,0.8,0.92,1.19,1.45,1.58,1.9,2.23
1434,2016-09-01,0.27,2.22,0.33,0.47,0.6,0.78,0.91,1.18,1.44,1.57,1.9,2.23
1435,2016-09-02,0.25,2.22,0.33,0.45,0.59,0.8,0.92,1.2,1.47,1.6,1.95,2.28
1436,2016-09-06,0.24,2.22,0.32,0.45,0.56,0.74,0.86,1.13,1.4,1.55,1.9,2.24
1437,2016-09-07,0.25,2.22,0.34,0.49,0.57,0.74,0.86,1.12,1.39,1.54,1.89,2.23
1438,2016-09-08,0.26,2.22,0.35,0.5,0.57,0.78,0.91,1.19,1.46,1.61,1.98,2.32
1439,2016-09-09,0.24,2.22,0.35,0.51,0.58,0.79,0.93,1.23,1.51,1.67,2.05,2.39
1440,2016-09-12,0.24,2.22,0.37,0.53,0.57,0.79,0.92,1.21,1.5,1.68,2.05,2.4
1441,2016-09-13,0.25,2.22,0.36,0.54,0.63,0.8,0.95,1.26,1.56,1.73,2.12,2.47
1442,2016-09-14,0.24,2.22,0.33,0.52,0.62,0.77,0.9,1.21,1.52,1.7,2.1,2.44
1443,2016-09-15,0.2,2.22,0.29,0.49,0.6,0.74,0.87,1.2,1.51,1.71,2.13,2.48
1444,2016-09-16,0.2,2.22,0.3,0.5,0.61,0.77,0.91,1.21,1.51,1.7,2.1,2.44
1445,2016-09-19,0.16,2.22,0.3,0.48,0.6,0.79,0.92,1.22,1.52,1.7,2.1,2.45
1446,2016-09-20,0.17,2.22,0.3,0.49,0.61,0.79,0.93,1.2,1.5,1.69,2.09,2.43
1447,2016-09-21,0.12,2.22,0.22,0.44,0.61,0.79,0.92,1.2,1.48,1.66,2.06,2.39
1448,2016-09-22,0.1,2.22,0.18,0.39,0.6,0.79,0.91,1.18,1.46,1.63,2.02,2.34
1449,2016-09-23,0.09,2.22,0.18,0.4,0.6,0.77,0.9,1.16,1.44,1.62,2.02,2.34
1450,2016-09-26,0.12,2.22,0.25,0.42,0.58,0.76,0.87,1.13,1.41,1.59,2.0,2.32
1451,2016-09-27,0.16,2.22,0.26,0.42,0.58,0.75,0.86,1.12,1.39,1.56,1.96,2.28
1452,2016-09-28,0.14,2.22,0.27,0.44,0.6,0.75,0.87,1.13,1.41,1.57,1.96,2.29
1453,2016-09-29,0.12,2.22,0.26,0.43,0.59,0.73,0.85,1.12,1.39,1.56,1.95,2.28
1454,2016-09-30,0.2,2.22,0.29,0.45,0.59,0.77,0.88,1.14,1.42,1.6,1.99,2.32
1455,2016-10-03,0.25,2.22,0.32,0.48,0.63,0.8,0.91,1.18,1.46,1.63,2.01,2.34
1456,2016-10-04,0.28,2.22,0.33,0.48,0.64,0.82,0.95,1.22,1.51,1.69,2.08,2.4
1457,2016-10-05,0.26,2.22,0.32,0.48,0.65,0.85,0.98,1.26,1.54,1.72,2.11,2.44
1458,2016-10-06,0.26,2.22,0.33,0.46,0.65,0.86,1.0,1.28,1.58,1.75,2.14,2.46
1459,2016-10-07,0.26,2.22,0.33,0.46,0.66,0.83,0.99,1.26,1.55,1.73,2.14,2.46
1460,2016-10-10,0.26,2.22,0.33,0.46,0.66,0.83,0.99,1.26,1.55,1.73,2.14,2.46
1461,2016-10-11,0.27,2.22,0.35,0.48,0.69,0.87,1.03,1.3,1.58,1.77,2.17,2.5
1462,2016-10-12,0.26,2.22,0.37,0.49,0.68,0.87,0.99,1.31,1.6,1.79,2.19,2.51
1463,2016-10-13,0.26,2.22,0.3,0.45,0.66,0.85,1.0,1.27,1.56,1.75,2.15,2.48
1464,2016-10-14,0.26,2.22,0.32,0.46,0.66,0.84,1.0,1.28,1.58,1.8,2.22,2.55
1465,2016-10-17,0.24,2.22,0.34,0.47,0.65,0.81,0.98,1.26,1.56,1.77,2.19,2.52
1466,2016-10-18,0.26,2.22,0.34,0.47,0.66,0.82,0.96,1.24,1.54,1.75,2.18,2.51
1467,2016-10-19,0.25,2.22,0.35,0.48,0.65,0.81,0.96,1.24,1.54,1.76,2.18,2.51
1468,2016-10-20,0.25,2.22,0.35,0.48,0.66,0.84,0.98,1.26,1.55,1.76,2.17,2.5
1469,2016-10-21,0.25,2.22,0.34,0.47,0.66,0.84,0.98,1.25,1.53,1.74,2.15,2.48
1470,2016-10-24,0.23,2.22,0.33,0.46,0.66,0.84,1.0,1.27,1.56,1.77,2.18,2.52
1471,2016-10-25,0.22,2.22,0.34,0.49,0.66,0.86,1.0,1.29,1.56,1.77,2.17,2.5
1472,2016-10-26,0.25,2.22,0.33,0.49,0.67,0.86,1.01,1.3,1.59,1.79,2.2,2.53
1473,2016-10-27,0.19,2.22,0.3,0.49,0.68,0.87,1.04,1.33,1.64,1.85,2.26,2.6
1474,2016-10-28,0.18,2.22,0.3,0.49,0.66,0.86,1.02,1.33,1.63,1.86,2.27,2.62
1475,2016-10-31,0.2,2.22,0.34,0.51,0.66,0.86,1.0,1.31,1.62,1.84,2.25,2.58
1476,2016-11-01,0.24,2.22,0.35,0.5,0.65,0.83,0.99,1.3,1.61,1.83,2.24,2.58
1477,2016-11-02,0.24,2.22,0.37,0.51,0.64,0.81,0.98,1.26,1.57,1.81,2.22,2.56
1478,2016-11-03,0.24,2.22,0.38,0.52,0.64,0.81,0.98,1.26,1.58,1.82,2.25,2.6
1479,2016-11-04,0.25,2.22,0.38,0.52,0.62,0.8,0.95,1.24,1.55,1.79,2.22,2.56
1480,2016-11-07,0.28,2.22,0.41,0.54,0.63,0.82,0.99,1.29,1.6,1.83,2.26,2.6
1481,2016-11-08,0.28,2.22,0.43,0.56,0.71,0.87,1.04,1.34,1.65,1.88,2.29,2.63
1482,2016-11-09,0.3,2.22,0.45,0.56,0.72,0.9,1.12,1.49,1.84,2.07,2.52,2.88
1483,2016-11-10,0.3,2.22,0.48,0.59,0.72,0.92,1.17,1.56,1.92,2.15,2.58,2.94
1484,2016-11-11,0.3,2.22,0.48,0.59,0.72,0.92,1.17,1.56,1.92,2.15,2.58,2.94
1485,2016-11-14,0.32,2.22,0.55,0.65,0.77,1.0,1.27,1.66,2.01,2.23,2.65,2.99
1486,2016-11-15,0.3,2.22,0.51,0.61,0.78,1.02,1.28,1.68,2.03,2.23,2.64,2.97
1487,2016-11-16,0.32,2.22,0.47,0.62,0.76,1.0,1.28,1.68,2.03,2.22,2.61,2.92
1488,2016-11-17,0.3,2.22,0.44,0.61,0.77,1.04,1.31,1.73,2.08,2.29,2.69,3.01
1489,2016-11-18,0.28,2.22,0.44,0.6,0.77,1.07,1.36,1.8,2.14,2.34,2.7,3.01
1490,2016-11-21,0.28,2.22,0.46,0.6,0.78,1.08,1.36,1.79,2.13,2.33,2.69,3.0
1491,2016-11-22,0.34,2.22,0.49,0.61,0.78,1.07,1.35,1.77,2.12,2.31,2.69,3.0
1492,2016-11-23,0.35,2.22,0.51,0.63,0.8,1.12,1.4,1.83,2.17,2.36,2.71,3.02
1493,2016-11-25,0.34,2.22,0.49,0.62,0.81,1.12,1.41,1.83,2.18,2.36,2.71,3.01
1494,2016-11-28,0.32,2.22,0.48,0.6,0.79,1.11,1.38,1.8,2.13,2.32,2.68,2.99
1495,2016-11-29,0.34,2.22,0.48,0.6,0.78,1.09,1.37,1.78,2.12,2.3,2.66,2.95
1496,2016-11-30,0.38,2.22,0.48,0.62,0.8,1.11,1.4,1.83,2.18,2.37,2.73,3.02
1497,2016-12-01,0.32,2.22,0.48,0.6,0.82,1.14,1.45,1.9,2.25,2.45,2.82,3.1
1498,2016-12-02,0.34,2.22,0.49,0.61,0.8,1.11,1.4,1.84,2.2,2.4,2.78,3.08
1499,2016-12-05,0.34,2.22,0.49,0.63,0.82,1.13,1.42,1.84,2.19,2.39,2.76,3.05
1500,2016-12-06,0.35,2.22,0.49,0.63,0.83,1.12,1.41,1.84,2.18,2.39,2.77,3.08
1501,2016-12-07,0.38,2.22,0.52,0.63,0.85,1.1,1.39,1.8,2.14,2.34,2.73,3.02
1502,2016-12-08,0.39,2.22,0.51,0.62,0.84,1.12,1.4,1.83,2.2,2.4,2.81,3.1
1503,2016-12-09,0.41,2.22,0.54,0.64,0.85,1.15,1.43,1.89,2.26,2.47,2.87,3.16
1504,2016-12-12,0.42,2.22,0.51,0.64,0.85,1.15,1.44,1.9,2.26,2.49,2.86,3.16
1505,2016-12-13,0.47,2.22,0.54,0.66,0.88,1.17,1.46,1.92,2.26,2.48,2.85,3.14
1506,2016-12-14,0.49,2.22,0.55,0.66,0.92,1.27,1.57,2.02,2.34,2.54,2.86,3.14
1507,2016-12-15,0.48,2.22,0.51,0.65,0.91,1.29,1.61,2.1,2.42,2.6,2.89,3.16
1508,2016-12-16,0.46,2.22,0.51,0.65,0.91,1.28,1.59,2.07,2.41,2.6,2.91,3.19
1509,2016-12-19,0.45,2.22,0.52,0.65,0.9,1.24,1.55,2.03,2.35,2.54,2.85,3.12
1510,2016-12-20,0.48,2.22,0.52,0.66,0.9,1.25,1.56,2.06,2.38,2.57,2.88,3.15
1511,2016-12-21,0.46,2.22,0.52,0.65,0.88,1.21,1.54,2.04,2.35,2.55,2.86,3.12
1512,2016-12-22,0.42,2.22,0.51,0.65,0.87,1.22,1.54,2.04,2.36,2.55,2.86,3.12
1513,2016-12-23,0.42,2.22,0.52,0.65,0.87,1.22,1.54,2.04,2.35,2.55,2.86,3.12
1514,2016-12-27,0.5,2.22,0.51,0.66,0.89,1.28,1.58,2.07,2.37,2.57,2.88,3.14
1515,2016-12-28,0.48,2.22,0.53,0.62,0.9,1.26,1.55,2.02,2.32,2.51,2.83,3.09
1516,2016-12-29,0.39,2.22,0.47,0.62,0.85,1.22,1.49,1.96,2.3,2.49,2.82,3.08
1517,2016-12-30,0.44,2.22,0.51,0.62,0.85,1.2,1.47,1.93,2.25,2.45,2.79,3.06
1518,2017-01-03,0.52,2.22,0.53,0.65,0.89,1.22,1.5,1.94,2.26,2.45,2.78,3.04
1519,2017-01-04,0.49,2.22,0.53,0.63,0.87,1.24,1.5,1.94,2.26,2.46,2.78,3.05
1520,2017-01-05,0.51,2.22,0.52,0.62,0.83,1.17,1.43,1.86,2.18,2.37,2.69,2.96
1521,2017-01-06,0.5,2.22,0.53,0.61,0.85,1.22,1.5,1.92,2.23,2.42,2.73,3.0
1522,2017-01-09,0.5,2.22,0.5,0.6,0.82,1.21,1.47,1.89,2.18,2.38,2.69,2.97
1523,2017-01-10,0.51,2.22,0.52,0.6,0.82,1.19,1.47,1.89,2.18,2.38,2.69,2.97
1524,2017-01-11,0.51,2.22,0.52,0.6,0.82,1.2,1.47,1.89,2.18,2.38,2.68,2.96
1525,2017-01-12,0.52,2.22,0.52,0.59,0.81,1.18,1.45,1.87,2.17,2.36,2.68,3.01
1526,2017-01-13,0.52,2.22,0.53,0.61,0.82,1.21,1.48,1.9,2.2,2.4,2.71,2.99
1527,2017-01-17,0.52,2.22,0.55,0.62,0.8,1.17,1.42,1.84,2.14,2.33,2.66,2.93
1528,2017-01-18,0.48,2.22,0.53,0.63,0.82,1.23,1.51,1.93,2.24,2.42,2.74,3.0
1529,2017-01-19,0.47,2.22,0.52,0.62,0.83,1.25,1.53,1.97,2.28,2.47,2.77,3.04
1530,2017-01-20,0.46,2.22,0.5,0.62,0.82,1.2,1.5,1.95,2.28,2.48,2.79,3.05
1531,2017-01-23,0.46,2.22,0.51,0.59,0.79,1.16,1.43,1.88,2.19,2.41,2.72,2.99
1532,2017-01-24,0.5,2.22,0.51,0.62,0.81,1.21,1.49,1.94,2.27,2.47,2.78,3.05
1533,2017-01-25,0.48,2.22,0.5,0.61,0.82,1.23,1.52,1.99,2.33,2.53,2.84,3.1
1534,2017-01-26,0.49,2.22,0.51,0.62,0.82,1.21,1.49,1.95,2.3,2.51,2.82,3.08
1535,2017-01-27,0.49,2.22,0.52,0.63,0.82,1.22,1.48,1.94,2.28,2.49,2.8,3.06
1536,2017-01-30,0.49,2.22,0.51,0.63,0.81,1.22,1.48,1.94,2.28,2.49,2.82,3.08
1537,2017-01-31,0.5,2.22,0.52,0.64,0.84,1.19,1.46,1.9,2.24,2.45,2.78,3.05
1538,2017-02-01,0.5,2.22,0.51,0.65,0.83,1.22,1.49,1.93,2.27,2.48,2.8,3.08
1539,2017-02-02,0.5,2.22,0.52,0.64,0.84,1.21,1.48,1.92,2.27,2.48,2.8,3.09
1540,2017-02-03,0.49,2.22,0.51,0.63,0.82,1.21,1.49,1.93,2.27,2.49,2.82,3.11
1541,2017-02-06,0.48,2.22,0.53,0.62,0.79,1.16,1.43,1.86,2.19,2.42,2.76,3.05
1542,2017-02-07,0.51,2.22,0.53,0.63,0.8,1.16,1.43,1.85,2.17,2.4,2.74,3.02
1543,2017-02-08,0.52,2.22,0.54,0.63,0.79,1.15,1.4,1.81,2.14,2.34,2.68,2.96
1544,2017-02-09,0.51,2.22,0.54,0.64,0.8,1.2,1.46,1.88,2.2,2.4,2.74,3.02
1545,2017-02-10,0.51,2.22,0.55,0.64,0.81,1.2,1.47,1.89,2.22,2.41,2.75,3.01
1546,2017-02-13,0.5,2.22,0.52,0.63,0.82,1.2,1.48,1.92,2.24,2.43,2.77,3.03
1547,2017-02-14,0.51,2.22,0.54,0.66,0.84,1.25,1.53,1.98,2.29,2.47,2.81,3.07
1548,2017-02-15,0.53,2.22,0.54,0.67,0.86,1.27,1.57,2.01,2.33,2.51,2.84,3.09
1549,2017-02-16,0.51,2.22,0.53,0.66,0.82,1.22,1.5,1.95,2.26,2.45,2.8,3.05
1550,2017-02-17,0.5,2.22,0.53,0.66,0.82,1.21,1.48,1.92,2.23,2.42,2.78,3.03
1551,2017-02-21,0.49,2.22,0.53,0.69,0.83,1.22,1.5,1.93,2.24,2.43,2.78,3.04
1552,2017-02-22,0.47,2.22,0.52,0.68,0.82,1.22,1.49,1.92,2.23,2.42,2.78,3.04
1553,2017-02-23,0.39,2.22,0.51,0.66,0.81,1.18,1.44,1.87,2.2,2.38,2.75,3.02
1554,2017-02-24,0.4,2.22,0.52,0.65,0.8,1.12,1.38,1.8,2.12,2.31,2.69,2.95
1555,2017-02-27,0.44,2.22,0.5,0.68,0.81,1.2,1.46,1.87,2.18,2.36,2.72,2.98
1556,2017-02-28,0.4,2.22,0.53,0.69,0.88,1.22,1.49,1.89,2.19,2.36,2.7,2.97
1557,2017-03-01,0.46,2.22,0.63,0.79,0.92,1.29,1.57,1.99,2.29,2.46,2.81,3.06
1558,2017-03-02,0.52,2.22,0.67,0.84,0.98,1.32,1.6,2.03,2.32,2.49,2.84,3.09
1559,2017-03-03,0.56,2.22,0.71,0.84,0.98,1.32,1.59,2.02,2.32,2.49,2.83,3.08
1560,2017-03-06,0.56,2.22,0.74,0.83,0.97,1.31,1.6,2.02,2.32,2.49,2.84,3.1
1561,2017-03-07,0.55,2.22,0.76,0.87,1.02,1.32,1.62,2.05,2.34,2.52,2.85,3.11
1562,2017-03-08,0.54,2.22,0.73,0.86,1.03,1.36,1.65,2.08,2.38,2.57,2.89,3.15
1563,2017-03-09,0.5,2.22,0.73,0.88,1.04,1.37,1.67,2.13,2.43,2.6,2.94,3.19
1564,2017-03-10,0.6,2.22,0.75,0.89,1.03,1.36,1.66,2.11,2.4,2.58,2.94,3.16
1565,2017-03-13,0.69,2.22,0.79,0.93,1.06,1.4,1.69,2.14,2.43,2.62,2.97,3.2
1566,2017-03-14,0.77,2.22,0.78,0.93,1.06,1.4,1.68,2.13,2.42,2.6,2.94,3.17
1567,2017-03-15,0.71,2.22,0.73,0.89,1.02,1.33,1.59,2.02,2.31,2.51,2.87,3.11
1568,2017-03-16,0.68,2.22,0.73,0.89,1.01,1.35,1.63,2.05,2.34,2.53,2.89,3.14
1569,2017-03-17,0.71,2.22,0.73,0.87,1.0,1.33,1.6,2.03,2.31,2.5,2.86,3.11
1570,2017-03-20,0.7,2.22,0.76,0.89,1.01,1.3,1.57,2.0,2.28,2.47,2.83,3.08
1571,2017-03-21,0.76,2.22,0.77,0.91,1.0,1.27,1.54,1.96,2.24,2.43,2.79,3.04
1572,2017-03-22,0.74,2.22,0.77,0.9,0.99,1.27,1.52,1.95,2.22,2.4,2.76,3.02
1573,2017-03-23,0.73,2.22,0.76,0.9,0.99,1.26,1.52,1.95,2.23,2.41,2.76,3.02
1574,2017-03-24,0.73,2.22,0.78,0.89,1.0,1.26,1.52,1.93,2.22,2.4,2.74,3.0
1575,2017-03-27,0.73,2.22,0.78,0.91,1.0,1.27,1.51,1.93,2.2,2.38,2.73,2.98
1576,2017-03-28,0.75,2.22,0.78,0.92,1.03,1.3,1.56,1.97,2.25,2.42,2.77,3.02
1577,2017-03-29,0.76,2.22,0.78,0.92,1.04,1.26,1.53,1.93,2.21,2.39,2.74,2.99
1578,2017-03-30,0.75,2.22,0.78,0.91,1.03,1.28,1.55,1.96,2.25,2.42,2.78,3.03
1579,2017-03-31,0.74,2.22,0.76,0.91,1.03,1.27,1.5,1.93,2.22,2.4,2.76,3.02
1580,2017-04-03,0.73,2.22,0.79,0.92,1.02,1.24,1.47,1.88,2.16,2.35,2.71,2.98
1581,2017-04-04,0.77,2.22,0.79,0.92,1.03,1.25,1.47,1.88,2.16,2.36,2.72,2.99
1582,2017-04-05,0.77,2.22,0.8,0.93,1.03,1.24,1.44,1.85,2.14,2.34,2.71,2.98
1583,2017-04-06,0.78,2.22,0.79,0.94,1.05,1.24,1.45,1.87,2.15,2.34,2.72,2.99
1584,2017-04-07,0.77,2.22,0.82,0.95,1.08,1.29,1.52,1.92,2.2,2.38,2.74,3.0
1585,2017-04-10,0.77,2.22,0.82,0.97,1.07,1.29,1.52,1.91,2.18,2.37,2.72,2.99
1586,2017-04-11,0.74,2.22,0.82,0.94,1.05,1.24,1.45,1.84,2.11,2.32,2.67,2.93
1587,2017-04-12,0.77,2.22,0.81,0.95,1.04,1.24,1.44,1.81,2.09,2.28,2.65,2.92
1588,2017-04-13,0.76,2.22,0.81,0.94,1.03,1.21,1.4,1.77,2.05,2.24,2.62,2.89
1589,2017-04-17,0.76,2.22,0.83,0.94,1.04,1.21,1.42,1.79,2.07,2.26,2.65,2.92
1590,2017-04-18,0.76,2.22,0.82,0.94,1.02,1.18,1.35,1.71,1.98,2.18,2.56,2.84
1591,2017-04-19,0.75,2.22,0.81,0.94,1.02,1.19,1.38,1.74,2.02,2.21,2.59,2.87
1592,2017-04-20,0.73,2.22,0.79,0.93,1.01,1.21,1.41,1.78,2.06,2.24,2.61,2.89
1593,2017-04-21,0.72,2.22,0.79,0.92,0.99,1.2,1.4,1.77,2.05,2.24,2.61,2.89
1594,2017-04-24,0.74,2.22,0.81,0.96,1.03,1.25,1.44,1.81,2.09,2.28,2.65,2.93
1595,2017-04-25,0.73,2.22,0.82,0.98,1.09,1.29,1.49,1.87,2.15,2.35,2.71,2.99
1596,2017-04-26,0.74,2.22,0.83,0.99,1.07,1.28,1.46,1.84,2.12,2.32,2.69,2.97
1597,2017-04-27,0.7,2.22,0.81,0.98,1.06,1.25,1.44,1.81,2.1,2.3,2.68,2.96
1598,2017-04-28,0.68,2.22,0.8,0.99,1.07,1.28,1.45,1.81,2.1,2.29,2.67,2.96
1599,2017-05-01,0.67,2.22,0.83,0.98,1.09,1.28,1.48,1.84,2.13,2.33,2.71,3.0
1600,2017-05-02,0.72,2.22,0.82,0.99,1.08,1.27,1.45,1.81,2.09,2.29,2.68,2.97
1601,2017-05-03,0.73,2.22,0.85,1.0,1.1,1.3,1.5,1.86,2.14,2.33,2.7,2.97
1602,2017-05-04,0.71,2.22,0.86,1.0,1.11,1.32,1.51,1.88,2.17,2.36,2.73,3.0
1603,2017-05-05,0.71,2.22,0.9,1.01,1.1,1.32,1.52,1.89,2.17,2.36,2.73,2.99
1604,2017-05-08,0.73,2.22,0.91,1.02,1.12,1.33,1.53,1.91,2.19,2.39,2.76,3.02
1605,2017-05-09,0.74,2.22,0.91,1.04,1.14,1.37,1.57,1.94,2.22,2.42,2.79,3.04
1606,2017-05-10,0.71,2.22,0.9,1.04,1.13,1.35,1.56,1.94,2.22,2.41,2.79,3.03
1607,2017-05-11,0.68,2.22,0.89,1.04,1.13,1.35,1.55,1.93,2.2,2.39,2.78,3.03
1608,2017-05-12,0.69,2.22,0.88,1.03,1.11,1.29,1.49,1.85,2.13,2.33,2.74,2.98
1609,2017-05-15,0.73,2.22,0.9,1.02,1.11,1.31,1.49,1.86,2.14,2.34,2.76,3.0
1610,2017-05-16,0.72,2.22,0.9,1.04,1.11,1.29,1.48,1.86,2.13,2.33,2.74,2.99
1611,2017-05-17,0.72,2.22,0.9,1.0,1.08,1.26,1.42,1.76,2.03,2.22,2.65,2.91
1612,2017-05-18,0.73,2.22,0.93,1.02,1.09,1.27,1.44,1.78,2.04,2.23,2.64,2.9
1613,2017-05-19,0.71,2.22,0.92,1.03,1.1,1.28,1.45,1.79,2.05,2.23,2.63,2.9
1614,2017-05-22,0.7,2.22,0.93,1.05,1.12,1.29,1.45,1.8,2.06,2.25,2.64,2.91
1615,2017-05-23,0.76,2.22,0.92,1.08,1.14,1.31,1.49,1.84,2.1,2.29,2.68,2.95
1616,2017-05-24,0.76,2.22,0.93,1.07,1.18,1.29,1.46,1.79,2.07,2.26,2.65,2.92
1617,2017-05-25,0.72,2.22,0.94,1.08,1.16,1.3,1.46,1.78,2.06,2.25,2.65,2.92
1618,2017-05-26,0.75,2.22,0.94,1.08,1.17,1.3,1.46,1.79,2.06,2.25,2.65,2.92
1619,2017-05-30,0.77,2.22,0.93,1.07,1.16,1.28,1.44,1.76,2.02,2.21,2.61,2.88
1620,2017-05-31,0.86,2.22,0.98,1.08,1.17,1.28,1.44,1.75,2.02,2.21,2.6,2.87
1621,2017-06-01,0.82,2.22,0.98,1.07,1.16,1.28,1.45,1.76,2.02,2.21,2.6,2.87
1622,2017-06-02,0.82,2.22,0.98,1.06,1.16,1.28,1.42,1.71,1.96,2.15,2.53,2.8
1623,2017-06-05,0.83,2.22,0.96,1.06,1.16,1.32,1.45,1.74,1.99,2.18,2.56,2.84
1624,2017-06-06,0.83,2.22,0.97,1.08,1.16,1.3,1.42,1.71,1.95,2.14,2.53,2.81
1625,2017-06-07,0.84,2.22,1.0,1.09,1.17,1.32,1.45,1.74,1.99,2.18,2.56,2.84
1626,2017-06-08,0.8,2.22,1.01,1.11,1.19,1.33,1.47,1.75,2.0,2.19,2.57,2.85
1627,2017-06-09,0.8,2.22,1.01,1.13,1.2,1.35,1.5,1.77,2.02,2.21,2.59,2.86
1628,2017-06-12,0.82,2.22,0.98,1.09,1.19,1.35,1.5,1.78,2.02,2.21,2.59,2.86
1629,2017-06-13,0.89,2.22,1.0,1.12,1.22,1.38,1.51,1.79,2.02,2.21,2.6,2.87
1630,2017-06-14,0.9,2.22,1.01,1.12,1.2,1.35,1.48,1.74,1.96,2.15,2.53,2.79
1631,2017-06-15,0.86,2.22,1.02,1.13,1.21,1.35,1.49,1.76,1.98,2.16,2.52,2.78
1632,2017-06-16,0.85,2.22,1.03,1.13,1.21,1.32,1.48,1.75,1.97,2.16,2.52,2.78
1633,2017-06-19,0.85,2.22,1.02,1.13,1.22,1.36,1.52,1.8,2.02,2.19,2.53,2.79
1634,2017-06-20,0.88,2.22,1.01,1.14,1.22,1.36,1.5,1.77,1.99,2.16,2.49,2.74
1635,2017-06-21,0.85,2.22,0.99,1.12,1.22,1.36,1.5,1.78,2.0,2.16,2.48,2.73
1636,2017-06-22,0.8,2.22,0.96,1.1,1.22,1.34,1.48,1.76,1.98,2.15,2.47,2.72
1637,2017-06-23,0.76,2.22,0.97,1.1,1.21,1.34,1.48,1.77,1.98,2.15,2.48,2.71
1638,2017-06-26,0.81,2.22,0.99,1.1,1.2,1.36,1.48,1.77,1.97,2.14,2.46,2.7
1639,2017-06-27,0.89,2.22,1.0,1.13,1.22,1.38,1.53,1.83,2.04,2.21,2.52,2.75
1640,2017-06-28,0.89,2.22,1.02,1.12,1.21,1.34,1.51,1.81,2.05,2.22,2.55,2.77
1641,2017-06-29,0.88,2.22,1.04,1.14,1.23,1.38,1.53,1.85,2.1,2.27,2.59,2.82
1642,2017-06-30,0.84,2.22,1.03,1.14,1.24,1.38,1.55,1.89,2.14,2.31,2.61,2.84
1643,2017-07-03,0.96,2.22,1.06,1.13,1.24,1.41,1.6,1.93,2.19,2.35,2.65,2.86
1644,2017-07-05,0.97,2.22,1.05,1.15,1.24,1.41,1.59,1.92,2.17,2.33,2.63,2.85
1645,2017-07-06,0.95,2.22,1.04,1.14,1.23,1.4,1.6,1.94,2.21,2.37,2.68,2.9
1646,2017-07-07,0.94,2.22,1.05,1.14,1.22,1.4,1.6,1.95,2.22,2.39,2.71,2.93
1647,2017-07-10,0.95,2.22,1.04,1.13,1.23,1.4,1.59,1.93,2.2,2.38,2.7,2.93
1648,2017-07-11,0.97,2.22,1.05,1.14,1.2,1.37,1.57,1.92,2.18,2.37,2.69,2.92
1649,2017-07-12,0.94,2.22,1.05,1.13,1.21,1.35,1.53,1.88,2.14,2.33,2.65,2.89
1650,2017-07-13,0.95,2.22,1.05,1.14,1.23,1.37,1.55,1.89,2.16,2.35,2.69,2.92
1651,2017-07-14,0.93,2.22,1.04,1.12,1.22,1.35,1.54,1.87,2.13,2.33,2.67,2.91
1652,2017-07-17,0.95,2.22,1.07,1.1,1.22,1.36,1.53,1.86,2.12,2.31,2.65,2.89
1653,2017-07-18,0.95,2.22,1.07,1.11,1.19,1.36,1.52,1.82,2.08,2.27,2.61,2.85
1654,2017-07-19,0.99,2.22,1.11,1.12,1.23,1.37,1.52,1.83,2.09,2.27,2.61,2.85
1655,2017-07-20,1.0,2.22,1.15,1.12,1.22,1.37,1.51,1.82,2.08,2.27,2.6,2.83
1656,2017-07-21,1.0,2.22,1.16,1.1,1.22,1.36,1.5,1.81,2.05,2.24,2.57,2.81
1657,2017-07-24,1.0,2.22,1.17,1.12,1.23,1.37,1.53,1.83,2.07,2.26,2.59,2.83
1658,2017-07-25,0.96,2.22,1.18,1.15,1.24,1.4,1.56,1.9,2.15,2.33,2.67,2.91
1659,2017-07-26,1.02,2.22,1.13,1.14,1.23,1.36,1.5,1.83,2.09,2.29,2.65,2.89
1660,2017-07-27,1.01,2.22,1.11,1.13,1.22,1.36,1.52,1.84,2.12,2.32,2.68,2.93
1661,2017-07-28,1.0,2.22,1.08,1.13,1.22,1.34,1.51,1.83,2.1,2.3,2.65,2.89
1662,2017-07-31,1.0,2.22,1.07,1.13,1.23,1.34,1.51,1.84,2.11,2.3,2.66,2.89
1663,2017-08-01,1.0,2.22,1.08,1.15,1.22,1.34,1.5,1.8,2.07,2.26,2.61,2.86
1664,2017-08-02,1.02,2.22,1.08,1.15,1.24,1.36,1.52,1.82,2.08,2.27,2.6,2.85
1665,2017-08-03,1.0,2.22,1.08,1.13,1.22,1.34,1.49,1.79,2.05,2.24,2.56,2.81
1666,2017-08-04,1.0,2.22,1.08,1.14,1.23,1.36,1.51,1.82,2.08,2.27,2.61,2.84
1667,2017-08-07,0.99,2.22,1.02,1.14,1.22,1.36,1.52,1.81,2.07,2.26,2.6,2.84
1668,2017-08-08,1.0,2.22,1.06,1.16,1.24,1.36,1.53,1.84,2.1,2.29,2.63,2.86
1669,2017-08-09,1.01,2.22,1.06,1.15,1.21,1.33,1.5,1.81,2.06,2.24,2.59,2.82
1670,2017-08-10,1.02,2.22,1.05,1.14,1.22,1.33,1.49,1.78,2.03,2.2,2.55,2.79
1671,2017-08-11,0.99,2.22,1.03,1.14,1.21,1.3,1.43,1.74,2.0,2.19,2.55,2.79
1672,2017-08-14,0.95,2.22,1.02,1.13,1.23,1.33,1.48,1.77,2.04,2.22,2.57,2.81
1673,2017-08-15,0.97,2.22,1.04,1.16,1.23,1.35,1.51,1.83,2.09,2.27,2.6,2.84
1674,2017-08-16,0.97,2.22,1.02,1.13,1.24,1.33,1.49,1.79,2.04,2.23,2.58,2.81
1675,2017-08-17,0.95,2.22,1.0,1.11,1.24,1.32,1.46,1.76,2.01,2.19,2.54,2.78
1676,2017-08-18,0.97,2.22,1.02,1.13,1.24,1.33,1.47,1.77,2.01,2.19,2.54,2.78
1677,2017-08-21,0.95,2.22,1.0,1.11,1.23,1.32,1.46,1.76,2.0,2.18,2.52,2.77
1678,2017-08-22,0.93,2.22,1.0,1.13,1.24,1.33,1.48,1.8,2.04,2.22,2.55,2.79
1679,2017-08-23,0.98,2.22,1.0,1.11,1.22,1.32,1.45,1.76,1.99,2.17,2.51,2.75
1680,2017-08-24,0.98,2.22,1.02,1.11,1.23,1.33,1.47,1.78,2.01,2.19,2.53,2.77
1681,2017-08-25,0.99,2.22,1.03,1.11,1.23,1.35,1.47,1.77,2.0,2.17,2.51,2.75
1682,2017-08-28,0.99,2.22,0.98,1.12,1.24,1.33,1.46,1.74,1.99,2.16,2.51,2.76
1683,2017-08-29,0.96,2.22,1.03,1.13,1.23,1.33,1.43,1.7,1.96,2.13,2.48,2.74
1684,2017-08-30,0.96,2.22,1.03,1.11,1.23,1.33,1.44,1.72,1.97,2.15,2.49,2.75
1685,2017-08-31,0.95,2.22,1.01,1.08,1.23,1.33,1.44,1.7,1.95,2.12,2.47,2.73
1686,2017-09-01,0.96,2.22,1.02,1.1,1.24,1.35,1.46,1.73,1.99,2.16,2.51,2.77
1687,2017-09-05,1.3,2.22,1.03,1.13,1.23,1.3,1.4,1.65,1.9,2.07,2.43,2.69
1688,2017-09-06,1.04,2.22,1.07,1.17,1.24,1.3,1.42,1.69,1.93,2.1,2.46,2.72
1689,2017-09-07,0.98,2.22,1.05,1.15,1.21,1.27,1.38,1.63,1.88,2.05,2.4,2.66
1690,2017-09-08,0.96,2.22,1.04,1.14,1.22,1.27,1.39,1.64,1.89,2.06,2.41,2.67
1691,2017-09-11,0.97,2.22,1.05,1.16,1.24,1.32,1.44,1.71,1.96,2.14,2.49,2.75
1692,2017-09-12,0.99,2.22,1.03,1.16,1.27,1.33,1.46,1.75,1.99,2.17,2.52,2.78
1693,2017-09-13,0.99,2.22,1.04,1.16,1.27,1.35,1.48,1.78,2.01,2.2,2.53,2.79
1694,2017-09-14,0.99,2.22,1.05,1.17,1.28,1.37,1.5,1.79,2.01,2.2,2.52,2.77
1695,2017-09-15,0.98,2.22,1.05,1.17,1.3,1.39,1.53,1.81,2.04,2.2,2.52,2.77
1696,2017-09-18,0.96,2.22,1.05,1.18,1.3,1.4,1.54,1.83,2.06,2.23,2.56,2.8
1697,2017-09-19,0.97,2.22,1.04,1.19,1.31,1.4,1.55,1.84,2.07,2.24,2.57,2.81
1698,2017-09-20,0.98,2.22,1.04,1.2,1.32,1.45,1.6,1.89,2.12,2.28,2.59,2.82
1699,2017-09-21,0.99,2.22,1.04,1.19,1.31,1.45,1.59,1.89,2.11,2.27,2.57,2.8
1700,2017-09-22,0.97,2.22,1.03,1.19,1.3,1.46,1.58,1.88,2.1,2.26,2.57,2.8
1701,2017-09-25,0.97,2.22,1.05,1.19,1.3,1.44,1.56,1.85,2.07,2.22,2.53,2.76
1702,2017-09-26,0.96,2.22,1.06,1.19,1.31,1.45,1.57,1.87,2.08,2.24,2.54,2.78
1703,2017-09-27,0.99,2.22,1.07,1.2,1.33,1.47,1.6,1.91,2.14,2.31,2.62,2.86
1704,2017-09-28,0.97,2.22,1.06,1.18,1.31,1.45,1.59,1.89,2.13,2.31,2.63,2.87
1705,2017-09-29,0.96,2.22,1.06,1.2,1.31,1.47,1.62,1.92,2.16,2.33,2.63,2.86
1706,2017-10-02,0.95,2.22,1.01,1.22,1.31,1.49,1.63,1.94,2.17,2.34,2.64,2.87
1707,2017-10-03,1.01,2.22,1.07,1.21,1.32,1.47,1.62,1.92,2.15,2.33,2.63,2.87
1708,2017-10-04,1.0,2.22,1.08,1.21,1.33,1.47,1.62,1.92,2.15,2.33,2.64,2.87
1709,2017-10-05,1.02,2.22,1.07,1.21,1.35,1.49,1.63,1.94,2.17,2.35,2.65,2.89
1710,2017-10-06,1.03,2.22,1.07,1.22,1.35,1.54,1.66,1.97,2.2,2.37,2.68,2.91
1711,2017-10-09,1.03,2.22,1.07,1.22,1.35,1.54,1.66,1.97,2.2,2.37,2.68,2.91
1712,2017-10-10,1.03,2.22,1.08,1.26,1.42,1.51,1.64,1.95,2.18,2.35,2.65,2.88
1713,2017-10-11,1.04,2.22,1.1,1.25,1.4,1.51,1.66,1.95,2.17,2.35,2.64,2.88
1714,2017-10-12,0.99,2.22,1.09,1.27,1.41,1.51,1.66,1.95,2.16,2.33,2.62,2.86
1715,2017-10-13,0.97,2.22,1.09,1.26,1.39,1.51,1.64,1.91,2.12,2.28,2.58,2.81
1716,2017-10-16,0.97,2.22,1.1,1.24,1.42,1.54,1.68,1.95,2.15,2.3,2.58,2.82
1717,2017-10-17,0.99,2.22,1.09,1.25,1.41,1.54,1.69,1.97,2.15,2.3,2.58,2.8
1718,2017-10-18,0.99,2.22,1.09,1.24,1.42,1.59,1.7,1.99,2.19,2.34,2.62,2.85
1719,2017-10-19,0.99,2.22,1.1,1.25,1.41,1.58,1.69,1.98,2.18,2.33,2.6,2.83
1720,2017-10-20,0.99,2.22,1.11,1.27,1.43,1.6,1.72,2.03,2.24,2.39,2.67,2.89
1721,2017-10-23,1.0,2.22,1.09,1.25,1.42,1.58,1.7,2.01,2.22,2.38,2.66,2.89
1722,2017-10-24,1.0,2.22,1.12,1.27,1.43,1.6,1.73,2.05,2.26,2.42,2.7,2.92
1723,2017-10-25,1.01,2.22,1.12,1.27,1.43,1.61,1.74,2.06,2.28,2.44,2.72,2.95
1724,2017-10-26,0.99,2.22,1.11,1.29,1.43,1.63,1.76,2.07,2.3,2.46,2.74,2.96
1725,2017-10-27,0.98,2.22,1.1,1.28,1.42,1.59,1.73,2.03,2.26,2.42,2.71,2.93
1726,2017-10-30,0.97,2.22,1.12,1.24,1.42,1.58,1.71,2.0,2.22,2.37,2.66,2.88
1727,2017-10-31,0.99,2.22,1.15,1.28,1.43,1.6,1.73,2.01,2.23,2.38,2.66,2.88
1728,2017-11-01,1.06,2.22,1.18,1.3,1.46,1.61,1.74,2.01,2.22,2.37,2.63,2.85
1729,2017-11-02,1.02,2.22,1.17,1.29,1.46,1.61,1.73,2.0,2.21,2.35,2.61,2.83
1730,2017-11-03,1.02,2.22,1.18,1.31,1.49,1.63,1.74,1.99,2.19,2.34,2.59,2.82
1731,2017-11-06,1.03,2.22,1.19,1.3,1.5,1.61,1.73,1.99,2.17,2.32,2.58,2.8
1732,2017-11-07,1.05,2.22,1.22,1.33,1.49,1.63,1.75,1.99,2.17,2.32,2.56,2.77
1733,2017-11-08,1.05,2.22,1.23,1.35,1.53,1.65,1.77,2.01,2.19,2.32,2.57,2.79
1734,2017-11-09,1.07,2.22,1.24,1.36,1.53,1.63,1.75,2.01,2.2,2.33,2.59,2.81
1735,2017-11-10,1.06,2.22,1.23,1.37,1.54,1.67,1.79,2.06,2.27,2.4,2.67,2.88
1736,2017-11-13,1.07,2.22,1.24,1.37,1.55,1.7,1.82,2.08,2.27,2.4,2.67,2.87
1737,2017-11-14,1.06,2.22,1.26,1.4,1.55,1.68,1.81,2.06,2.26,2.38,2.64,2.84
1738,2017-11-15,1.08,2.22,1.25,1.39,1.55,1.68,1.79,2.04,2.21,2.33,2.58,2.77
1739,2017-11-16,1.08,2.22,1.27,1.42,1.59,1.72,1.83,2.07,2.25,2.37,2.62,2.81
1740,2017-11-17,1.08,2.22,1.29,1.42,1.6,1.73,1.83,2.06,2.23,2.35,2.59,2.78
1741,2017-11-20,1.09,2.22,1.3,1.46,1.62,1.77,1.86,2.09,2.26,2.37,2.6,2.78
1742,2017-11-21,1.15,2.22,1.3,1.45,1.62,1.77,1.88,2.11,2.27,2.36,2.58,2.76
1743,2017-11-22,1.16,2.22,1.29,1.45,1.61,1.74,1.84,2.05,2.22,2.32,2.57,2.75
1744,2017-11-24,1.14,2.22,1.29,1.45,1.61,1.75,1.85,2.07,2.23,2.34,2.58,2.76
1745,2017-11-27,1.15,2.22,1.27,1.41,1.62,1.74,1.84,2.06,2.21,2.32,2.57,2.76
1746,2017-11-28,1.16,2.22,1.3,1.46,1.61,1.75,1.85,2.07,2.24,2.34,2.58,2.77
1747,2017-11-29,1.17,2.22,1.29,1.45,1.61,1.78,1.86,2.09,2.27,2.37,2.62,2.81
1748,2017-11-30,1.14,2.22,1.27,1.44,1.62,1.78,1.9,2.14,2.31,2.42,2.65,2.83
1749,2017-12-01,1.14,2.22,1.27,1.45,1.62,1.78,1.9,2.13,2.28,2.37,2.58,2.76
1750,2017-12-04,1.16,2.22,1.29,1.45,1.66,1.8,1.93,2.15,2.29,2.37,2.58,2.77
1751,2017-12-05,1.21,2.22,1.3,1.48,1.64,1.83,1.94,2.15,2.28,2.36,2.55,2.73
1752,2017-12-06,1.18,2.22,1.3,1.48,1.68,1.78,1.92,2.11,2.25,2.33,2.53,2.71
1753,2017-12-07,1.16,2.22,1.29,1.47,1.67,1.8,1.92,2.14,2.29,2.37,2.58,2.76
1754,2017-12-08,1.14,2.22,1.28,1.45,1.65,1.8,1.92,2.14,2.29,2.38,2.59,2.77
1755,2017-12-11,1.18,2.22,1.33,1.47,1.69,1.82,1.95,2.16,2.3,2.39,2.59,2.77
1756,2017-12-12,1.26,2.22,1.34,1.49,1.7,1.83,1.95,2.18,2.32,2.4,2.6,2.79
1757,2017-12-13,1.22,2.22,1.3,1.47,1.68,1.79,1.9,2.12,2.26,2.36,2.56,2.74
1758,2017-12-14,1.21,2.22,1.32,1.48,1.7,1.82,1.92,2.14,2.27,2.35,2.53,2.71
1759,2017-12-15,1.24,2.22,1.31,1.48,1.71,1.84,1.95,2.16,2.28,2.35,2.52,2.68
1760,2017-12-18,1.26,2.22,1.38,1.51,1.7,1.84,1.94,2.17,2.3,2.39,2.57,2.74
1761,2017-12-19,1.25,2.22,1.37,1.51,1.71,1.87,1.97,2.23,2.37,2.46,2.66,2.82
1762,2017-12-20,1.22,2.22,1.38,1.51,1.72,1.87,1.98,2.24,2.4,2.49,2.71,2.88
1763,2017-12-21,1.21,2.22,1.35,1.54,1.73,1.89,2.01,2.26,2.39,2.48,2.68,2.84
1764,2017-12-22,1.15,2.22,1.33,1.54,1.73,1.91,2.01,2.26,2.4,2.48,2.68,2.83
1765,2017-12-26,1.24,2.22,1.47,1.52,1.75,1.92,2.02,2.25,2.38,2.47,2.66,2.82
1766,2017-12-27,1.18,2.22,1.44,1.53,1.75,1.89,1.99,2.22,2.34,2.42,2.59,2.75
1767,2017-12-28,1.19,2.22,1.39,1.54,1.76,1.91,2.0,2.23,2.36,2.43,2.6,2.75
1768,2017-12-29,1.28,2.22,1.39,1.53,1.76,1.89,1.98,2.2,2.33,2.4,2.58,2.74
1769,2018-01-02,1.29,2.22,1.44,1.61,1.83,1.92,2.01,2.25,2.38,2.46,2.64,2.81
1770,2018-01-03,1.29,2.22,1.41,1.59,1.81,1.94,2.02,2.25,2.37,2.44,2.62,2.78
1771,2018-01-04,1.28,2.22,1.41,1.6,1.82,1.96,2.05,2.27,2.38,2.46,2.62,2.79
1772,2018-01-05,1.27,2.22,1.39,1.58,1.8,1.96,2.06,2.29,2.4,2.47,2.64,2.81
1773,2018-01-08,1.3,2.22,1.45,1.6,1.79,1.96,2.07,2.29,2.41,2.49,2.65,2.81
1774,2018-01-09,1.27,2.22,1.44,1.6,1.78,1.98,2.09,2.33,2.46,2.55,2.72,2.88
1775,2018-01-10,1.31,2.22,1.42,1.59,1.78,1.98,2.08,2.32,2.47,2.55,2.73,2.88
1776,2018-01-11,1.32,2.22,1.43,1.58,1.77,1.98,2.09,2.32,2.46,2.54,2.72,2.91
1777,2018-01-12,1.31,2.22,1.43,1.59,1.78,1.99,2.12,2.35,2.48,2.55,2.71,2.85
1778,2018-01-16,1.33,2.22,1.45,1.63,1.79,2.03,2.12,2.36,2.48,2.54,2.69,2.83
1779,2018-01-17,1.31,2.22,1.44,1.63,1.79,2.05,2.15,2.39,2.51,2.57,2.71,2.84
1780,2018-01-18,1.29,2.22,1.45,1.63,1.79,2.05,2.17,2.43,2.55,2.62,2.77,2.9
1781,2018-01-19,1.28,2.22,1.44,1.62,1.79,2.06,2.2,2.45,2.57,2.64,2.78,2.91
1782,2018-01-22,1.27,2.22,1.44,1.65,1.79,2.08,2.21,2.46,2.59,2.66,2.79,2.93
1783,2018-01-23,1.26,2.22,1.44,1.63,1.78,2.06,2.18,2.43,2.55,2.63,2.77,2.9
1784,2018-01-24,1.25,2.22,1.43,1.63,1.79,2.08,2.2,2.43,2.57,2.65,2.8,2.93
1785,2018-01-25,1.23,2.22,1.42,1.64,1.8,2.08,2.2,2.41,2.55,2.63,2.76,2.89
1786,2018-01-26,1.24,2.22,1.41,1.64,1.8,2.13,2.24,2.47,2.6,2.66,2.79,2.91
1787,2018-01-29,1.28,2.22,1.44,1.66,1.8,2.11,2.26,2.49,2.63,2.7,2.82,2.94
1788,2018-01-30,1.49,2.22,1.44,1.66,1.88,2.13,2.27,2.51,2.65,2.73,2.86,2.98
1789,2018-01-31,1.43,2.22,1.46,1.66,1.9,2.14,2.29,2.52,2.66,2.72,2.83,2.95
1790,2018-02-01,1.41,2.22,1.48,1.64,1.89,2.16,2.33,2.56,2.72,2.78,2.9,3.01
1791,2018-02-02,1.4,2.22,1.48,1.65,1.88,2.15,2.33,2.58,2.76,2.84,2.97,3.08
1792,2018-02-05,1.4,2.22,1.51,1.67,1.85,2.08,2.25,2.5,2.68,2.77,2.92,3.04
1793,2018-02-06,1.48,2.22,1.52,1.69,1.87,2.1,2.3,2.52,2.7,2.79,2.94,3.06
1794,2018-02-07,1.36,2.22,1.55,1.73,1.91,2.15,2.33,2.57,2.75,2.84,3.01,3.12
1795,2018-02-08,1.32,2.22,1.55,1.73,1.91,2.13,2.32,2.57,2.76,2.85,3.03,3.14
1796,2018-02-09,1.31,2.22,1.55,1.73,1.89,2.05,2.26,2.52,2.72,2.83,3.02,3.14
1797,2018-02-12,1.35,2.22,1.62,1.82,1.93,2.09,2.3,2.56,2.77,2.86,3.02,3.14
1798,2018-02-13,1.34,2.22,1.59,1.8,1.95,2.1,2.3,2.54,2.74,2.83,2.99,3.11
1799,2018-02-14,1.32,2.22,1.58,1.81,1.98,2.17,2.4,2.65,2.84,2.91,3.07,3.18
1800,2018-02-15,1.3,2.22,1.58,1.82,1.99,2.19,2.4,2.65,2.83,2.9,3.04,3.15
1801,2018-02-16,1.35,2.22,1.62,1.83,2.0,2.21,2.38,2.63,2.81,2.87,3.02,3.13
1802,2018-02-20,1.39,2.22,1.66,1.87,2.01,2.25,2.4,2.65,2.81,2.88,3.04,3.15
1803,2018-02-21,1.4,2.22,1.64,1.85,2.03,2.26,2.44,2.69,2.86,2.94,3.11,3.22
1804,2018-02-22,1.34,2.22,1.63,1.84,2.02,2.25,2.42,2.66,2.84,2.92,3.09,3.21
1805,2018-02-23,1.38,2.22,1.64,1.85,2.02,2.25,2.39,2.62,2.79,2.88,3.04,3.16
1806,2018-02-26,1.39,2.22,1.66,1.87,2.03,2.22,2.37,2.6,2.77,2.86,3.03,3.15
1807,2018-02-27,1.49,2.22,1.66,1.87,2.08,2.27,2.43,2.67,2.83,2.9,3.06,3.17
1808,2018-02-28,1.5,2.22,1.65,1.86,2.07,2.25,2.42,2.65,2.8,2.87,3.02,3.13
1809,2018-03-01,1.5,2.22,1.63,1.85,2.05,2.22,2.36,2.58,2.74,2.81,2.97,3.09
1810,2018-03-02,1.5,2.22,1.65,1.86,2.06,2.25,2.4,2.63,2.79,2.86,3.02,3.14
1811,2018-03-05,1.53,2.22,1.7,1.86,2.06,2.24,2.41,2.65,2.81,2.88,3.04,3.16
1812,2018-03-06,1.56,2.22,1.68,1.87,2.06,2.25,2.42,2.65,2.81,2.88,3.03,3.14
1813,2018-03-07,1.57,2.22,1.68,1.87,2.05,2.25,2.42,2.65,2.81,2.89,3.04,3.15
1814,2018-03-08,1.57,2.22,1.67,1.89,2.05,2.25,2.42,2.63,2.79,2.86,3.01,3.13
1815,2018-03-09,1.57,2.22,1.67,1.89,2.03,2.27,2.45,2.65,2.82,2.9,3.04,3.16
1816,2018-03-12,1.6,2.22,1.71,1.89,2.05,2.27,2.43,2.64,2.79,2.87,3.0,3.13
1817,2018-03-13,1.64,2.22,1.73,1.9,2.03,2.26,2.41,2.62,2.77,2.84,2.98,3.1
1818,2018-03-14,1.71,2.22,1.76,1.94,2.05,2.26,2.41,2.61,2.75,2.81,2.94,3.05
1819,2018-03-15,1.7,2.22,1.77,1.95,2.07,2.29,2.42,2.62,2.76,2.82,2.94,3.05
1820,2018-03-16,1.71,2.22,1.78,1.96,2.08,2.31,2.44,2.65,2.78,2.85,2.96,3.08
1821,2018-03-19,1.7,2.22,1.8,1.99,2.08,2.31,2.45,2.65,2.78,2.85,2.97,3.09
1822,2018-03-20,1.76,2.22,1.81,1.97,2.08,2.34,2.49,2.69,2.82,2.89,3.01,3.12
1823,2018-03-21,1.71,2.22,1.74,1.95,2.06,2.31,2.46,2.69,2.82,2.89,3.01,3.12
1824,2018-03-22,1.67,2.22,1.72,1.95,2.05,2.29,2.43,2.63,2.76,2.83,2.94,3.06
1825,2018-03-23,1.69,2.22,1.74,1.92,2.04,2.28,2.41,2.61,2.74,2.82,2.94,3.06
1826,2018-03-26,1.71,2.22,1.79,1.94,2.06,2.33,2.44,2.64,2.78,2.85,2.96,3.08
1827,2018-03-27,1.69,2.22,1.77,1.93,2.1,2.26,2.39,2.58,2.7,2.78,2.9,3.03
1828,2018-03-28,1.65,2.22,1.73,1.95,2.12,2.28,2.41,2.59,2.72,2.77,2.89,3.01
1829,2018-03-29,1.63,2.22,1.73,1.93,2.09,2.27,2.39,2.56,2.68,2.74,2.85,2.97
1830,2018-04-02,1.68,2.22,1.77,1.92,2.08,2.25,2.37,2.55,2.67,2.73,2.85,2.97
1831,2018-04-03,1.7,2.22,1.75,1.92,2.09,2.28,2.41,2.6,2.73,2.79,2.9,3.02
1832,2018-04-04,1.67,2.22,1.71,1.9,2.07,2.28,2.42,2.61,2.73,2.79,2.91,3.03
1833,2018-04-05,1.67,2.22,1.72,1.93,2.07,2.3,2.45,2.64,2.76,2.83,2.95,3.07
1834,2018-04-06,1.68,2.22,1.73,1.91,2.06,2.27,2.4,2.58,2.7,2.77,2.89,3.01
1835,2018-04-09,1.67,2.22,1.76,1.93,2.08,2.29,2.43,2.6,2.72,2.78,2.89,3.02
1836,2018-04-10,1.63,2.22,1.74,1.93,2.09,2.32,2.45,2.62,2.74,2.8,2.89,3.02
1837,2018-04-11,1.64,2.22,1.73,1.95,2.09,2.32,2.45,2.62,2.72,2.79,2.87,2.99
1838,2018-04-12,1.65,2.22,1.75,1.95,2.11,2.34,2.49,2.67,2.78,2.83,2.92,3.05
1839,2018-04-13,1.64,2.22,1.76,1.97,2.12,2.37,2.51,2.67,2.77,2.82,2.91,3.03
1840,2018-04-16,1.64,2.22,1.79,1.98,2.12,2.39,2.52,2.69,2.78,2.83,2.91,3.03
1841,2018-04-17,1.68,2.22,1.8,2.02,2.16,2.41,2.52,2.68,2.77,2.82,2.89,3.0
1842,2018-04-18,1.67,2.22,1.81,2.01,2.17,2.42,2.57,2.73,2.83,2.87,2.95,3.06
1843,2018-04-19,1.67,2.22,1.82,2.01,2.21,2.44,2.58,2.77,2.87,2.92,3.01,3.11
1844,2018-04-20,1.65,2.22,1.81,2.01,2.22,2.46,2.62,2.8,2.91,2.96,3.04,3.14
1845,2018-04-23,1.69,2.22,1.87,2.04,2.25,2.49,2.64,2.83,2.94,2.98,3.05,3.15
1846,2018-04-24,1.7,2.22,1.87,2.05,2.25,2.48,2.63,2.83,2.95,3.0,3.08,3.18
1847,2018-04-25,1.65,2.22,1.85,2.03,2.26,2.49,2.64,2.84,2.97,3.03,3.12,3.21
1848,2018-04-26,1.62,2.22,1.82,2.02,2.25,2.49,2.63,2.82,2.95,3.0,3.08,3.18
1849,2018-04-27,1.62,2.22,1.82,2.02,2.24,2.49,2.62,2.8,2.92,2.96,3.03,3.13
1850,2018-04-30,1.65,2.22,1.87,2.04,2.24,2.49,2.62,2.79,2.91,2.95,3.01,3.11
1851,2018-05-01,1.68,2.22,1.85,2.05,2.26,2.5,2.66,2.82,2.93,2.97,3.03,3.13
1852,2018-05-02,1.69,2.22,1.84,2.03,2.24,2.49,2.64,2.8,2.92,2.97,3.04,3.14
1853,2018-05-03,1.68,2.22,1.84,2.02,2.24,2.49,2.62,2.78,2.9,2.94,3.02,3.12
1854,2018-05-04,1.67,2.22,1.84,2.03,2.24,2.51,2.63,2.78,2.9,2.95,3.02,3.12
1855,2018-05-07,1.69,2.22,1.86,2.05,2.25,2.49,2.64,2.78,2.9,2.95,3.02,3.12
1856,2018-05-08,1.69,2.22,1.87,2.05,2.26,2.51,2.66,2.81,2.93,2.97,3.04,3.13
1857,2018-05-09,1.68,2.22,1.88,2.05,2.27,2.54,2.68,2.84,2.96,3.0,3.07,3.16
1858,2018-05-10,1.69,2.22,1.9,2.05,2.27,2.54,2.69,2.83,2.94,2.97,3.04,3.12
1859,2018-05-11,1.68,2.22,1.92,2.06,2.28,2.54,2.69,2.84,2.94,2.97,3.03,3.1
1860,2018-05-14,1.7,2.22,1.93,2.09,2.28,2.55,2.7,2.85,2.96,3.0,3.06,3.13
1861,2018-05-15,1.69,2.22,1.92,2.09,2.31,2.58,2.75,2.92,3.04,3.08,3.14,3.2
1862,2018-05-16,1.69,2.22,1.92,2.09,2.32,2.58,2.76,2.94,3.05,3.09,3.16,3.21
1863,2018-05-17,1.7,2.22,1.92,2.1,2.32,2.57,2.75,2.94,3.07,3.11,3.19,3.25
1864,2018-05-18,1.68,2.22,1.91,2.09,2.32,2.55,2.71,2.9,3.02,3.06,3.14,3.2
1865,2018-05-21,1.71,2.22,1.93,2.14,2.35,2.58,2.73,2.9,3.02,3.06,3.13,3.2
1866,2018-05-22,1.73,2.22,1.93,2.13,2.34,2.59,2.73,2.9,3.02,3.06,3.14,3.21
1867,2018-05-23,1.76,2.22,1.92,2.11,2.29,2.53,2.67,2.83,2.95,3.01,3.09,3.17
1868,2018-05-24,1.74,2.22,1.91,2.09,2.28,2.5,2.65,2.82,2.93,2.98,3.06,3.13
1869,2018-05-25,1.7,2.22,1.9,2.07,2.27,2.48,2.6,2.76,2.88,2.93,3.01,3.09
1870,2018-05-29,1.77,2.22,1.93,2.06,2.17,2.32,2.43,2.58,2.71,2.77,2.87,2.96
1871,2018-05-30,1.77,2.22,1.94,2.08,2.23,2.42,2.53,2.67,2.79,2.84,2.93,3.01
1872,2018-05-31,1.76,2.22,1.93,2.08,2.23,2.4,2.54,2.68,2.78,2.83,2.91,3.0
1873,2018-06-01,1.74,2.22,1.92,2.1,2.28,2.47,2.61,2.74,2.85,2.89,2.96,3.04
1874,2018-06-04,1.77,2.22,1.94,2.13,2.3,2.52,2.64,2.78,2.89,2.94,3.0,3.08
1875,2018-06-05,1.82,2.22,1.94,2.13,2.32,2.49,2.62,2.76,2.87,2.92,2.99,3.07
1876,2018-06-06,1.81,2.22,1.95,2.13,2.32,2.52,2.65,2.81,2.93,2.97,3.05,3.13
1877,2018-06-07,1.78,2.22,1.94,2.12,2.31,2.5,2.63,2.77,2.88,2.93,3.0,3.08
1878,2018-06-08,1.78,2.22,1.93,2.12,2.3,2.5,2.63,2.77,2.88,2.93,3.0,3.08
1879,2018-06-11,1.82,2.22,1.94,2.11,2.32,2.52,2.66,2.8,2.91,2.96,3.02,3.1
1880,2018-06-12,1.81,2.22,1.92,2.1,2.31,2.54,2.67,2.81,2.91,2.96,3.02,3.09
1881,2018-06-13,1.82,2.22,1.94,2.09,2.35,2.59,2.71,2.85,2.95,2.98,3.04,3.1
1882,2018-06-14,1.81,2.22,1.94,2.07,2.35,2.59,2.69,2.81,2.9,2.94,2.99,3.05
1883,2018-06-15,1.82,2.22,1.94,2.07,2.35,2.55,2.68,2.81,2.89,2.93,2.98,3.05
1884,2018-06-18,1.84,2.22,1.94,2.13,2.35,2.56,2.67,2.8,2.89,2.92,2.98,3.05
1885,2018-06-19,1.85,2.22,1.94,2.13,2.34,2.54,2.64,2.77,2.84,2.89,2.95,3.02
1886,2018-06-20,1.85,2.22,1.94,2.14,2.36,2.56,2.67,2.8,2.89,2.93,2.99,3.06
1887,2018-06-21,1.85,2.22,1.94,2.12,2.34,2.56,2.65,2.77,2.86,2.9,2.97,3.04
1888,2018-06-22,1.83,2.22,1.93,2.11,2.33,2.56,2.65,2.77,2.86,2.9,2.97,3.04
1889,2018-06-25,1.8,2.22,1.93,2.13,2.34,2.54,2.63,2.75,2.83,2.87,2.95,3.02
1890,2018-06-26,1.79,2.22,1.93,2.14,2.33,2.53,2.63,2.75,2.84,2.88,2.95,3.03
1891,2018-06-27,1.79,2.22,1.93,2.1,2.33,2.52,2.59,2.71,2.79,2.83,2.9,2.97
1892,2018-06-28,1.76,2.22,1.93,2.11,2.33,2.52,2.6,2.73,2.81,2.84,2.91,2.97
1893,2018-06-29,1.77,2.22,1.93,2.11,2.33,2.52,2.63,2.73,2.81,2.85,2.91,2.98
1894,2018-07-02,1.9,2.22,1.98,2.14,2.34,2.57,2.65,2.75,2.83,2.87,2.92,2.99
1895,2018-07-03,1.91,2.22,1.98,2.12,2.33,2.53,2.63,2.72,2.79,2.83,2.89,2.96
1896,2018-07-05,1.87,2.22,1.96,2.11,2.32,2.55,2.65,2.74,2.8,2.84,2.88,2.95
1897,2018-07-06,1.86,2.22,1.97,2.13,2.34,2.53,2.64,2.71,2.78,2.82,2.87,2.94
1898,2018-07-09,1.87,2.22,1.98,2.15,2.34,2.57,2.66,2.75,2.82,2.86,2.9,2.96
1899,2018-07-10,1.88,2.22,1.99,2.15,2.36,2.59,2.69,2.77,2.83,2.87,2.91,2.97
1900,2018-07-11,1.89,2.22,1.97,2.14,2.36,2.58,2.67,2.74,2.82,2.85,2.89,2.95
1901,2018-07-12,1.89,2.22,1.98,2.17,2.39,2.6,2.68,2.75,2.83,2.85,2.89,2.95
1902,2018-07-13,1.87,2.22,1.98,2.16,2.37,2.59,2.66,2.73,2.8,2.83,2.87,2.94
1903,2018-07-16,1.9,2.22,2.01,2.19,2.39,2.59,2.67,2.75,2.82,2.85,2.9,2.96
1904,2018-07-17,1.93,2.22,2.02,2.19,2.39,2.62,2.69,2.76,2.83,2.86,2.91,2.97
1905,2018-07-18,1.9,2.22,2.0,2.17,2.43,2.6,2.69,2.77,2.84,2.88,2.93,2.99
1906,2018-07-19,1.89,2.22,2.0,2.16,2.4,2.6,2.67,2.74,2.81,2.84,2.9,2.96
1907,2018-07-20,1.86,2.22,1.99,2.16,2.41,2.6,2.68,2.77,2.85,2.89,2.96,3.03
1908,2018-07-23,1.88,2.22,1.99,2.19,2.42,2.64,2.72,2.83,2.92,2.96,3.04,3.1
1909,2018-07-24,1.92,2.22,2.02,2.19,2.42,2.63,2.74,2.83,2.91,2.95,3.02,3.08
1910,2018-07-25,1.9,2.22,2.01,2.2,2.42,2.66,2.74,2.82,2.9,2.94,3.0,3.06
1911,2018-07-26,1.89,2.22,1.99,2.19,2.41,2.69,2.78,2.86,2.95,2.98,3.05,3.1
1912,2018-07-27,1.9,2.22,2.0,2.2,2.43,2.67,2.76,2.84,2.92,2.96,3.03,3.09
1913,2018-07-30,1.91,2.22,2.04,2.21,2.43,2.66,2.77,2.85,2.94,2.98,3.05,3.11
1914,2018-07-31,1.94,2.22,2.03,2.21,2.44,2.67,2.77,2.85,2.92,2.96,3.03,3.08
1915,2018-08-01,1.93,2.22,2.03,2.22,2.45,2.67,2.78,2.87,2.96,3.0,3.07,3.13
1916,2018-08-02,1.89,2.22,2.02,2.22,2.45,2.66,2.76,2.85,2.93,2.98,3.06,3.12
1917,2018-08-03,1.9,2.22,2.01,2.23,2.43,2.63,2.74,2.82,2.91,2.95,3.03,3.09
1918,2018-08-06,1.92,2.22,2.05,2.23,2.44,2.64,2.73,2.8,2.89,2.94,3.02,3.08
1919,2018-08-07,1.96,2.22,2.06,2.23,2.45,2.68,2.76,2.84,2.92,2.98,3.06,3.12
1920,2018-08-08,1.93,2.22,2.06,2.24,2.44,2.68,2.77,2.83,2.92,2.96,3.05,3.12
1921,2018-08-09,1.91,2.22,2.06,2.25,2.44,2.64,2.74,2.8,2.89,2.93,3.01,3.08
1922,2018-08-10,1.92,2.22,2.05,2.23,2.42,2.61,2.68,2.75,2.82,2.87,2.96,3.03
1923,2018-08-13,1.93,2.22,2.06,2.22,2.42,2.61,2.68,2.75,2.82,2.88,2.97,3.05
1924,2018-08-14,1.96,2.22,2.08,2.25,2.44,2.63,2.71,2.77,2.84,2.89,2.98,3.06
1925,2018-08-15,1.96,2.22,2.07,2.23,2.45,2.61,2.68,2.73,2.81,2.86,2.95,3.03
1926,2018-08-16,1.96,2.22,2.07,2.24,2.45,2.63,2.7,2.75,2.82,2.87,2.95,3.03
1927,2018-08-17,1.95,2.22,2.05,2.24,2.44,2.61,2.68,2.75,2.82,2.87,2.95,3.03
1928,2018-08-20,1.93,2.22,2.06,2.25,2.43,2.6,2.65,2.7,2.77,2.82,2.91,2.99
1929,2018-08-21,1.94,2.22,2.08,2.25,2.45,2.61,2.67,2.73,2.8,2.85,2.93,3.0
1930,2018-08-22,1.95,2.22,2.09,2.24,2.43,2.6,2.65,2.7,2.77,2.82,2.91,2.99
1931,2018-08-23,1.94,2.22,2.08,2.23,2.43,2.61,2.66,2.72,2.78,2.82,2.9,2.97
1932,2018-08-24,1.95,2.22,2.09,2.25,2.44,2.63,2.68,2.72,2.78,2.82,2.89,2.97
1933,2018-08-27,1.96,2.22,2.12,2.25,2.47,2.67,2.7,2.74,2.81,2.85,2.92,3.0
1934,2018-08-28,1.96,2.22,2.13,2.28,2.47,2.67,2.73,2.77,2.84,2.88,2.96,3.03
1935,2018-08-29,1.97,2.22,2.13,2.28,2.48,2.67,2.75,2.78,2.85,2.89,2.96,3.02
1936,2018-08-30,1.97,2.22,2.11,2.28,2.47,2.64,2.72,2.75,2.82,2.86,2.93,3.0
1937,2018-08-31,1.95,2.22,2.11,2.28,2.46,2.62,2.7,2.74,2.81,2.86,2.95,3.02
1938,2018-09-04,2.0,2.22,2.13,2.29,2.49,2.66,2.73,2.78,2.85,2.9,2.99,3.07
1939,2018-09-05,2.0,2.22,2.14,2.3,2.49,2.66,2.72,2.77,2.85,2.9,3.0,3.08
1940,2018-09-06,1.98,2.22,2.13,2.3,2.5,2.64,2.71,2.76,2.83,2.88,2.98,3.06
1941,2018-09-07,1.98,2.22,2.14,2.3,2.53,2.71,2.78,2.82,2.89,2.94,3.03,3.11
1942,2018-09-10,1.98,2.22,2.14,2.32,2.54,2.73,2.78,2.83,2.89,2.94,3.02,3.09
1943,2018-09-11,2.02,2.22,2.15,2.31,2.55,2.76,2.83,2.87,2.94,2.98,3.06,3.13
1944,2018-09-12,2.01,2.22,2.16,2.33,2.56,2.74,2.82,2.87,2.93,2.97,3.04,3.11
1945,2018-09-13,2.01,2.22,2.15,2.33,2.55,2.76,2.83,2.87,2.93,2.97,3.04,3.11
1946,2018-09-14,2.02,2.22,2.16,2.33,2.56,2.78,2.85,2.9,2.96,2.99,3.07,3.13
1947,2018-09-17,2.02,2.22,2.16,2.35,2.57,2.78,2.85,2.89,2.96,2.99,3.07,3.13
1948,2018-09-18,2.05,2.22,2.17,2.36,2.58,2.81,2.88,2.94,3.01,3.05,3.14,3.2
1949,2018-09-19,2.03,2.22,2.16,2.36,2.58,2.81,2.89,2.96,3.04,3.08,3.16,3.23
1950,2018-09-20,2.03,2.22,2.17,2.37,2.58,2.81,2.89,2.96,3.03,3.07,3.15,3.21
1951,2018-09-21,2.05,2.22,2.18,2.38,2.58,2.81,2.89,2.95,3.03,3.07,3.14,3.2
1952,2018-09-24,2.07,2.22,2.22,2.38,2.6,2.83,2.89,2.96,3.04,3.08,3.15,3.21
1953,2018-09-25,2.12,2.22,2.21,2.38,2.59,2.83,2.91,2.99,3.06,3.1,3.17,3.23
1954,2018-09-26,2.11,2.22,2.2,2.37,2.58,2.83,2.89,2.96,3.02,3.06,3.14,3.19
1955,2018-09-27,2.1,2.22,2.18,2.37,2.58,2.83,2.89,2.96,3.02,3.06,3.13,3.19
1956,2018-09-28,2.12,2.22,2.19,2.36,2.59,2.81,2.88,2.94,3.01,3.05,3.13,3.19
1957,2018-10-01,2.13,2.22,2.23,2.4,2.6,2.82,2.9,2.96,3.04,3.09,3.18,3.24
1958,2018-10-02,2.14,2.22,2.23,2.41,2.61,2.82,2.88,2.94,3.01,3.05,3.14,3.2
1959,2018-10-03,2.15,2.22,2.23,2.41,2.62,2.85,2.94,3.02,3.1,3.15,3.24,3.3
1960,2018-10-04,2.16,2.22,2.22,2.42,2.63,2.87,2.97,3.05,3.14,3.19,3.29,3.35
1961,2018-10-05,2.15,2.22,2.23,2.41,2.64,2.88,2.99,3.07,3.18,3.23,3.34,3.4
1962,2018-10-08,2.15,2.22,2.23,2.41,2.64,2.88,2.99,3.07,3.18,3.23,3.34,3.4
1963,2018-10-09,2.17,2.22,2.25,2.46,2.65,2.88,2.98,3.05,3.15,3.21,3.3,3.37
1964,2018-10-10,2.18,2.22,2.27,2.45,2.67,2.88,2.97,3.05,3.15,3.22,3.33,3.39
1965,2018-10-11,2.14,2.22,2.27,2.44,2.66,2.85,2.94,3.0,3.09,3.14,3.25,3.32
1966,2018-10-12,2.14,2.22,2.28,2.44,2.66,2.85,2.93,3.0,3.09,3.15,3.25,3.32
1967,2018-10-15,2.17,2.22,2.31,2.47,2.67,2.85,2.94,3.01,3.1,3.16,3.27,3.34
1968,2018-10-16,2.19,2.22,2.3,2.46,2.66,2.87,2.95,3.02,3.1,3.16,3.26,3.32
1969,2018-10-17,2.2,2.23,2.31,2.47,2.66,2.89,2.97,3.04,3.13,3.19,3.29,3.35
1970,2018-10-18,2.19,2.23,2.32,2.47,2.67,2.87,2.95,3.03,3.11,3.17,3.28,3.36
1971,2018-10-19,2.19,2.23,2.31,2.48,2.67,2.92,2.99,3.05,3.14,3.2,3.31,3.38
1972,2018-10-22,2.18,2.25,2.34,2.49,2.68,2.92,2.99,3.05,3.13,3.2,3.31,3.38
1973,2018-10-23,2.21,2.23,2.33,2.48,2.67,2.89,2.95,3.01,3.1,3.17,3.29,3.37
1974,2018-10-24,2.2,2.23,2.34,2.47,2.64,2.84,2.89,2.94,3.02,3.1,3.24,3.33
1975,2018-10-25,2.19,2.24,2.34,2.47,2.66,2.86,2.92,2.98,3.07,3.14,3.27,3.35
1976,2018-10-26,2.16,2.21,2.33,2.47,2.63,2.81,2.85,2.91,3.0,3.08,3.23,3.32
1977,2018-10-29,2.17,2.21,2.34,2.49,2.64,2.81,2.86,2.91,3.0,3.08,3.23,3.33
1978,2018-10-30,2.21,2.26,2.33,2.48,2.66,2.84,2.9,2.94,3.03,3.12,3.26,3.36
1979,2018-10-31,2.2,2.26,2.34,2.49,2.69,2.87,2.93,2.98,3.07,3.15,3.3,3.39
1980,2018-11-01,2.21,2.28,2.32,2.49,2.67,2.84,2.91,2.96,3.06,3.14,3.29,3.38
1981,2018-11-02,2.19,2.28,2.33,2.5,2.7,2.91,2.98,3.04,3.13,3.22,3.37,3.46
1982,2018-11-05,2.2,2.29,2.36,2.51,2.71,2.91,2.99,3.03,3.12,3.2,3.34,3.43
1983,2018-11-06,2.23,2.29,2.35,2.52,2.72,2.93,3.01,3.05,3.14,3.22,3.35,3.43
1984,2018-11-07,2.23,2.29,2.37,2.51,2.74,2.96,3.03,3.07,3.15,3.22,3.35,3.43
1985,2018-11-08,2.21,2.29,2.35,2.52,2.74,2.98,3.05,3.09,3.17,3.24,3.36,3.43
1986,2018-11-09,2.21,2.3,2.36,2.52,2.73,2.94,3.01,3.05,3.13,3.19,3.32,3.4
1987,2018-11-12,2.21,2.3,2.36,2.52,2.73,2.94,3.01,3.05,3.13,3.19,3.32,3.4
1988,2018-11-13,2.24,2.32,2.38,2.53,2.72,2.89,2.95,2.99,3.07,3.14,3.28,3.36
1989,2018-11-14,2.24,2.33,2.38,2.52,2.71,2.86,2.92,2.95,3.04,3.12,3.26,3.35
1990,2018-11-15,2.2,2.32,2.37,2.51,2.7,2.86,2.91,2.94,3.02,3.11,3.27,3.36
1991,2018-11-16,2.21,2.31,2.36,2.5,2.68,2.81,2.85,2.9,2.99,3.08,3.23,3.33
1992,2018-11-19,2.23,2.32,2.38,2.52,2.66,2.79,2.82,2.87,2.97,3.06,3.22,3.32
1993,2018-11-20,2.23,2.35,2.39,2.51,2.67,2.79,2.83,2.88,2.97,3.06,3.22,3.31
1994,2018-11-21,2.25,2.34,2.41,2.52,2.67,2.81,2.84,2.89,2.98,3.06,3.22,3.31
1995,2018-11-23,2.25,2.35,2.41,2.52,2.67,2.81,2.83,2.88,2.97,3.05,3.21,3.31
1996,2018-11-26,2.24,2.35,2.41,2.54,2.7,2.84,2.86,2.9,2.98,3.07,3.22,3.32
1997,2018-11-27,2.31,2.37,2.41,2.53,2.7,2.83,2.86,2.89,2.98,3.06,3.22,3.32
1998,2018-11-28,2.31,2.37,2.4,2.53,2.69,2.81,2.84,2.87,2.97,3.06,3.23,3.34
1999,2018-11-29,2.31,2.34,2.37,2.52,2.69,2.81,2.83,2.85,2.94,3.03,3.21,3.33
2000,2018-11-30,2.31,2.33,2.37,2.52,2.7,2.8,2.83,2.84,2.92,3.01,3.19,3.3
2001,2018-12-03,2.3,2.35,2.38,2.56,2.72,2.83,2.84,2.83,2.9,2.98,3.15,3.27
2002,2018-12-04,2.37,2.42,2.42,2.58,2.71,2.8,2.81,2.79,2.84,2.91,3.05,3.16
2003,2018-12-06,2.36,2.42,2.41,2.56,2.7,2.75,2.76,2.75,2.8,2.87,3.01,3.14
2004,2018-12-07,2.32,2.4,2.4,2.54,2.68,2.72,2.72,2.7,2.77,2.85,3.01,3.14
2005,2018-12-10,2.32,2.39,2.41,2.54,2.69,2.72,2.73,2.71,2.77,2.85,3.0,3.13
2006,2018-12-11,2.28,2.36,2.41,2.55,2.7,2.78,2.78,2.75,2.81,2.89,3.02,3.13
2007,2018-12-12,2.3,2.38,2.43,2.56,2.7,2.77,2.78,2.77,2.84,2.91,3.04,3.15
2008,2018-12-13,2.36,2.4,2.43,2.56,2.69,2.75,2.76,2.75,2.83,2.91,3.05,3.16
2009,2018-12-14,2.36,2.41,2.42,2.56,2.68,2.73,2.72,2.73,2.81,2.89,3.03,3.14
2010,2018-12-17,2.36,2.39,2.4,2.54,2.66,2.7,2.68,2.69,2.77,2.86,3.0,3.11
2011,2018-12-18,2.35,2.39,2.39,2.53,2.64,2.65,2.64,2.65,2.74,2.82,2.96,3.07
2012,2018-12-19,2.35,2.39,2.4,2.54,2.62,2.63,2.61,2.62,2.69,2.77,2.89,3.0
2013,2018-12-20,2.42,2.42,2.39,2.55,2.64,2.67,2.65,2.65,2.72,2.79,2.92,3.02
2014,2018-12-21,2.41,2.42,2.39,2.54,2.62,2.63,2.61,2.64,2.72,2.79,2.92,3.03
2015,2018-12-24,2.42,2.43,2.45,2.52,2.61,2.55,2.56,2.58,2.66,2.74,2.88,3.0
2016,2018-12-26,2.41,2.43,2.44,2.54,2.61,2.61,2.6,2.67,2.74,2.81,2.94,3.06
2017,2018-12-27,2.43,2.46,2.41,2.49,2.58,2.56,2.55,2.6,2.68,2.77,2.92,3.05
2018,2018-12-28,2.39,2.47,2.4,2.48,2.57,2.52,2.5,2.56,2.63,2.72,2.89,3.04
2019,2018-12-31,2.44,2.45,2.45,2.56,2.63,2.48,2.46,2.51,2.59,2.69,2.87,3.02
2020,2019-01-02,2.4,2.4,2.42,2.51,2.6,2.5,2.47,2.49,2.56,2.66,2.83,2.97
2021,2019-01-03,2.42,2.42,2.41,2.47,2.5,2.39,2.35,2.37,2.44,2.56,2.75,2.92
2022,2019-01-04,2.4,2.42,2.42,2.51,2.57,2.5,2.47,2.49,2.56,2.67,2.83,2.98
2023,2019-01-07,2.42,2.42,2.45,2.54,2.58,2.53,2.51,2.53,2.6,2.7,2.86,2.99
2024,2019-01-08,2.4,2.42,2.46,2.54,2.6,2.58,2.57,2.58,2.63,2.73,2.88,3.0
2025,2019-01-09,2.4,2.42,2.45,2.52,2.59,2.56,2.54,2.57,2.64,2.74,2.9,3.03
2026,2019-01-10,2.42,2.42,2.43,2.51,2.59,2.56,2.54,2.56,2.63,2.74,2.92,3.06
2027,2019-01-11,2.41,2.43,2.43,2.5,2.58,2.55,2.51,2.52,2.6,2.71,2.9,3.04
2028,2019-01-14,2.42,2.43,2.45,2.52,2.57,2.53,2.51,2.53,2.6,2.71,2.91,3.06
2029,2019-01-15,2.41,2.43,2.45,2.52,2.57,2.53,2.51,2.53,2.61,2.72,2.92,3.08
2030,2019-01-16,2.41,2.4,2.43,2.49,2.57,2.55,2.53,2.54,2.62,2.73,2.92,3.07
2031,2019-01-17,2.41,2.41,2.42,2.5,2.57,2.56,2.55,2.58,2.66,2.75,2.93,3.07
2032,2019-01-18,2.4,2.4,2.41,2.5,2.6,2.62,2.6,2.62,2.7,2.79,2.95,3.09
2033,2019-01-22,2.38,2.4,2.43,2.51,2.59,2.58,2.55,2.57,2.65,2.74,2.91,3.06
2034,2019-01-23,2.37,2.38,2.41,2.51,2.59,2.58,2.57,2.59,2.66,2.76,2.93,3.07
2035,2019-01-24,2.38,2.41,2.37,2.5,2.58,2.56,2.54,2.55,2.62,2.72,2.89,3.04
2036,2019-01-25,2.36,2.41,2.39,2.51,2.6,2.6,2.58,2.59,2.66,2.76,2.92,3.06
2037,2019-01-28,2.39,2.41,2.42,2.51,2.6,2.6,2.58,2.58,2.65,2.75,2.92,3.06
2038,2019-01-29,2.39,2.41,2.42,2.51,2.6,2.56,2.54,2.55,2.61,2.72,2.9,3.04
2039,2019-01-30,2.4,2.39,2.42,2.5,2.57,2.52,2.49,2.49,2.58,2.7,2.9,3.06
2040,2019-01-31,2.42,2.43,2.41,2.46,2.55,2.45,2.43,2.43,2.51,2.63,2.83,2.99
2041,2019-02-01,2.41,2.42,2.4,2.46,2.56,2.52,2.5,2.51,2.59,2.7,2.88,3.03
2042,2019-02-04,2.41,2.41,2.42,2.49,2.57,2.53,2.52,2.53,2.62,2.73,2.92,3.06
2043,2019-02-05,2.39,2.4,2.42,2.5,2.56,2.53,2.5,2.51,2.6,2.71,2.89,3.03
2044,2019-02-06,2.4,2.41,2.42,2.5,2.56,2.52,2.5,2.5,2.59,2.7,2.88,3.03
2045,2019-02-07,2.43,2.43,2.42,2.49,2.55,2.48,2.46,2.46,2.54,2.65,2.85,3.0
2046,2019-02-08,2.43,2.43,2.43,2.49,2.54,2.45,2.43,2.44,2.53,2.63,2.82,2.97
2047,2019-02-11,2.44,2.44,2.45,2.51,2.55,2.48,2.47,2.47,2.56,2.65,2.85,3.0
2048,2019-02-12,2.42,2.43,2.43,2.5,2.55,2.5,2.48,2.49,2.58,2.68,2.87,3.02
2049,2019-02-13,2.42,2.42,2.44,2.51,2.55,2.53,2.52,2.53,2.61,2.71,2.89,3.04
2050,2019-02-14,2.45,2.43,2.43,2.51,2.53,2.5,2.48,2.48,2.56,2.66,2.85,3.01
2051,2019-02-15,2.43,2.43,2.43,2.5,2.55,2.52,2.5,2.49,2.57,2.66,2.84,3.0
2052,2019-02-19,2.44,2.42,2.45,2.52,2.54,2.5,2.47,2.47,2.55,2.65,2.84,2.99
2053,2019-02-20,2.41,2.42,2.45,2.51,2.54,2.5,2.47,2.47,2.55,2.65,2.84,3.0
2054,2019-02-21,2.43,2.44,2.45,2.51,2.55,2.53,2.49,2.51,2.59,2.69,2.89,3.05
2055,2019-02-22,2.43,2.45,2.46,2.51,2.55,2.48,2.46,2.47,2.55,2.65,2.86,3.02
2056,2019-02-25,2.44,2.46,2.47,2.51,2.56,2.51,2.48,2.48,2.57,2.67,2.87,3.03
2057,2019-02-26,2.43,2.44,2.45,2.51,2.55,2.48,2.44,2.45,2.54,2.64,2.84,3.01
2058,2019-02-27,2.43,2.44,2.45,2.52,2.54,2.5,2.48,2.49,2.59,2.69,2.91,3.07
2059,2019-02-28,2.44,2.47,2.45,2.5,2.54,2.52,2.5,2.52,2.63,2.73,2.94,3.09
2060,2019-03-01,2.44,2.46,2.44,2.52,2.55,2.55,2.54,2.56,2.67,2.76,2.97,3.13
2061,2019-03-04,2.45,2.46,2.46,2.54,2.54,2.55,2.52,2.53,2.63,2.72,2.93,3.09
2062,2019-03-05,2.44,2.45,2.46,2.53,2.54,2.55,2.52,2.53,2.63,2.72,2.93,3.08
2063,2019-03-06,2.43,2.44,2.47,2.53,2.54,2.52,2.49,2.49,2.59,2.69,2.9,3.06
2064,2019-03-07,2.45,2.46,2.45,2.52,2.52,2.47,2.44,2.44,2.54,2.64,2.86,3.03
2065,2019-03-08,2.45,2.46,2.46,2.52,2.53,2.45,2.43,2.42,2.51,2.62,2.83,3.0
2066,2019-03-11,2.44,2.45,2.46,2.54,2.53,2.47,2.45,2.44,2.53,2.64,2.86,3.03
2067,2019-03-12,2.44,2.46,2.46,2.53,2.52,2.45,2.41,2.41,2.5,2.61,2.82,3.0
2068,2019-03-13,2.43,2.44,2.45,2.53,2.53,2.45,2.41,2.42,2.51,2.61,2.82,3.02
2069,2019-03-14,2.48,2.46,2.45,2.52,2.52,2.46,2.42,2.43,2.53,2.63,2.86,3.04
2070,2019-03-15,2.46,2.46,2.45,2.52,2.52,2.43,2.39,2.4,2.49,2.59,2.83,3.02
2071,2019-03-18,2.47,2.46,2.44,2.51,2.52,2.45,2.41,2.42,2.51,2.6,2.83,3.01
2072,2019-03-19,2.46,2.47,2.46,2.52,2.5,2.46,2.42,2.42,2.51,2.61,2.84,3.02
2073,2019-03-20,2.45,2.45,2.48,2.49,2.47,2.4,2.34,2.34,2.44,2.54,2.79,2.98
2074,2019-03-21,2.51,2.47,2.49,2.5,2.48,2.41,2.34,2.34,2.44,2.54,2.78,2.96
2075,2019-03-22,2.49,2.48,2.46,2.48,2.45,2.31,2.24,2.24,2.34,2.44,2.69,2.88
2076,2019-03-25,2.47,2.47,2.46,2.49,2.41,2.26,2.19,2.21,2.32,2.43,2.68,2.87
2077,2019-03-26,2.46,2.44,2.46,2.49,2.44,2.24,2.18,2.18,2.29,2.41,2.67,2.86
2078,2019-03-27,2.45,2.43,2.44,2.46,2.4,2.22,2.16,2.18,2.28,2.39,2.63,2.83
2079,2019-03-28,2.44,2.45,2.43,2.44,2.4,2.23,2.18,2.2,2.29,2.39,2.62,2.81
2080,2019-03-29,2.43,2.44,2.4,2.44,2.4,2.27,2.21,2.23,2.31,2.41,2.63,2.81
2081,2019-04-01,2.42,2.43,2.43,2.46,2.41,2.33,2.29,2.31,2.4,2.49,2.71,2.89
2082,2019-04-02,2.42,2.43,2.43,2.46,2.41,2.33,2.29,2.31,2.4,2.49,2.71,2.89
2083,2019-04-03,2.42,2.43,2.44,2.45,2.41,2.33,2.29,2.32,2.42,2.52,2.75,2.93
2084,2019-04-04,2.43,2.43,2.44,2.46,2.41,2.33,2.29,2.32,2.41,2.51,2.74,2.92
2085,2019-04-05,2.42,2.43,2.44,2.46,2.43,2.35,2.3,2.31,2.4,2.5,2.72,2.91
2086,2019-04-08,2.43,2.44,2.43,2.48,2.43,2.36,2.31,2.33,2.42,2.52,2.74,2.93
2087,2019-04-09,2.42,2.43,2.42,2.46,2.42,2.35,2.31,2.31,2.4,2.51,2.73,2.92
2088,2019-04-10,2.4,2.41,2.43,2.46,2.41,2.31,2.27,2.28,2.37,2.48,2.71,2.9
2089,2019-04-11,2.42,2.43,2.43,2.46,2.44,2.35,2.3,2.31,2.4,2.51,2.74,2.94
2090,2019-04-12,2.41,2.43,2.44,2.47,2.44,2.4,2.36,2.38,2.47,2.56,2.78,2.97
2091,2019-04-15,2.42,2.43,2.43,2.46,2.43,2.4,2.36,2.37,2.46,2.55,2.77,2.96
2092,2019-04-16,2.43,2.44,2.43,2.47,2.45,2.41,2.38,2.41,2.5,2.6,2.81,2.99
2093,2019-04-17,2.43,2.44,2.44,2.47,2.44,2.4,2.37,2.4,2.49,2.59,2.81,2.99
2094,2019-04-18,2.44,2.44,2.42,2.47,2.44,2.38,2.36,2.38,2.46,2.57,2.78,2.96
2095,2019-04-22,2.44,2.44,2.44,2.47,2.46,2.38,2.36,2.39,2.49,2.59,2.82,2.99
2096,2019-04-23,2.43,2.44,2.45,2.46,2.43,2.36,2.34,2.36,2.46,2.57,2.81,2.98
2097,2019-04-24,2.42,2.43,2.44,2.46,2.42,2.32,2.28,2.32,2.41,2.53,2.76,2.94
2098,2019-04-25,2.43,2.44,2.43,2.46,2.42,2.33,2.29,2.33,2.42,2.54,2.76,2.94
2099,2019-04-26,2.42,2.43,2.42,2.46,2.41,2.28,2.25,2.29,2.39,2.51,2.74,2.92
2100,2019-04-29,2.45,2.45,2.44,2.47,2.42,2.3,2.27,2.32,2.42,2.54,2.78,2.96
2101,2019-04-30,2.43,2.44,2.43,2.46,2.39,2.27,2.24,2.28,2.39,2.51,2.75,2.93
2102,2019-05-01,2.42,2.41,2.43,2.44,2.39,2.31,2.28,2.31,2.41,2.52,2.74,2.92
2103,2019-05-02,2.44,2.46,2.47,2.46,2.41,2.35,2.32,2.34,2.44,2.55,2.77,2.94
2104,2019-05-03,2.42,2.44,2.43,2.46,2.41,2.33,2.3,2.33,2.43,2.54,2.75,2.93
2105,2019-05-06,2.43,2.44,2.44,2.46,2.39,2.31,2.27,2.3,2.4,2.51,2.73,2.91
2106,2019-05-07,2.44,2.44,2.43,2.46,2.37,2.28,2.24,2.25,2.35,2.45,2.68,2.86
2107,2019-05-08,2.42,2.43,2.43,2.45,2.37,2.3,2.26,2.28,2.38,2.49,2.71,2.89
2108,2019-05-09,2.43,2.43,2.43,2.46,2.36,2.26,2.22,2.25,2.34,2.45,2.69,2.87
2109,2019-05-10,2.42,2.43,2.43,2.45,2.36,2.26,2.23,2.26,2.37,2.47,2.7,2.89
2110,2019-05-13,2.41,2.42,2.41,2.42,2.32,2.18,2.15,2.18,2.28,2.4,2.65,2.83
2111,2019-05-14,2.41,2.42,2.41,2.43,2.32,2.2,2.17,2.2,2.3,2.42,2.67,2.86
2112,2019-05-15,2.4,2.41,2.42,2.43,2.3,2.16,2.12,2.15,2.25,2.37,2.63,2.82
2113,2019-05-16,2.4,2.41,2.4,2.43,2.33,2.2,2.15,2.18,2.28,2.4,2.65,2.84
2114,2019-05-17,2.39,2.4,2.39,2.42,2.33,2.2,2.15,2.17,2.27,2.39,2.63,2.82
2115,2019-05-20,2.39,2.39,2.39,2.42,2.34,2.21,2.17,2.21,2.3,2.41,2.65,2.83
2116,2019-05-21,2.37,2.38,2.39,2.42,2.36,2.26,2.2,2.23,2.33,2.43,2.67,2.84
2117,2019-05-22,2.36,2.37,2.38,2.41,2.37,2.23,2.17,2.19,2.28,2.39,2.64,2.82
2118,2019-05-23,2.38,2.38,2.37,2.4,2.32,2.12,2.08,2.11,2.2,2.31,2.56,2.75
2119,2019-05-24,2.37,2.38,2.35,2.39,2.33,2.16,2.1,2.12,2.22,2.32,2.57,2.75
2120,2019-05-28,2.35,2.36,2.37,2.38,2.31,2.12,2.06,2.06,2.16,2.26,2.52,2.7
2121,2019-05-29,2.35,2.36,2.37,2.38,2.3,2.09,2.04,2.05,2.16,2.25,2.5,2.69
2122,2019-05-30,2.37,2.38,2.38,2.4,2.29,2.06,2.0,2.03,2.12,2.22,2.46,2.65
2123,2019-05-31,2.35,2.38,2.35,2.35,2.21,1.95,1.9,1.93,2.03,2.14,2.39,2.58
2124,2019-06-03,2.36,2.36,2.35,2.31,2.11,1.82,1.79,1.83,1.95,2.07,2.34,2.53
2125,2019-06-04,2.34,2.36,2.35,2.29,2.11,1.88,1.84,1.89,2.01,2.12,2.41,2.6
2126,2019-06-05,2.31,2.35,2.35,2.25,2.04,1.83,1.81,1.86,2.0,2.12,2.42,2.63
2127,2019-06-06,2.32,2.35,2.33,2.22,2.02,1.88,1.85,1.88,2.01,2.12,2.42,2.62
2128,2019-06-07,2.3,2.32,2.28,2.15,1.97,1.85,1.82,1.85,1.97,2.09,2.36,2.57
2129,2019-06-10,2.3,2.31,2.29,2.21,2.03,1.9,1.87,1.91,2.03,2.15,2.42,2.62
2130,2019-06-11,2.27,2.26,2.27,2.21,2.05,1.93,1.87,1.92,2.03,2.15,2.42,2.62
2131,2019-06-12,2.19,2.22,2.24,2.2,2.02,1.88,1.83,1.88,2.0,2.13,2.41,2.62
2132,2019-06-13,2.24,2.23,2.19,2.18,2.0,1.83,1.78,1.84,1.96,2.1,2.39,2.61
2133,2019-06-14,2.23,2.21,2.2,2.18,2.0,1.84,1.79,1.85,1.96,2.09,2.38,2.59
2134,2019-06-17,2.22,2.21,2.23,2.2,2.03,1.86,1.8,1.85,1.96,2.09,2.37,2.58
2135,2019-06-18,2.18,2.2,2.22,2.2,2.04,1.86,1.8,1.83,1.93,2.06,2.34,2.55
2136,2019-06-19,2.14,2.18,2.18,2.11,1.96,1.74,1.7,1.77,1.89,2.03,2.32,2.54
2137,2019-06-20,2.17,2.15,2.14,2.04,1.91,1.72,1.69,1.74,1.87,2.01,2.31,2.53
2138,2019-06-21,2.16,2.16,2.11,2.05,1.95,1.77,1.74,1.8,1.93,2.07,2.37,2.59
2139,2019-06-24,2.12,2.13,2.13,2.1,1.92,1.72,1.69,1.75,1.88,2.02,2.33,2.55
2140,2019-06-25,2.11,2.12,2.12,2.1,1.93,1.71,1.67,1.73,1.86,2.0,2.31,2.53
2141,2019-06-26,2.11,2.12,2.15,2.12,1.96,1.77,1.74,1.8,1.92,2.05,2.35,2.57
2142,2019-06-27,2.19,2.15,2.14,2.12,1.93,1.74,1.71,1.76,1.88,2.01,2.31,2.52
2143,2019-06-28,2.18,2.15,2.12,2.09,1.92,1.75,1.71,1.76,1.87,2.0,2.31,2.52
2144,2019-07-01,2.17,2.16,2.21,2.1,1.94,1.78,1.74,1.79,1.9,2.03,2.34,2.55
2145,2019-07-02,2.21,2.17,2.2,2.09,1.91,1.77,1.71,1.75,1.85,1.98,2.29,2.51
2146,2019-07-03,2.25,2.2,2.21,2.08,1.91,1.77,1.71,1.74,1.83,1.96,2.25,2.47
2147,2019-07-05,2.26,2.22,2.23,2.14,1.98,1.87,1.82,1.84,1.93,2.04,2.34,2.54
2148,2019-07-08,2.23,2.24,2.26,2.14,1.99,1.88,1.84,1.86,1.94,2.05,2.32,2.53
2149,2019-07-09,2.22,2.24,2.26,2.15,2.0,1.92,1.88,1.88,1.96,2.07,2.34,2.54
2150,2019-07-10,2.18,2.18,2.2,2.07,1.93,1.82,1.79,1.82,1.93,2.07,2.36,2.57
2151,2019-07-11,2.17,2.17,2.17,2.08,1.97,1.85,1.84,1.88,1.99,2.13,2.42,2.65
2152,2019-07-12,2.16,2.18,2.14,2.07,1.96,1.84,1.81,1.86,1.98,2.12,2.42,2.64
2153,2019-07-15,2.17,2.19,2.16,2.06,1.95,1.83,1.8,1.84,1.96,2.09,2.39,2.61
2154,2019-07-16,2.16,2.17,2.15,2.06,2.0,1.87,1.84,1.88,2.0,2.13,2.42,2.63
2155,2019-07-17,2.13,2.14,2.14,2.04,1.95,1.83,1.8,1.83,1.94,2.06,2.35,2.57
2156,2019-07-18,2.11,2.12,2.05,2.01,1.9,1.77,1.74,1.78,1.89,2.04,2.34,2.56
2157,2019-07-19,2.11,2.16,2.06,2.03,1.94,1.8,1.77,1.8,1.91,2.05,2.35,2.57
2158,2019-07-22,2.13,2.16,2.09,2.08,1.95,1.8,1.77,1.8,1.92,2.05,2.36,2.58
2159,2019-07-23,2.12,2.15,2.06,2.09,1.97,1.83,1.79,1.83,1.94,2.08,2.38,2.61
2160,2019-07-24,2.1,2.14,2.1,2.08,1.98,1.83,1.79,1.82,1.93,2.05,2.36,2.58
2161,2019-07-25,2.16,2.17,2.1,2.08,1.99,1.86,1.83,1.85,1.95,2.08,2.38,2.6
2162,2019-07-26,2.13,2.15,2.12,2.1,2.0,1.86,1.83,1.85,1.95,2.08,2.38,2.59
2163,2019-07-29,2.12,2.16,2.12,2.1,1.98,1.85,1.81,1.84,1.93,2.06,2.37,2.59
2164,2019-07-30,2.07,2.1,2.08,2.07,1.97,1.85,1.82,1.84,1.93,2.06,2.36,2.58
2165,2019-07-31,2.01,2.07,2.08,2.1,2.0,1.89,1.84,1.84,1.92,2.02,2.31,2.53
2166,2019-08-01,2.11,2.14,2.07,2.04,1.88,1.73,1.67,1.68,1.77,1.9,2.21,2.44
2167,2019-08-02,2.11,2.12,2.06,2.02,1.85,1.72,1.67,1.66,1.75,1.86,2.16,2.39
2168,2019-08-05,2.07,2.08,2.05,1.99,1.78,1.59,1.55,1.55,1.63,1.75,2.07,2.3
2169,2019-08-06,2.05,2.08,2.05,2.0,1.8,1.6,1.54,1.53,1.62,1.73,2.03,2.25
2170,2019-08-07,2.02,2.04,2.02,1.95,1.75,1.59,1.51,1.52,1.6,1.71,2.01,2.22
2171,2019-08-08,2.09,2.07,2.02,1.96,1.79,1.62,1.54,1.54,1.62,1.72,2.02,2.25
2172,2019-08-09,2.05,2.06,2.0,1.95,1.78,1.63,1.58,1.57,1.65,1.74,2.03,2.26
2173,2019-08-12,2.09,2.06,2.0,1.94,1.75,1.58,1.51,1.49,1.56,1.65,1.92,2.14
2174,2019-08-13,2.05,2.04,2.0,1.96,1.86,1.66,1.6,1.57,1.62,1.68,1.94,2.15
2175,2019-08-14,1.98,1.98,1.96,1.92,1.79,1.58,1.53,1.51,1.55,1.59,1.84,2.03
2176,2019-08-15,2.08,1.97,1.91,1.86,1.72,1.48,1.44,1.42,1.47,1.52,1.8,1.98
2177,2019-08-16,2.05,1.95,1.87,1.85,1.71,1.48,1.44,1.42,1.49,1.55,1.82,2.01
2178,2019-08-19,2.06,1.96,1.94,1.9,1.75,1.53,1.49,1.47,1.54,1.6,1.88,2.08
2179,2019-08-20,2.05,1.96,1.94,1.89,1.72,1.5,1.44,1.42,1.49,1.55,1.84,2.04
2180,2019-08-21,2.03,1.98,1.97,1.9,1.77,1.56,1.5,1.47,1.54,1.59,1.87,2.07
2181,2019-08-22,2.1,2.02,2.0,1.91,1.79,1.61,1.53,1.5,1.56,1.62,1.9,2.11
2182,2019-08-23,2.07,2.02,1.97,1.87,1.73,1.51,1.43,1.4,1.46,1.52,1.82,2.02
2183,2019-08-26,2.09,2.03,2.01,1.9,1.75,1.54,1.47,1.43,1.49,1.54,1.84,2.04
2184,2019-08-27,2.07,2.03,1.98,1.94,1.77,1.53,1.43,1.4,1.44,1.49,1.77,1.97
2185,2019-08-28,2.07,2.04,1.99,1.89,1.74,1.5,1.42,1.37,1.42,1.47,1.76,1.94
2186,2019-08-29,2.1,2.03,1.99,1.89,1.75,1.53,1.44,1.4,1.46,1.5,1.78,1.97
2187,2019-08-30,2.1,2.04,1.99,1.89,1.76,1.5,1.42,1.39,1.45,1.5,1.78,1.96
2188,2019-09-03,2.06,2.01,1.98,1.88,1.72,1.47,1.38,1.35,1.42,1.47,1.77,1.95
2189,2019-09-04,2.05,2.02,1.97,1.87,1.69,1.43,1.36,1.32,1.4,1.47,1.77,1.97
2190,2019-09-05,2.05,2.01,1.97,1.88,1.73,1.55,1.47,1.43,1.51,1.57,1.86,2.06
2191,2019-09-06,2.05,2.0,1.96,1.88,1.73,1.53,1.46,1.42,1.5,1.55,1.83,2.02
2192,2019-09-09,2.04,1.99,1.96,1.87,1.74,1.58,1.52,1.49,1.57,1.63,1.91,2.11
2193,2019-09-10,2.04,1.99,1.95,1.89,1.81,1.67,1.61,1.58,1.66,1.72,2.0,2.19
2194,2019-09-11,2.01,1.97,1.96,1.88,1.79,1.68,1.62,1.6,1.68,1.75,2.02,2.22
2195,2019-09-12,1.99,1.97,1.95,1.9,1.82,1.72,1.67,1.65,1.72,1.79,2.06,2.22
2196,2019-09-13,1.99,1.98,1.96,1.92,1.88,1.79,1.76,1.75,1.83,1.9,2.17,2.37
2197,2019-09-16,2.08,2.02,1.99,1.93,1.86,1.74,1.71,1.69,1.77,1.84,2.11,2.31
2198,2019-09-17,2.1,2.06,1.99,1.93,1.87,1.72,1.68,1.66,1.75,1.81,2.08,2.27
2199,2019-09-18,1.94,1.93,1.95,1.91,1.87,1.77,1.72,1.68,1.76,1.8,2.06,2.25
2200,2019-09-19,2.01,1.99,1.93,1.92,1.88,1.74,1.68,1.66,1.73,1.79,2.04,2.22
2201,2019-09-20,1.95,1.94,1.91,1.91,1.84,1.69,1.63,1.61,1.68,1.74,1.99,2.17
2202,2019-09-23,1.94,1.94,1.94,1.93,1.81,1.68,1.61,1.59,1.65,1.72,1.98,2.16
2203,2019-09-24,1.9,1.9,1.92,1.91,1.78,1.6,1.53,1.52,1.58,1.64,1.91,2.09
2204,2019-09-25,1.8,1.86,1.89,1.9,1.82,1.68,1.61,1.6,1.66,1.73,1.99,2.18
2205,2019-09-26,1.91,1.9,1.83,1.88,1.79,1.66,1.61,1.59,1.65,1.7,1.96,2.15
2206,2019-09-27,1.9,1.86,1.8,1.85,1.74,1.63,1.58,1.56,1.62,1.69,1.95,2.13
2207,2019-09-30,1.91,1.87,1.88,1.83,1.75,1.63,1.56,1.55,1.62,1.68,1.94,2.12
2208,2019-10-01,1.79,1.77,1.82,1.81,1.73,1.56,1.51,1.51,1.59,1.65,1.93,2.11
2209,2019-10-02,1.75,1.75,1.79,1.75,1.67,1.48,1.43,1.43,1.53,1.6,1.9,2.09
2210,2019-10-03,1.78,1.75,1.7,1.66,1.58,1.39,1.34,1.34,1.45,1.54,1.85,2.04
2211,2019-10-04,1.73,1.74,1.71,1.65,1.58,1.4,1.35,1.34,1.43,1.52,1.81,2.01
2212,2019-10-07,1.76,1.76,1.75,1.73,1.64,1.46,1.41,1.38,1.47,1.56,1.85,2.05
2213,2019-10-08,1.69,1.72,1.72,1.69,1.62,1.42,1.38,1.36,1.45,1.54,1.84,2.04
2214,2019-10-09,1.69,1.7,1.69,1.69,1.59,1.47,1.43,1.4,1.5,1.59,1.88,2.08
2215,2019-10-10,1.74,1.71,1.68,1.68,1.63,1.53,1.49,1.48,1.57,1.67,1.96,2.16
2216,2019-10-11,1.76,1.74,1.68,1.68,1.67,1.63,1.6,1.59,1.68,1.76,2.04,2.22
2217,2019-10-14,1.76,1.74,1.68,1.68,1.67,1.63,1.6,1.59,1.68,1.76,2.04,2.22
2218,2019-10-15,1.74,1.72,1.67,1.67,1.65,1.61,1.6,1.59,1.68,1.77,2.06,2.23
2219,2019-10-16,1.71,1.68,1.66,1.64,1.59,1.58,1.57,1.57,1.65,1.75,2.05,2.23
2220,2019-10-17,1.74,1.7,1.66,1.63,1.59,1.6,1.57,1.57,1.66,1.76,2.05,2.24
2221,2019-10-18,1.75,1.69,1.66,1.63,1.58,1.58,1.56,1.56,1.66,1.76,2.06,2.25
2222,2019-10-21,1.76,1.7,1.67,1.65,1.59,1.62,1.59,1.61,1.7,1.8,2.1,2.28
2223,2019-10-22,1.75,1.69,1.65,1.64,1.59,1.6,1.59,1.6,1.68,1.78,2.07,2.26
2224,2019-10-23,1.74,1.69,1.65,1.64,1.58,1.58,1.58,1.58,1.67,1.77,2.06,2.25
2225,2019-10-24,1.75,1.73,1.67,1.65,1.59,1.58,1.58,1.58,1.67,1.77,2.08,2.26
2226,2019-10-25,1.73,1.72,1.66,1.66,1.6,1.63,1.62,1.62,1.71,1.8,2.1,2.29
2227,2019-10-28,1.74,1.71,1.65,1.65,1.6,1.64,1.65,1.66,1.75,1.85,2.16,2.34
2228,2019-10-29,1.66,1.67,1.63,1.64,1.59,1.64,1.65,1.66,1.74,1.84,2.15,2.33
2229,2019-10-30,1.61,1.6,1.62,1.62,1.59,1.61,1.6,1.61,1.69,1.78,2.08,2.26
2230,2019-10-31,1.59,1.59,1.54,1.57,1.53,1.52,1.52,1.51,1.6,1.69,2.0,2.17
2231,2019-11-01,1.58,1.58,1.52,1.55,1.53,1.56,1.55,1.55,1.63,1.73,2.03,2.21
2232,2019-11-04,1.58,1.57,1.53,1.57,1.56,1.6,1.59,1.6,1.69,1.79,2.1,2.27
2233,2019-11-05,1.56,1.57,1.56,1.58,1.62,1.63,1.63,1.66,1.77,1.86,2.17,2.34
2234,2019-11-06,1.55,1.56,1.56,1.57,1.58,1.61,1.6,1.63,1.73,1.81,2.13,2.3
2235,2019-11-07,1.57,1.57,1.56,1.58,1.58,1.68,1.7,1.74,1.84,1.92,2.24,2.4
2236,2019-11-08,1.56,1.56,1.55,1.58,1.58,1.68,1.7,1.74,1.86,1.94,2.27,2.43
2237,2019-11-11,1.56,1.56,1.55,1.58,1.58,1.68,1.7,1.74,1.86,1.94,2.27,2.43
2238,2019-11-12,1.56,1.56,1.59,1.59,1.58,1.66,1.69,1.73,1.84,1.92,2.24,2.39
2239,2019-11-13,1.56,1.57,1.57,1.59,1.57,1.63,1.65,1.69,1.79,1.88,2.2,2.36
2240,2019-11-14,1.59,1.57,1.57,1.58,1.55,1.58,1.59,1.63,1.73,1.82,2.15,2.31
2241,2019-11-15,1.59,1.56,1.57,1.59,1.54,1.61,1.61,1.65,1.75,1.84,2.16,2.31
2242,2019-11-18,1.59,1.57,1.57,1.58,1.54,1.6,1.59,1.63,1.73,1.81,2.14,2.3
2243,2019-11-19,1.58,1.57,1.57,1.58,1.54,1.6,1.59,1.63,1.71,1.79,2.11,2.26
2244,2019-11-20,1.57,1.56,1.57,1.58,1.54,1.56,1.55,1.58,1.66,1.73,2.05,2.2
2245,2019-11-21,1.57,1.57,1.58,1.59,1.55,1.6,1.59,1.62,1.71,1.77,2.09,2.24
2246,2019-11-22,1.58,1.59,1.58,1.59,1.56,1.61,1.6,1.62,1.71,1.77,2.08,2.22
2247,2019-11-25,1.6,1.6,1.61,1.61,1.58,1.61,1.6,1.62,1.71,1.76,2.07,2.21
2248,2019-11-26,1.63,1.61,1.6,1.62,1.59,1.58,1.58,1.58,1.68,1.74,2.04,2.18
2249,2019-11-27,1.65,1.6,1.62,1.63,1.6,1.63,1.61,1.63,1.71,1.77,2.06,2.19
2250,2019-11-29,1.62,1.6,1.59,1.63,1.6,1.61,1.61,1.62,1.73,1.78,2.07,2.21
2251,2019-12-02,1.6,1.58,1.6,1.62,1.6,1.61,1.63,1.65,1.77,1.83,2.15,2.28
2252,2019-12-03,1.56,1.54,1.57,1.57,1.57,1.53,1.54,1.54,1.65,1.72,2.03,2.17
2253,2019-12-04,1.59,1.54,1.55,1.56,1.56,1.58,1.58,1.6,1.71,1.77,2.08,2.22
2254,2019-12-05,1.52,1.56,1.54,1.55,1.56,1.58,1.6,1.62,1.73,1.8,2.11,2.24
2255,2019-12-06,1.52,1.55,1.53,1.56,1.57,1.61,1.64,1.67,1.78,1.84,2.14,2.29
2256,2019-12-09,1.54,1.54,1.54,1.58,1.56,1.63,1.63,1.67,1.77,1.83,2.13,2.27
2257,2019-12-10,1.53,1.55,1.56,1.57,1.56,1.65,1.67,1.68,1.78,1.85,2.12,2.26
2258,2019-12-11,1.54,1.56,1.57,1.58,1.55,1.61,1.62,1.64,1.74,1.79,2.08,2.23
2259,2019-12-12,1.57,1.57,1.56,1.57,1.55,1.66,1.69,1.73,1.84,1.9,2.18,2.32
2260,2019-12-13,1.55,1.57,1.57,1.56,1.54,1.61,1.62,1.66,1.76,1.82,2.11,2.26
2261,2019-12-16,1.57,1.57,1.57,1.58,1.54,1.65,1.67,1.72,1.82,1.89,2.17,2.3
2262,2019-12-17,1.56,1.56,1.56,1.58,1.53,1.63,1.66,1.71,1.82,1.89,2.18,2.31
2263,2019-12-18,1.56,1.57,1.56,1.58,1.54,1.63,1.67,1.74,1.86,1.92,2.22,2.35
2264,2019-12-19,1.54,1.58,1.57,1.57,1.52,1.62,1.65,1.73,1.84,1.92,2.21,2.35
2265,2019-12-20,1.57,1.59,1.58,1.58,1.52,1.63,1.67,1.73,1.84,1.92,2.21,2.34
2266,2019-12-23,1.57,1.57,1.59,1.6,1.53,1.64,1.67,1.75,1.86,1.93,2.22,2.35
2267,2019-12-24,1.55,1.58,1.58,1.61,1.53,1.62,1.64,1.72,1.83,1.9,2.2,2.33
2268,2019-12-26,1.59,1.6,1.58,1.61,1.53,1.64,1.65,1.72,1.85,1.9,2.19,2.33
2269,2019-12-27,1.56,1.56,1.57,1.59,1.51,1.59,1.6,1.68,1.8,1.88,2.18,2.32
2270,2019-12-30,1.51,1.53,1.57,1.6,1.57,1.58,1.59,1.68,1.81,1.9,2.21,2.34
2271,2019-12-31,1.48,1.51,1.55,1.6,1.59,1.58,1.62,1.69,1.83,1.92,2.25,2.39
2272,2020-01-02,1.53,1.55,1.54,1.57,1.56,1.58,1.59,1.67,1.79,1.88,2.19,2.33
2273,2020-01-03,1.52,1.55,1.52,1.55,1.55,1.53,1.54,1.59,1.71,1.8,2.11,2.26
2274,2020-01-06,1.54,1.54,1.56,1.56,1.54,1.54,1.56,1.61,1.72,1.81,2.13,2.28
2275,2020-01-07,1.52,1.53,1.54,1.56,1.53,1.54,1.55,1.62,1.74,1.83,2.16,2.31
2276,2020-01-08,1.5,1.53,1.54,1.56,1.55,1.58,1.61,1.67,1.78,1.87,2.21,2.35
2277,2020-01-09,1.53,1.55,1.54,1.56,1.54,1.58,1.59,1.65,1.77,1.85,2.17,2.38
2278,2020-01-10,1.52,1.55,1.54,1.55,1.53,1.56,1.59,1.63,1.74,1.83,2.14,2.28
2279,2020-01-13,1.54,1.56,1.57,1.57,1.53,1.58,1.6,1.65,1.76,1.85,2.16,2.3
2280,2020-01-14,1.53,1.56,1.57,1.57,1.53,1.58,1.59,1.63,1.74,1.82,2.12,2.27
2281,2020-01-15,1.53,1.56,1.57,1.58,1.54,1.56,1.56,1.6,1.71,1.79,2.09,2.23
2282,2020-01-16,1.54,1.56,1.55,1.56,1.54,1.58,1.58,1.63,1.73,1.81,2.11,2.26
2283,2020-01-17,1.54,1.56,1.56,1.57,1.56,1.58,1.56,1.63,1.74,1.84,2.16,2.29
2284,2020-01-21,1.52,1.54,1.56,1.57,1.54,1.53,1.53,1.57,1.69,1.78,2.1,2.23
2285,2020-01-22,1.52,1.53,1.55,1.56,1.55,1.53,1.52,1.57,1.68,1.77,2.07,2.22
2286,2020-01-23,1.52,1.53,1.55,1.56,1.55,1.53,1.52,1.57,1.68,1.77,2.07,2.22
2287,2020-01-24,1.54,1.55,1.54,1.55,1.55,1.49,1.48,1.51,1.61,1.7,2.0,2.14
2288,2020-01-27,1.53,1.55,1.55,1.57,1.53,1.44,1.41,1.44,1.52,1.61,1.91,2.05
2289,2020-01-28,1.53,1.57,1.57,1.58,1.53,1.45,1.45,1.47,1.56,1.65,1.95,2.1
2290,2020-01-29,1.52,1.55,1.56,1.57,1.51,1.42,1.39,1.41,1.51,1.6,1.89,2.05
2291,2020-01-30,1.59,1.58,1.57,1.57,1.48,1.41,1.37,1.39,1.49,1.57,1.88,2.04
2292,2020-01-31,1.56,1.57,1.55,1.54,1.45,1.33,1.3,1.32,1.42,1.51,1.83,1.99
2293,2020-02-03,1.56,1.57,1.57,1.56,1.46,1.36,1.34,1.35,1.45,1.54,1.84,2.01
2294,2020-02-04,1.55,1.57,1.57,1.57,1.48,1.41,1.4,1.42,1.52,1.61,1.91,2.08
2295,2020-02-05,1.55,1.56,1.57,1.57,1.49,1.44,1.43,1.46,1.57,1.66,1.97,2.14
2296,2020-02-06,1.59,1.59,1.57,1.58,1.51,1.44,1.43,1.45,1.56,1.65,1.94,2.11
2297,2020-02-07,1.57,1.58,1.56,1.57,1.49,1.41,1.39,1.41,1.51,1.59,1.89,2.05
2298,2020-02-10,1.58,1.58,1.58,1.58,1.45,1.37,1.36,1.38,1.47,1.56,1.87,2.03
2299,2020-02-11,1.57,1.58,1.57,1.55,1.48,1.41,1.39,1.4,1.5,1.59,1.89,2.05
2300,2020-02-12,1.57,1.59,1.58,1.56,1.49,1.44,1.42,1.45,1.55,1.62,1.93,2.09
2301,2020-02-13,1.59,1.59,1.59,1.56,1.48,1.44,1.42,1.43,1.53,1.61,1.91,2.07
2302,2020-02-14,1.6,1.6,1.58,1.56,1.49,1.42,1.4,1.42,1.51,1.59,1.89,2.04
2303,2020-02-17,1.6,1.6,1.58,1.56,1.49,1.42,1.4,1.42,1.51,1.59,1.89,2.04
2304,2020-02-18,1.61,1.6,1.58,1.56,1.47,1.41,1.37,1.39,1.48,1.55,1.85,2.0
2305,2020-02-19,1.61,1.61,1.58,1.56,1.47,1.42,1.39,1.41,1.5,1.56,1.86,2.01
2306,2020-02-20,1.61,1.6,1.58,1.55,1.46,1.39,1.35,1.37,1.45,1.52,1.81,1.97
2307,2020-02-21,1.6,1.6,1.56,1.53,1.43,1.34,1.3,1.3,1.39,1.46,1.75,1.9
2308,2020-02-24,1.6,1.59,1.53,1.49,1.35,1.26,1.21,1.21,1.3,1.38,1.68,1.84
2309,2020-02-25,1.59,1.58,1.53,1.47,1.3,1.2,1.16,1.16,1.25,1.33,1.63,1.8
2310,2020-02-26,1.59,1.56,1.53,1.42,1.26,1.16,1.14,1.14,1.25,1.33,1.64,1.81
2311,2020-02-27,1.56,1.53,1.45,1.33,1.18,1.11,1.08,1.11,1.22,1.3,1.61,1.79
2312,2020-02-28,1.45,1.37,1.27,1.11,0.97,0.86,0.85,0.89,1.03,1.13,1.46,1.65
2313,2020-03-02,1.41,1.27,1.13,0.95,0.89,0.84,0.85,0.88,1.01,1.1,1.46,1.66
2314,2020-03-03,1.11,1.05,0.95,0.83,0.73,0.71,0.72,0.77,0.91,1.02,1.44,1.64
2315,2020-03-04,1.0,0.87,0.72,0.68,0.59,0.67,0.68,0.75,0.9,1.02,1.45,1.67
2316,2020-03-05,0.92,0.83,0.62,0.53,0.48,0.59,0.61,0.67,0.81,0.92,1.34,1.56
2317,2020-03-06,0.79,0.64,0.45,0.41,0.39,0.49,0.53,0.58,0.69,0.74,1.09,1.25
2318,2020-03-09,0.57,0.52,0.33,0.27,0.31,0.38,0.4,0.46,0.56,0.54,0.87,0.99
2319,2020-03-10,0.57,0.55,0.44,0.43,0.43,0.5,0.58,0.63,0.73,0.76,1.16,1.28
2320,2020-03-11,0.42,0.42,0.42,0.4,0.4,0.5,0.58,0.66,0.78,0.82,1.13,1.3
2321,2020-03-12,0.41,0.33,0.33,0.37,0.39,0.5,0.58,0.66,0.82,0.88,1.27,1.49
2322,2020-03-13,0.33,0.3,0.28,0.38,0.38,0.49,0.58,0.7,0.89,0.94,1.31,1.56
2323,2020-03-16,0.25,0.25,0.24,0.29,0.29,0.36,0.43,0.49,0.67,0.73,1.1,1.34
2324,2020-03-17,0.12,0.18,0.19,0.24,0.3,0.47,0.54,0.66,0.91,1.02,1.45,1.63
2325,2020-03-18,0.04,0.03,0.02,0.08,0.21,0.54,0.66,0.79,1.08,1.18,1.6,1.77
2326,2020-03-19,0.04,0.04,0.04,0.06,0.2,0.44,0.53,0.66,1.0,1.12,1.56,1.78
2327,2020-03-20,0.04,0.05,0.05,0.05,0.15,0.37,0.41,0.52,0.82,0.92,1.35,1.55
2328,2020-03-23,0.01,0.04,0.02,0.08,0.17,0.28,0.31,0.38,0.63,0.76,1.12,1.33
2329,2020-03-24,0.01,0.01,0.01,0.09,0.25,0.38,0.44,0.52,0.75,0.84,1.19,1.39
2330,2020-03-25,0.0,0.0,0.0,0.07,0.19,0.34,0.41,0.56,0.77,0.88,1.23,1.45
2331,2020-03-26,0.01,0.01,0.0,0.04,0.13,0.3,0.36,0.51,0.72,0.83,1.2,1.42
2332,2020-03-27,0.01,0.03,0.03,0.02,0.11,0.25,0.3,0.41,0.6,0.72,1.09,1.29
2333,2020-03-30,0.04,0.07,0.12,0.12,0.14,0.23,0.29,0.39,0.57,0.7,1.1,1.31
2334,2020-03-31,0.05,0.12,0.11,0.15,0.17,0.23,0.29,0.37,0.55,0.7,1.15,1.35
2335,2020-04-01,0.03,0.07,0.09,0.14,0.16,0.23,0.28,0.37,0.51,0.62,1.04,1.27
2336,2020-04-02,0.09,0.1,0.09,0.15,0.14,0.23,0.29,0.39,0.53,0.63,1.04,1.26
2337,2020-04-03,0.09,0.11,0.1,0.15,0.15,0.23,0.3,0.39,0.52,0.62,1.05,1.24
2338,2020-04-06,0.09,0.13,0.15,0.17,0.2,0.27,0.35,0.44,0.58,0.67,1.08,1.27
2339,2020-04-07,0.1,0.13,0.14,0.2,0.2,0.28,0.36,0.48,0.64,0.75,1.13,1.32
2340,2020-04-08,0.14,0.17,0.22,0.24,0.23,0.27,0.34,0.47,0.65,0.77,1.18,1.37
2341,2020-04-09,0.2,0.27,0.25,0.24,0.25,0.23,0.29,0.41,0.6,0.73,1.15,1.35
2342,2020-04-13,0.17,0.29,0.26,0.27,0.27,0.25,0.31,0.44,0.63,0.76,1.19,1.39
2343,2020-04-14,0.17,0.19,0.2,0.24,0.25,0.23,0.29,0.42,0.61,0.76,1.19,1.41
2344,2020-04-15,0.14,0.15,0.14,0.19,0.19,0.2,0.24,0.34,0.49,0.63,1.06,1.27
2345,2020-04-16,0.14,0.15,0.14,0.18,0.17,0.2,0.25,0.35,0.5,0.61,1.01,1.21
2346,2020-04-17,0.12,0.12,0.12,0.16,0.16,0.2,0.26,0.36,0.53,0.65,1.08,1.27
2347,2020-04-20,0.1,0.1,0.12,0.15,0.15,0.2,0.26,0.35,0.51,0.63,1.04,1.23
2348,2020-04-21,0.08,0.08,0.11,0.14,0.17,0.2,0.24,0.34,0.48,0.58,0.98,1.17
2349,2020-04-22,0.09,0.09,0.12,0.14,0.16,0.22,0.26,0.37,0.52,0.63,1.03,1.22
2350,2020-04-23,0.09,0.12,0.11,0.14,0.17,0.22,0.26,0.37,0.51,0.61,0.99,1.18
2351,2020-04-24,0.1,0.11,0.12,0.14,0.18,0.22,0.26,0.36,0.51,0.6,0.98,1.17
2352,2020-04-27,0.09,0.13,0.12,0.15,0.17,0.24,0.29,0.41,0.56,0.67,1.06,1.25
2353,2020-04-28,0.08,0.09,0.11,0.13,0.16,0.2,0.26,0.37,0.52,0.62,1.0,1.2
2354,2020-04-29,0.1,0.09,0.1,0.12,0.18,0.2,0.24,0.36,0.52,0.63,1.02,1.24
2355,2020-04-30,0.1,0.1,0.09,0.11,0.16,0.2,0.24,0.36,0.53,0.64,1.05,1.28
2356,2020-05-01,0.1,0.11,0.12,0.12,0.17,0.2,0.25,0.36,0.53,0.64,1.04,1.27
2357,2020-05-04,0.1,0.1,0.13,0.14,0.16,0.19,0.24,0.36,0.52,0.64,1.05,1.29
2358,2020-05-05,0.09,0.11,0.13,0.15,0.16,0.19,0.24,0.36,0.53,0.66,1.07,1.32
2359,2020-05-06,0.08,0.1,0.12,0.16,0.16,0.17,0.24,0.37,0.57,0.72,1.16,1.41
2360,2020-05-07,0.1,0.11,0.11,0.14,0.15,0.13,0.19,0.29,0.49,0.63,1.05,1.31
2361,2020-05-08,0.1,0.11,0.12,0.15,0.15,0.16,0.21,0.33,0.53,0.69,1.12,1.39
2362,2020-05-11,0.09,0.11,0.12,0.16,0.16,0.17,0.24,0.36,0.56,0.73,1.16,1.43
2363,2020-05-12,0.1,0.11,0.13,0.16,0.16,0.17,0.22,0.34,0.53,0.69,1.11,1.38
2364,2020-05-13,0.1,0.1,0.13,0.15,0.15,0.16,0.2,0.31,0.5,0.64,1.07,1.35
2365,2020-05-14,0.09,0.1,0.12,0.15,0.15,0.16,0.2,0.31,0.48,0.63,1.03,1.3
2366,2020-05-15,0.09,0.09,0.12,0.15,0.15,0.16,0.19,0.31,0.49,0.64,1.05,1.32
2367,2020-05-18,0.1,0.11,0.13,0.15,0.17,0.18,0.24,0.38,0.57,0.73,1.17,1.44
2368,2020-05-19,0.09,0.11,0.13,0.15,0.16,0.17,0.22,0.35,0.54,0.7,1.15,1.43
2369,2020-05-20,0.08,0.11,0.12,0.14,0.16,0.16,0.21,0.34,0.53,0.68,1.19,1.4
2370,2020-05-21,0.09,0.11,0.12,0.14,0.16,0.17,0.21,0.35,0.53,0.68,1.16,1.4
2371,2020-05-22,0.09,0.11,0.12,0.16,0.17,0.17,0.21,0.34,0.51,0.66,1.12,1.37
2372,2020-05-26,0.1,0.12,0.14,0.17,0.17,0.18,0.22,0.35,0.53,0.69,1.19,1.43
2373,2020-05-27,0.11,0.14,0.15,0.17,0.18,0.19,0.22,0.34,0.52,0.68,1.19,1.44
2374,2020-05-28,0.14,0.15,0.15,0.18,0.17,0.17,0.22,0.34,0.54,0.7,1.23,1.47
2375,2020-05-29,0.13,0.14,0.14,0.18,0.17,0.16,0.19,0.3,0.5,0.65,1.18,1.41
2376,2020-06-01,0.12,0.14,0.14,0.18,0.17,0.14,0.2,0.31,0.5,0.66,1.22,1.46
2377,2020-06-02,0.12,0.13,0.15,0.18,0.17,0.17,0.2,0.32,0.52,0.68,1.24,1.48
2378,2020-06-03,0.12,0.14,0.16,0.19,0.17,0.19,0.26,0.38,0.59,0.77,1.32,1.56
2379,2020-06-04,0.13,0.15,0.15,0.18,0.17,0.19,0.26,0.4,0.63,0.82,1.38,1.61
2380,2020-06-05,0.13,0.14,0.15,0.18,0.18,0.22,0.29,0.47,0.71,0.91,1.46,1.68
2381,2020-06-08,0.15,0.15,0.17,0.19,0.19,0.22,0.29,0.45,0.69,0.88,1.43,1.65
2382,2020-06-09,0.14,0.17,0.19,0.19,0.19,0.2,0.25,0.4,0.65,0.84,1.37,1.59
2383,2020-06-10,0.13,0.16,0.17,0.19,0.18,0.17,0.22,0.33,0.56,0.75,1.31,1.53
2384,2020-06-11,0.14,0.16,0.17,0.18,0.19,0.19,0.22,0.32,0.51,0.66,1.19,1.41
2385,2020-06-12,0.14,0.15,0.16,0.18,0.18,0.19,0.22,0.33,0.54,0.71,1.24,1.45
2386,2020-06-15,0.15,0.16,0.18,0.19,0.17,0.19,0.22,0.33,0.54,0.71,1.24,1.45
2387,2020-06-16,0.14,0.15,0.17,0.19,0.18,0.21,0.23,0.34,0.56,0.75,1.31,1.54
2388,2020-06-17,0.13,0.15,0.17,0.18,0.19,0.19,0.23,0.34,0.55,0.74,1.3,1.52
2389,2020-06-18,0.13,0.14,0.16,0.17,0.19,0.19,0.22,0.34,0.54,0.71,1.24,1.47
2390,2020-06-19,0.13,0.14,0.15,0.17,0.18,0.19,0.22,0.33,0.53,0.7,1.23,1.47
2391,2020-06-22,0.14,0.15,0.16,0.18,0.17,0.19,0.22,0.34,0.54,0.71,1.23,1.46
2392,2020-06-23,0.12,0.14,0.16,0.17,0.18,0.18,0.22,0.33,0.54,0.72,1.25,1.49
2393,2020-06-24,0.11,0.14,0.15,0.17,0.17,0.19,0.21,0.33,0.52,0.69,1.21,1.44
2394,2020-06-25,0.13,0.14,0.16,0.17,0.17,0.17,0.21,0.32,0.53,0.68,1.2,1.43
2395,2020-06-26,0.12,0.15,0.14,0.17,0.17,0.17,0.19,0.3,0.49,0.64,1.15,1.37
2396,2020-06-29,0.11,0.14,0.14,0.18,0.16,0.16,0.18,0.28,0.47,0.64,1.16,1.39
2397,2020-06-30,0.13,0.14,0.16,0.18,0.16,0.16,0.18,0.29,0.49,0.66,1.18,1.41
2398,2020-07-01,0.12,0.12,0.14,0.17,0.16,0.17,0.19,0.31,0.52,0.69,1.2,1.43
2399,2020-07-02,0.13,0.14,0.14,0.16,0.16,0.16,0.19,0.29,0.5,0.68,1.2,1.43
2400,2020-07-06,0.12,0.14,0.15,0.16,0.16,0.16,0.19,0.31,0.51,0.69,1.21,1.45
2401,2020-07-07,0.12,0.14,0.15,0.17,0.15,0.16,0.19,0.29,0.48,0.65,1.15,1.38
2402,2020-07-08,0.11,0.13,0.15,0.17,0.15,0.16,0.19,0.3,0.49,0.67,1.16,1.39
2403,2020-07-09,0.11,0.12,0.13,0.16,0.15,0.16,0.18,0.28,0.46,0.62,1.09,1.32
2404,2020-07-10,0.1,0.12,0.13,0.15,0.15,0.16,0.19,0.3,0.49,0.65,1.12,1.33
2405,2020-07-13,0.11,0.12,0.14,0.15,0.16,0.16,0.19,0.3,0.48,0.64,1.11,1.33
2406,2020-07-14,0.11,0.14,0.15,0.14,0.17,0.14,0.19,0.28,0.47,0.63,1.09,1.3
2407,2020-07-15,0.12,0.13,0.16,0.15,0.15,0.16,0.18,0.28,0.47,0.64,1.11,1.33
2408,2020-07-16,0.12,0.11,0.11,0.13,0.14,0.16,0.17,0.28,0.46,0.62,1.09,1.31
2409,2020-07-17,0.11,0.11,0.11,0.13,0.14,0.14,0.18,0.29,0.47,0.64,1.11,1.33
2410,2020-07-20,0.11,0.12,0.13,0.14,0.14,0.16,0.18,0.29,0.47,0.62,1.1,1.32
2411,2020-07-21,0.09,0.11,0.13,0.13,0.15,0.14,0.17,0.27,0.45,0.61,1.09,1.31
2412,2020-07-22,0.09,0.12,0.13,0.14,0.14,0.14,0.17,0.27,0.45,0.6,1.08,1.29
2413,2020-07-23,0.09,0.11,0.12,0.13,0.14,0.16,0.16,0.27,0.44,0.59,1.03,1.24
2414,2020-07-24,0.1,0.11,0.11,0.14,0.16,0.14,0.17,0.27,0.44,0.59,1.03,1.23
2415,2020-07-27,0.1,0.1,0.11,0.14,0.14,0.15,0.18,0.3,0.46,0.62,1.05,1.25
2416,2020-07-28,0.09,0.11,0.11,0.12,0.14,0.14,0.16,0.26,0.44,0.59,1.01,1.22
2417,2020-07-29,0.09,0.1,0.11,0.12,0.13,0.12,0.15,0.25,0.43,0.58,1.03,1.24
2418,2020-07-30,0.1,0.1,0.09,0.11,0.11,0.11,0.14,0.23,0.4,0.55,0.98,1.2
2419,2020-07-31,0.09,0.09,0.09,0.1,0.11,0.11,0.11,0.21,0.39,0.55,0.98,1.2
2420,2020-08-03,0.09,0.09,0.1,0.11,0.12,0.11,0.13,0.22,0.4,0.56,1.01,1.23
2421,2020-08-04,0.09,0.09,0.09,0.11,0.14,0.11,0.1,0.19,0.36,0.52,0.96,1.19
2422,2020-08-05,0.08,0.09,0.1,0.12,0.12,0.11,0.13,0.22,0.39,0.55,1.0,1.22
2423,2020-08-06,0.07,0.11,0.1,0.11,0.14,0.11,0.13,0.21,0.39,0.55,0.98,1.2
2424,2020-08-07,0.08,0.09,0.1,0.12,0.14,0.13,0.14,0.23,0.41,0.57,1.01,1.23
2425,2020-08-10,0.09,0.11,0.11,0.13,0.13,0.14,0.15,0.24,0.42,0.59,1.04,1.25
2426,2020-08-11,0.08,0.1,0.11,0.12,0.15,0.16,0.18,0.27,0.46,0.64,1.1,1.32
2427,2020-08-12,0.08,0.1,0.11,0.12,0.13,0.16,0.19,0.3,0.5,0.69,1.15,1.37
2428,2020-08-13,0.08,0.1,0.1,0.12,0.14,0.16,0.19,0.32,0.52,0.71,1.2,1.42
2429,2020-08-14,0.09,0.1,0.1,0.12,0.13,0.14,0.18,0.29,0.51,0.71,1.21,1.45
2430,2020-08-17,0.09,0.1,0.1,0.12,0.13,0.14,0.18,0.29,0.49,0.69,1.19,1.43
2431,2020-08-18,0.08,0.09,0.09,0.13,0.13,0.14,0.17,0.27,0.47,0.67,1.16,1.4
2432,2020-08-19,0.07,0.09,0.11,0.12,0.13,0.14,0.17,0.29,0.48,0.68,1.2,1.42
2433,2020-08-20,0.08,0.09,0.11,0.13,0.12,0.13,0.15,0.26,0.46,0.65,1.15,1.38
2434,2020-08-21,0.07,0.09,0.1,0.12,0.13,0.16,0.16,0.27,0.46,0.64,1.13,1.35
2435,2020-08-24,0.09,0.1,0.12,0.12,0.14,0.14,0.18,0.28,0.47,0.65,1.14,1.35
2436,2020-08-25,0.08,0.1,0.11,0.12,0.13,0.15,0.18,0.3,0.49,0.69,1.18,1.39
2437,2020-08-26,0.08,0.1,0.11,0.12,0.12,0.16,0.18,0.28,0.5,0.69,1.2,1.41
2438,2020-08-27,0.09,0.1,0.11,0.11,0.13,0.16,0.19,0.31,0.53,0.74,1.28,1.5
2439,2020-08-28,0.09,0.09,0.1,0.11,0.12,0.14,0.16,0.28,0.51,0.74,1.29,1.52
2440,2020-08-31,0.08,0.1,0.11,0.13,0.12,0.14,0.15,0.28,0.5,0.72,1.26,1.49
2441,2020-09-01,0.09,0.11,0.12,0.13,0.12,0.13,0.14,0.26,0.46,0.68,1.2,1.43
2442,2020-09-02,0.1,0.1,0.12,0.12,0.13,0.14,0.16,0.26,0.45,0.66,1.16,1.38
2443,2020-09-03,0.1,0.11,0.11,0.12,0.12,0.13,0.15,0.24,0.43,0.63,1.13,1.34
2444,2020-09-04,0.09,0.1,0.11,0.12,0.13,0.14,0.18,0.3,0.5,0.72,1.25,1.46
2445,2020-09-08,0.1,0.1,0.13,0.14,0.15,0.14,0.17,0.28,0.47,0.69,1.22,1.43
2446,2020-09-09,0.1,0.11,0.12,0.14,0.14,0.14,0.17,0.28,0.48,0.71,1.25,1.45
2447,2020-09-10,0.1,0.11,0.12,0.12,0.15,0.14,0.17,0.26,0.46,0.68,1.22,1.43
2448,2020-09-11,0.1,0.11,0.11,0.12,0.13,0.13,0.16,0.26,0.45,0.67,1.21,1.42
2449,2020-09-14,0.1,0.11,0.11,0.13,0.14,0.14,0.16,0.27,0.46,0.68,1.21,1.42
2450,2020-09-15,0.09,0.1,0.11,0.12,0.13,0.14,0.16,0.27,0.46,0.68,1.21,1.43
2451,2020-09-16,0.08,0.11,0.12,0.12,0.12,0.14,0.16,0.28,0.47,0.69,1.23,1.45
2452,2020-09-17,0.09,0.09,0.09,0.11,0.12,0.13,0.16,0.28,0.47,0.69,1.22,1.43
2453,2020-09-18,0.09,0.1,0.1,0.12,0.13,0.14,0.16,0.29,0.48,0.7,1.24,1.45
2454,2020-09-21,0.09,0.1,0.1,0.11,0.12,0.14,0.16,0.27,0.46,0.68,1.22,1.43
2455,2020-09-22,0.08,0.09,0.1,0.11,0.12,0.13,0.15,0.27,0.46,0.68,1.21,1.42
2456,2020-09-23,0.08,0.09,0.11,0.11,0.13,0.14,0.15,0.28,0.46,0.68,1.21,1.42
2457,2020-09-24,0.08,0.09,0.1,0.11,0.12,0.14,0.16,0.27,0.46,0.67,1.19,1.4
2458,2020-09-25,0.08,0.09,0.1,0.11,0.12,0.12,0.15,0.26,0.45,0.66,1.19,1.4
2459,2020-09-28,0.09,0.1,0.11,0.11,0.12,0.14,0.16,0.26,0.46,0.67,1.2,1.42
2460,2020-09-29,0.07,0.08,0.09,0.11,0.12,0.11,0.13,0.24,0.44,0.66,1.19,1.41
2461,2020-09-30,0.08,0.08,0.1,0.11,0.12,0.13,0.16,0.28,0.47,0.69,1.23,1.46
2462,2020-10-01,0.09,0.09,0.09,0.1,0.12,0.14,0.16,0.27,0.46,0.68,1.23,1.45
2463,2020-10-02,0.1,0.09,0.09,0.11,0.12,0.13,0.16,0.28,0.48,0.7,1.25,1.48
2464,2020-10-05,0.09,0.1,0.1,0.11,0.12,0.14,0.19,0.33,0.55,0.78,1.34,1.57
2465,2020-10-06,0.08,0.09,0.1,0.11,0.14,0.14,0.17,0.32,0.53,0.76,1.33,1.56
2466,2020-10-07,0.08,0.09,0.1,0.12,0.13,0.16,0.21,0.35,0.56,0.81,1.37,1.6
2467,2020-10-08,0.09,0.09,0.09,0.12,0.13,0.13,0.18,0.33,0.54,0.78,1.34,1.57
2468,2020-10-09,0.1,0.11,0.1,0.12,0.15,0.16,0.2,0.34,0.55,0.79,1.34,1.58
2469,2020-10-12,0.1,0.11,0.1,0.12,0.15,0.16,0.2,0.34,0.55,0.79,1.34,1.58
2470,2020-10-13,0.09,0.09,0.11,0.12,0.13,0.16,0.18,0.31,0.52,0.74,1.29,1.52
2471,2020-10-14,0.1,0.1,0.12,0.12,0.13,0.14,0.18,0.3,0.51,0.73,1.28,1.5
2472,2020-10-15,0.1,0.1,0.11,0.12,0.12,0.14,0.18,0.32,0.52,0.74,1.29,1.52
2473,2020-10-16,0.09,0.1,0.11,0.12,0.12,0.14,0.18,0.32,0.53,0.76,1.3,1.52
2474,2020-10-19,0.09,0.1,0.11,0.11,0.13,0.16,0.19,0.34,0.54,0.78,1.32,1.55
2475,2020-10-20,0.08,0.09,0.1,0.12,0.13,0.14,0.19,0.34,0.57,0.81,1.37,1.6
2476,2020-10-21,0.08,0.09,0.1,0.12,0.13,0.14,0.2,0.36,0.58,0.83,1.4,1.62
2477,2020-10-22,0.09,0.09,0.09,0.11,0.13,0.16,0.21,0.38,0.62,0.87,1.43,1.67
2478,2020-10-23,0.08,0.09,0.1,0.11,0.12,0.18,0.21,0.37,0.61,0.85,1.41,1.64
2479,2020-10-26,0.08,0.09,0.11,0.12,0.12,0.16,0.18,0.35,0.58,0.81,1.37,1.59
2480,2020-10-27,0.08,0.09,0.1,0.11,0.12,0.16,0.19,0.34,0.56,0.79,1.34,1.57
2481,2020-10-28,0.07,0.09,0.1,0.11,0.12,0.16,0.19,0.34,0.56,0.79,1.34,1.56
2482,2020-10-29,0.08,0.1,0.09,0.1,0.12,0.16,0.2,0.38,0.61,0.85,1.39,1.62
2483,2020-10-30,0.08,0.09,0.09,0.11,0.13,0.14,0.19,0.38,0.64,0.88,1.43,1.65
2484,2020-11-02,0.09,0.09,0.09,0.11,0.13,0.16,0.2,0.38,0.63,0.87,1.41,1.63
2485,2020-11-03,0.09,0.1,0.1,0.12,0.14,0.17,0.21,0.39,0.65,0.9,1.44,1.66
2486,2020-11-04,0.08,0.09,0.1,0.1,0.12,0.14,0.18,0.33,0.55,0.78,1.33,1.55
2487,2020-11-05,0.09,0.1,0.1,0.1,0.12,0.14,0.18,0.33,0.56,0.79,1.32,1.54
2488,2020-11-06,0.1,0.1,0.1,0.11,0.12,0.16,0.21,0.36,0.59,0.83,1.37,1.6
2489,2020-11-09,0.1,0.1,0.11,0.11,0.12,0.17,0.25,0.44,0.7,0.96,1.51,1.73
2490,2020-11-10,0.09,0.09,0.1,0.11,0.12,0.19,0.26,0.46,0.72,0.98,1.53,1.75
2491,2020-11-11,0.09,0.09,0.1,0.11,0.12,0.19,0.26,0.46,0.72,0.98,1.53,1.75
2492,2020-11-12,0.1,0.11,0.1,0.1,0.13,0.17,0.23,0.4,0.64,0.88,1.42,1.64
2493,2020-11-13,0.1,0.09,0.09,0.1,0.12,0.17,0.23,0.41,0.65,0.89,1.43,1.65
2494,2020-11-16,0.09,0.1,0.09,0.12,0.12,0.19,0.24,0.41,0.66,0.91,1.44,1.66
2495,2020-11-17,0.08,0.08,0.09,0.1,0.12,0.18,0.22,0.39,0.63,0.87,1.4,1.62
2496,2020-11-18,0.07,0.09,0.09,0.1,0.11,0.16,0.22,0.4,0.64,0.88,1.42,1.62
2497,2020-11-19,0.08,0.08,0.07,0.1,0.11,0.18,0.22,0.39,0.63,0.86,1.38,1.58
2498,2020-11-20,0.09,0.09,0.07,0.1,0.11,0.16,0.21,0.38,0.62,0.83,1.33,1.53
2499,2020-11-23,0.08,0.08,0.08,0.08,0.1,0.16,0.22,0.39,0.64,0.86,1.36,1.56
2500,2020-11-24,0.08,0.08,0.09,0.1,0.11,0.16,0.22,0.39,0.65,0.88,1.4,1.6
2501,2020-11-25,0.07,0.07,0.09,0.09,0.11,0.17,0.21,0.39,0.65,0.88,1.41,1.62
2502,2020-11-27,0.09,0.09,0.09,0.1,0.11,0.16,0.2,0.37,0.61,0.84,1.36,1.57
2503,2020-11-30,0.08,0.08,0.08,0.09,0.11,0.16,0.19,0.36,0.62,0.84,1.37,1.58
2504,2020-12-01,0.07,0.07,0.09,0.1,0.12,0.17,0.22,0.42,0.68,0.92,1.46,1.66
2505,2020-12-02,0.07,0.08,0.09,0.1,0.11,0.16,0.22,0.42,0.69,0.95,1.5,1.7
2506,2020-12-03,0.08,0.08,0.08,0.09,0.1,0.16,0.21,0.4,0.67,0.92,1.46,1.67
2507,2020-12-04,0.07,0.07,0.09,0.1,0.11,0.16,0.21,0.42,0.7,0.97,1.53,1.73
2508,2020-12-07,0.09,0.08,0.08,0.1,0.1,0.14,0.2,0.4,0.67,0.94,1.49,1.69
2509,2020-12-08,0.08,0.08,0.09,0.09,0.1,0.14,0.2,0.39,0.65,0.92,1.46,1.67
2510,2020-12-09,0.07,0.07,0.08,0.09,0.1,0.16,0.21,0.41,0.68,0.95,1.48,1.69
2511,2020-12-10,0.07,0.08,0.08,0.09,0.1,0.14,0.2,0.39,0.65,0.92,1.44,1.65
2512,2020-12-11,0.08,0.08,0.08,0.08,0.1,0.11,0.18,0.37,0.63,0.9,1.42,1.63
2513,2020-12-14,0.07,0.08,0.09,0.08,0.1,0.13,0.17,0.37,0.63,0.9,1.43,1.63
2514,2020-12-15,0.07,0.08,0.08,0.08,0.09,0.11,0.18,0.37,0.64,0.92,1.45,1.65
2515,2020-12-16,0.08,0.08,0.09,0.09,0.09,0.13,0.18,0.37,0.64,0.92,1.46,1.66
2516,2020-12-17,0.08,0.09,0.08,0.09,0.09,0.13,0.19,0.38,0.66,0.94,1.47,1.68
2517,2020-12-18,0.08,0.08,0.08,0.09,0.09,0.13,0.19,0.39,0.67,0.95,1.49,1.7
2518,2020-12-21,0.08,0.09,0.09,0.09,0.09,0.13,0.18,0.39,0.66,0.95,1.48,1.68
2519,2020-12-22,0.07,0.09,0.09,0.09,0.09,0.13,0.17,0.37,0.64,0.93,1.45,1.65
2520,2020-12-23,0.07,0.08,0.09,0.09,0.09,0.13,0.18,0.38,0.67,0.96,1.49,1.7
2521,2020-12-24,0.09,0.09,0.09,0.09,0.1,0.13,0.17,0.37,0.66,0.94,1.46,1.66
2522,2020-12-28,0.09,0.1,0.11,0.11,0.11,0.13,0.17,0.38,0.65,0.94,1.46,1.67
2523,2020-12-29,0.08,0.09,0.1,0.12,0.11,0.12,0.17,0.37,0.66,0.94,1.47,1.67
2524,2020-12-30,0.06,0.06,0.08,0.09,0.12,0.12,0.17,0.37,0.66,0.93,1.46,1.66
2525,2020-12-31,0.08,0.08,0.09,0.09,0.1,0.13,0.17,0.36,0.65,0.93,1.45,1.65
2526,2021-01-04,0.09,0.09,0.09,0.09,0.1,0.11,0.16,0.36,0.64,0.93,1.46,1.66
2527,2021-01-05,0.08,0.09,0.09,0.09,0.1,0.13,0.17,0.38,0.66,0.96,1.49,1.7
2528,2021-01-06,0.09,0.09,0.09,0.09,0.11,0.14,0.2,0.43,0.74,1.04,1.6,1.81
2529,2021-01-07,0.09,0.09,0.09,0.09,0.11,0.14,0.22,0.46,0.78,1.08,1.64,1.85
2530,2021-01-08,0.08,0.08,0.08,0.09,0.1,0.14,0.24,0.49,0.81,1.13,1.67,1.87
2531,2021-01-11,0.09,0.08,0.08,0.1,0.1,0.14,0.22,0.5,0.84,1.15,1.68,1.88
2532,2021-01-12,0.09,0.08,0.09,0.09,0.11,0.14,0.23,0.5,0.83,1.15,1.68,1.88
2533,2021-01-13,0.09,0.08,0.09,0.1,0.12,0.14,0.22,0.48,0.8,1.1,1.63,1.82
2534,2021-01-14,0.09,0.09,0.09,0.09,0.1,0.16,0.23,0.49,0.82,1.15,1.69,1.88
2535,2021-01-15,0.08,0.09,0.09,0.1,0.1,0.13,0.2,0.46,0.78,1.11,1.66,1.85
2536,2021-01-19,0.07,0.09,0.09,0.11,0.1,0.14,0.21,0.45,0.78,1.1,1.65,1.84
2537,2021-01-20,0.08,0.08,0.08,0.1,0.1,0.13,0.19,0.45,0.78,1.1,1.65,1.84
2538,2021-01-21,0.07,0.09,0.09,0.09,0.1,0.13,0.19,0.45,0.79,1.12,1.68,1.87
2539,2021-01-22,0.07,0.08,0.08,0.1,0.1,0.13,0.19,0.44,0.77,1.1,1.66,1.85
2540,2021-01-25,0.07,0.08,0.09,0.09,0.1,0.13,0.17,0.42,0.73,1.05,1.61,1.8
2541,2021-01-26,0.05,0.07,0.07,0.09,0.09,0.11,0.18,0.42,0.74,1.05,1.61,1.8
2542,2021-01-27,0.05,0.06,0.08,0.09,0.09,0.12,0.18,0.41,0.72,1.04,1.6,1.79
2543,2021-01-28,0.05,0.06,0.07,0.08,0.08,0.12,0.18,0.42,0.75,1.07,1.63,1.81
2544,2021-01-29,0.07,0.07,0.06,0.07,0.1,0.11,0.19,0.45,0.79,1.11,1.68,1.87
2545,2021-02-01,0.06,0.07,0.07,0.08,0.08,0.11,0.17,0.42,0.76,1.09,1.66,1.84
2546,2021-02-02,0.04,0.05,0.07,0.08,0.08,0.11,0.18,0.45,0.79,1.12,1.69,1.87
2547,2021-02-03,0.03,0.04,0.04,0.06,0.08,0.11,0.19,0.46,0.81,1.15,1.73,1.92
2548,2021-02-04,0.03,0.04,0.04,0.06,0.07,0.11,0.18,0.46,0.81,1.15,1.75,1.93
2549,2021-02-05,0.02,0.03,0.03,0.05,0.06,0.09,0.19,0.47,0.83,1.19,1.79,1.97
2550,2021-02-08,0.04,0.03,0.05,0.05,0.07,0.11,0.2,0.48,0.83,1.19,1.78,1.96
2551,2021-02-09,0.04,0.04,0.04,0.06,0.07,0.11,0.19,0.48,0.83,1.18,1.78,1.95
2552,2021-02-10,0.05,0.04,0.05,0.06,0.07,0.11,0.19,0.46,0.8,1.15,1.75,1.92
2553,2021-02-11,0.05,0.05,0.05,0.06,0.07,0.11,0.19,0.46,0.81,1.16,1.77,1.94
2554,2021-02-12,0.03,0.04,0.04,0.05,0.06,0.11,0.2,0.5,0.85,1.2,1.83,2.01
2555,2021-02-16,0.03,0.04,0.04,0.06,0.08,0.13,0.23,0.57,0.94,1.3,1.92,2.08
2556,2021-02-17,0.03,0.04,0.04,0.06,0.07,0.11,0.21,0.57,0.94,1.29,1.92,2.06
2557,2021-02-18,0.03,0.03,0.03,0.04,0.06,0.11,0.21,0.56,0.94,1.29,1.91,2.08
2558,2021-02-19,0.03,0.03,0.04,0.06,0.07,0.11,0.22,0.59,0.98,1.34,1.98,2.14
2559,2021-02-22,0.03,0.02,0.03,0.04,0.06,0.11,0.22,0.61,1.0,1.37,2.02,2.19
2560,2021-02-23,0.03,0.02,0.04,0.05,0.08,0.11,0.22,0.59,1.0,1.37,2.03,2.21
2561,2021-02-24,0.03,0.03,0.03,0.05,0.08,0.12,0.24,0.62,1.02,1.38,2.07,2.24
2562,2021-02-25,0.04,0.03,0.04,0.06,0.09,0.17,0.34,0.81,1.23,1.54,2.25,2.33
2563,2021-02-26,0.04,0.04,0.04,0.05,0.08,0.14,0.3,0.75,1.15,1.44,2.08,2.17
2564,2021-03-01,0.03,0.03,0.05,0.07,0.08,0.13,0.27,0.71,1.12,1.45,2.11,2.23
2565,2021-03-02,0.04,0.04,0.04,0.06,0.08,0.13,0.26,0.67,1.08,1.42,2.09,2.21
2566,2021-03-03,0.04,0.04,0.05,0.07,0.08,0.14,0.29,0.73,1.14,1.47,2.12,2.25
2567,2021-03-04,0.03,0.05,0.04,0.07,0.08,0.14,0.32,0.77,1.21,1.54,2.18,2.3
2568,2021-03-05,0.04,0.04,0.04,0.07,0.08,0.14,0.32,0.79,1.23,1.56,2.18,2.28
2569,2021-03-08,0.04,0.04,0.05,0.06,0.09,0.17,0.34,0.86,1.28,1.59,2.2,2.31
2570,2021-03-09,0.04,0.04,0.05,0.07,0.1,0.17,0.35,0.83,1.23,1.55,2.16,2.26
2571,2021-03-10,0.03,0.03,0.04,0.06,0.08,0.16,0.32,0.8,1.2,1.53,2.15,2.24
2572,2021-03-11,0.04,0.04,0.04,0.05,0.08,0.14,0.31,0.78,1.2,1.54,2.18,2.29
2573,2021-03-12,0.03,0.03,0.04,0.06,0.09,0.14,0.34,0.85,1.3,1.64,2.31,2.4
2574,2021-03-15,0.02,0.02,0.04,0.06,0.08,0.14,0.33,0.84,1.28,1.62,2.27,2.37
2575,2021-03-16,0.01,0.02,0.02,0.06,0.07,0.15,0.33,0.83,1.28,1.62,2.3,2.38
2576,2021-03-17,0.01,0.02,0.02,0.05,0.07,0.13,0.29,0.8,1.27,1.63,2.32,2.42
2577,2021-03-18,0.01,0.01,0.01,0.03,0.08,0.16,0.33,0.86,1.35,1.71,2.36,2.45
2578,2021-03-19,0.01,0.01,0.01,0.03,0.07,0.16,0.33,0.9,1.38,1.74,2.36,2.45
2579,2021-03-22,0.02,0.02,0.03,0.05,0.06,0.15,0.32,0.87,1.34,1.69,2.29,2.38
2580,2021-03-23,0.02,0.02,0.01,0.04,0.08,0.15,0.31,0.83,1.29,1.63,2.24,2.34
2581,2021-03-24,0.02,0.02,0.02,0.04,0.07,0.14,0.31,0.83,1.27,1.62,2.21,2.31
2582,2021-03-25,0.02,0.03,0.02,0.04,0.07,0.14,0.3,0.82,1.29,1.63,2.24,2.34
2583,2021-03-26,0.02,0.02,0.02,0.04,0.06,0.14,0.31,0.85,1.32,1.67,2.27,2.37
2584,2021-03-29,0.02,0.03,0.03,0.04,0.06,0.14,0.32,0.89,1.37,1.73,2.32,2.43
2585,2021-03-30,0.01,0.01,0.02,0.04,0.06,0.16,0.33,0.9,1.39,1.73,2.29,2.38
2586,2021-03-31,0.01,0.01,0.03,0.05,0.07,0.16,0.35,0.92,1.4,1.74,2.31,2.41
2587,2021-04-01,0.02,0.02,0.02,0.04,0.06,0.17,0.35,0.9,1.37,1.69,2.24,2.34
2588,2021-04-05,0.03,0.02,0.03,0.04,0.06,0.17,0.37,0.94,1.4,1.73,2.28,2.36
2589,2021-04-06,0.02,0.02,0.02,0.04,0.06,0.16,0.35,0.88,1.34,1.67,2.24,2.32
2590,2021-04-07,0.01,0.02,0.02,0.04,0.06,0.16,0.34,0.87,1.34,1.68,2.26,2.35
2591,2021-04-08,0.02,0.02,0.01,0.04,0.05,0.14,0.33,0.85,1.3,1.64,2.22,2.32
2592,2021-04-09,0.02,0.01,0.02,0.03,0.06,0.16,0.35,0.87,1.33,1.67,2.23,2.34
2593,2021-04-12,0.02,0.02,0.02,0.04,0.06,0.18,0.38,0.89,1.35,1.69,2.24,2.34
2594,2021-04-13,0.03,0.02,0.03,0.05,0.06,0.16,0.35,0.85,1.29,1.64,2.21,2.32
2595,2021-04-14,0.02,0.02,0.02,0.04,0.06,0.16,0.35,0.87,1.31,1.64,2.22,2.32
2596,2021-04-15,0.02,0.01,0.02,0.04,0.06,0.16,0.32,0.81,1.24,1.56,2.13,2.23
2597,2021-04-16,0.02,0.02,0.02,0.04,0.06,0.16,0.34,0.84,1.26,1.59,2.15,2.26
2598,2021-04-19,0.01,0.02,0.02,0.04,0.08,0.16,0.34,0.85,1.28,1.61,2.18,2.29
2599,2021-04-20,0.01,0.02,0.03,0.04,0.07,0.15,0.31,0.81,1.25,1.58,2.16,2.27
2600,2021-04-21,0.0,0.02,0.03,0.04,0.07,0.15,0.32,0.81,1.24,1.57,2.16,2.26
2601,2021-04-22,0.02,0.02,0.03,0.04,0.06,0.16,0.32,0.81,1.24,1.57,2.13,2.24
2602,2021-04-23,0.01,0.02,0.03,0.03,0.07,0.16,0.34,0.83,1.26,1.58,2.14,2.25
2603,2021-04-26,0.02,0.02,0.03,0.04,0.06,0.18,0.35,0.85,1.27,1.58,2.13,2.24
2604,2021-04-27,0.01,0.02,0.01,0.04,0.06,0.17,0.36,0.88,1.32,1.63,2.18,2.29
2605,2021-04-28,0.01,0.01,0.01,0.04,0.05,0.17,0.35,0.86,1.31,1.63,2.19,2.29
2606,2021-04-29,0.01,0.01,0.01,0.04,0.05,0.16,0.35,0.86,1.32,1.65,2.2,2.31
2607,2021-04-30,0.01,0.02,0.01,0.03,0.05,0.16,0.35,0.86,1.32,1.65,2.19,2.3
2608,2021-05-03,0.02,0.02,0.04,0.04,0.06,0.16,0.33,0.84,1.29,1.63,2.18,2.3
2609,2021-05-04,0.01,0.01,0.02,0.04,0.06,0.16,0.33,0.82,1.28,1.61,2.16,2.27
2610,2021-05-05,0.01,0.01,0.02,0.04,0.06,0.16,0.32,0.8,1.25,1.59,2.14,2.25
2611,2021-05-06,0.01,0.02,0.02,0.04,0.05,0.16,0.32,0.81,1.25,1.58,2.14,2.24
2612,2021-05-07,0.01,0.01,0.02,0.04,0.05,0.14,0.29,0.77,1.24,1.6,2.17,2.28
2613,2021-05-10,0.02,0.01,0.02,0.04,0.05,0.16,0.32,0.8,1.27,1.63,2.2,2.32
2614,2021-05-11,0.01,0.01,0.01,0.04,0.05,0.16,0.31,0.8,1.28,1.64,2.23,2.35
2615,2021-05-12,0.01,0.02,0.02,0.04,0.05,0.16,0.35,0.87,1.34,1.69,2.29,2.4
2616,2021-05-13,0.0,0.01,0.02,0.03,0.05,0.16,0.33,0.84,1.31,1.66,2.28,2.39
2617,2021-05-14,0.01,0.01,0.01,0.03,0.06,0.16,0.33,0.82,1.29,1.63,2.25,2.35
2618,2021-05-17,0.0,0.01,0.02,0.04,0.06,0.16,0.34,0.84,1.3,1.64,2.27,2.36
2619,2021-05-18,0.0,0.01,0.02,0.03,0.06,0.16,0.34,0.83,1.29,1.64,2.27,2.37
2620,2021-05-19,0.0,0.01,0.01,0.03,0.05,0.16,0.35,0.87,1.34,1.68,2.3,2.38
2621,2021-05-20,0.01,0.01,0.01,0.03,0.05,0.15,0.34,0.83,1.29,1.63,2.25,2.34
2622,2021-05-21,0.0,0.01,0.01,0.02,0.04,0.17,0.34,0.84,1.29,1.63,2.24,2.33
2623,2021-05-24,0.01,0.01,0.02,0.03,0.04,0.15,0.32,0.82,1.28,1.61,2.22,2.31
2624,2021-05-25,0.01,0.01,0.02,0.04,0.04,0.15,0.3,0.79,1.23,1.56,2.16,2.26
2625,2021-05-26,0.0,0.0,0.02,0.04,0.04,0.14,0.31,0.8,1.24,1.58,2.17,2.27
2626,2021-05-27,0.0,0.01,0.02,0.04,0.04,0.14,0.31,0.81,1.28,1.61,2.2,2.29
2627,2021-05-28,0.01,0.01,0.01,0.03,0.05,0.14,0.3,0.79,1.24,1.58,2.18,2.26
2628,2021-06-01,0.01,0.01,0.02,0.04,0.04,0.16,0.31,0.81,1.28,1.62,2.22,2.3
2629,2021-06-02,0.01,0.01,0.02,0.04,0.05,0.13,0.3,0.8,1.26,1.59,2.21,2.28
2630,2021-06-03,0.0,0.01,0.02,0.04,0.04,0.16,0.34,0.84,1.3,1.63,2.22,2.3
2631,2021-06-04,0.01,0.02,0.02,0.04,0.05,0.14,0.32,0.78,1.23,1.56,2.16,2.24
2632,2021-06-07,0.01,0.02,0.02,0.04,0.05,0.16,0.33,0.79,1.24,1.57,2.17,2.25
2633,2021-06-08,0.01,0.02,0.02,0.04,0.05,0.14,0.32,0.77,1.2,1.53,2.13,2.21
2634,2021-06-09,0.01,0.02,0.03,0.04,0.05,0.16,0.31,0.75,1.17,1.5,2.1,2.17
2635,2021-06-10,0.01,0.02,0.03,0.04,0.05,0.14,0.3,0.73,1.14,1.45,2.07,2.15
2636,2021-06-11,0.01,0.02,0.03,0.04,0.05,0.16,0.31,0.76,1.16,1.47,2.08,2.15
2637,2021-06-14,0.01,0.02,0.03,0.05,0.05,0.16,0.33,0.8,1.2,1.51,2.12,2.19
2638,2021-06-15,0.02,0.02,0.03,0.05,0.08,0.16,0.34,0.79,1.21,1.51,2.12,2.2
2639,2021-06-16,0.04,0.04,0.04,0.06,0.08,0.21,0.41,0.89,1.29,1.57,2.13,2.2
2640,2021-06-17,0.05,0.04,0.04,0.06,0.08,0.23,0.43,0.9,1.27,1.52,2.05,2.11
2641,2021-06-18,0.05,0.05,0.05,0.06,0.09,0.26,0.47,0.89,1.22,1.45,1.97,2.01
2642,2021-06-21,0.04,0.04,0.05,0.06,0.09,0.27,0.48,0.9,1.25,1.5,2.05,2.11
2643,2021-06-22,0.04,0.05,0.04,0.06,0.09,0.25,0.44,0.87,1.23,1.48,2.03,2.1
2644,2021-06-23,0.04,0.04,0.05,0.05,0.08,0.26,0.47,0.9,1.25,1.5,2.04,2.11
2645,2021-06-24,0.05,0.05,0.05,0.05,0.08,0.26,0.48,0.9,1.26,1.49,2.03,2.1
2646,2021-06-25,0.05,0.05,0.06,0.06,0.09,0.28,0.48,0.92,1.29,1.54,2.09,2.16
2647,2021-06-28,0.04,0.05,0.05,0.06,0.08,0.25,0.47,0.9,1.25,1.49,2.04,2.1
2648,2021-06-29,0.04,0.04,0.04,0.06,0.08,0.27,0.47,0.89,1.24,1.49,2.03,2.1
2649,2021-06-30,0.05,0.05,0.05,0.06,0.07,0.25,0.46,0.87,1.21,1.45,2.0,2.06
2650,2021-07-01,0.05,0.05,0.05,0.05,0.09,0.25,0.47,0.89,1.24,1.48,2.01,2.07
2651,2021-07-02,0.05,0.05,0.05,0.05,0.08,0.24,0.45,0.86,1.19,1.44,1.98,2.05
2652,2021-07-06,0.05,0.05,0.05,0.06,0.07,0.22,0.42,0.81,1.13,1.37,1.92,2.0
2653,2021-07-07,0.05,0.05,0.05,0.05,0.08,0.22,0.41,0.79,1.09,1.33,1.87,1.94
2654,2021-07-08,0.06,0.05,0.06,0.06,0.07,0.19,0.37,0.74,1.06,1.3,1.84,1.91
2655,2021-07-09,0.06,0.05,0.06,0.05,0.08,0.23,0.41,0.79,1.12,1.37,1.91,1.99
2656,2021-07-12,0.05,0.05,0.05,0.06,0.08,0.23,0.43,0.81,1.13,1.38,1.93,2.0
2657,2021-07-13,0.05,0.05,0.05,0.06,0.08,0.26,0.47,0.85,1.16,1.42,1.96,2.04
2658,2021-07-14,0.06,0.05,0.06,0.05,0.08,0.23,0.44,0.8,1.11,1.37,1.91,1.98
2659,2021-07-15,0.05,0.05,0.05,0.05,0.07,0.23,0.43,0.78,1.07,1.31,1.85,1.92
2660,2021-07-16,0.05,0.05,0.05,0.05,0.08,0.25,0.43,0.79,1.08,1.31,1.86,1.93
2661,2021-07-19,0.05,0.05,0.05,0.06,0.07,0.21,0.38,0.7,0.97,1.19,1.74,1.81
2662,2021-07-20,0.05,0.05,0.05,0.06,0.08,0.2,0.37,0.69,0.98,1.23,1.79,1.88
2663,2021-07-21,0.04,0.04,0.05,0.05,0.07,0.22,0.39,0.74,1.05,1.3,1.87,1.94
2664,2021-07-22,0.04,0.04,0.05,0.05,0.07,0.2,0.37,0.71,1.02,1.27,1.82,1.9
2665,2021-07-23,0.05,0.05,0.05,0.05,0.07,0.22,0.38,0.72,1.04,1.3,1.85,1.92
2666,2021-07-26,0.05,0.05,0.05,0.06,0.08,0.22,0.38,0.73,1.04,1.29,1.85,1.93
2667,2021-07-27,0.04,0.05,0.05,0.05,0.07,0.2,0.37,0.71,1.01,1.25,1.81,1.89
2668,2021-07-28,0.04,0.05,0.05,0.05,0.07,0.2,0.38,0.72,1.01,1.26,1.83,1.9
2669,2021-07-29,0.05,0.05,0.06,0.05,0.08,0.2,0.37,0.73,1.04,1.28,1.84,1.91
2670,2021-07-30,0.05,0.05,0.06,0.05,0.07,0.19,0.35,0.69,1.0,1.24,1.81,1.89
2671,2021-08-02,0.05,0.05,0.05,0.06,0.07,0.17,0.33,0.66,0.96,1.2,1.77,1.86
2672,2021-08-03,0.05,0.05,0.05,0.06,0.07,0.17,0.33,0.65,0.95,1.19,1.76,1.85
2673,2021-08-04,0.05,0.05,0.05,0.05,0.07,0.17,0.34,0.67,0.96,1.19,1.74,1.83
2674,2021-08-05,0.05,0.05,0.05,0.06,0.08,0.21,0.38,0.72,1.01,1.23,1.77,1.86
2675,2021-08-06,0.04,0.05,0.06,0.06,0.09,0.21,0.42,0.77,1.07,1.31,1.85,1.94
2676,2021-08-09,0.04,0.05,0.06,0.06,0.08,0.23,0.43,0.79,1.09,1.33,1.87,1.96
2677,2021-08-10,0.05,0.05,0.05,0.05,0.08,0.24,0.47,0.82,1.12,1.36,1.9,1.99
2678,2021-08-11,0.05,0.05,0.05,0.06,0.08,0.23,0.45,0.81,1.11,1.35,1.9,1.99
2679,2021-08-12,0.05,0.06,0.06,0.06,0.09,0.23,0.46,0.83,1.13,1.36,1.92,2.03
2680,2021-08-13,0.04,0.05,0.06,0.05,0.08,0.23,0.44,0.79,1.08,1.29,1.85,1.94
2681,2021-08-16,0.04,0.05,0.06,0.05,0.08,0.21,0.42,0.75,1.04,1.26,1.82,1.92
2682,2021-08-17,0.03,0.05,0.07,0.06,0.07,0.23,0.43,0.77,1.05,1.26,1.82,1.92
2683,2021-08-18,0.03,0.05,0.07,0.05,0.07,0.23,0.43,0.79,1.06,1.27,1.84,1.91
2684,2021-08-19,0.04,0.05,0.06,0.05,0.06,0.22,0.44,0.78,1.04,1.24,1.8,1.88
2685,2021-08-20,0.04,0.05,0.05,0.05,0.06,0.23,0.44,0.8,1.06,1.26,1.79,1.87
2686,2021-08-23,0.04,0.05,0.05,0.06,0.07,0.23,0.43,0.78,1.05,1.25,1.79,1.87
2687,2021-08-24,0.03,0.05,0.05,0.05,0.06,0.24,0.44,0.8,1.08,1.29,1.83,1.91
2688,2021-08-25,0.04,0.05,0.06,0.06,0.07,0.23,0.47,0.84,1.13,1.35,1.88,1.96
2689,2021-08-26,0.04,0.06,0.05,0.06,0.07,0.25,0.46,0.84,1.13,1.34,1.87,1.94
2690,2021-08-27,0.04,0.06,0.05,0.05,0.07,0.22,0.41,0.79,1.09,1.31,1.84,1.91
2691,2021-08-30,0.04,0.07,0.05,0.05,0.08,0.2,0.4,0.77,1.07,1.29,1.82,1.9
2692,2021-08-31,0.03,0.05,0.04,0.06,0.07,0.2,0.4,0.77,1.08,1.3,1.85,1.92
2693,2021-09-01,0.04,0.06,0.05,0.06,0.07,0.2,0.42,0.78,1.08,1.31,1.84,1.92
2694,2021-09-02,0.05,0.07,0.05,0.06,0.07,0.2,0.42,0.78,1.07,1.29,1.83,1.9
2695,2021-09-03,0.04,0.07,0.05,0.05,0.08,0.21,0.42,0.78,1.09,1.33,1.87,1.94
2696,2021-09-07,0.04,0.07,0.05,0.06,0.08,0.22,0.45,0.82,1.14,1.38,1.91,1.99
2697,2021-09-08,0.05,0.06,0.05,0.06,0.08,0.22,0.43,0.81,1.11,1.35,1.88,1.95
2698,2021-09-09,0.07,0.06,0.04,0.05,0.07,0.23,0.43,0.79,1.08,1.3,1.83,1.9
2699,2021-09-10,0.06,0.06,0.05,0.06,0.08,0.23,0.45,0.82,1.12,1.35,1.86,1.94
2700,2021-09-13,0.06,0.08,0.06,0.06,0.07,0.21,0.44,0.81,1.11,1.33,1.83,1.91
2701,2021-09-14,0.05,0.06,0.04,0.05,0.07,0.21,0.43,0.79,1.07,1.28,1.78,1.85
2702,2021-09-15,0.04,0.06,0.04,0.05,0.07,0.21,0.43,0.81,1.1,1.31,1.8,1.87
2703,2021-09-16,0.06,0.06,0.04,0.05,0.07,0.23,0.46,0.84,1.13,1.34,1.83,1.88
2704,2021-09-17,0.06,0.06,0.04,0.05,0.07,0.23,0.47,0.88,1.17,1.37,1.85,1.91
2705,2021-09-20,0.06,0.05,0.04,0.05,0.07,0.23,0.45,0.83,1.12,1.31,1.79,1.85
2706,2021-09-21,0.05,0.04,0.03,0.04,0.07,0.22,0.46,0.84,1.13,1.33,1.81,1.86
2707,2021-09-22,0.04,0.04,0.03,0.05,0.08,0.25,0.48,0.86,1.13,1.32,1.78,1.84
2708,2021-09-23,0.05,0.04,0.03,0.04,0.08,0.27,0.53,0.94,1.22,1.41,1.87,1.92
2709,2021-09-24,0.06,0.04,0.03,0.05,0.08,0.29,0.55,0.97,1.27,1.47,1.94,1.99
2710,2021-09-27,0.06,0.03,0.04,0.05,0.09,0.31,0.56,0.98,1.3,1.48,1.95,1.99
2711,2021-09-28,0.07,0.04,0.04,0.06,0.09,0.31,0.55,1.02,1.34,1.54,2.02,2.07
2712,2021-09-29,0.05,0.04,0.04,0.05,0.09,0.3,0.55,1.01,1.34,1.55,2.04,2.09
2713,2021-09-30,0.07,0.05,0.04,0.05,0.09,0.28,0.53,0.98,1.32,1.52,2.02,2.08
2714,2021-10-01,0.08,0.04,0.04,0.05,0.09,0.27,0.49,0.93,1.26,1.48,1.99,2.04
2715,2021-10-04,0.09,0.04,0.04,0.06,0.09,0.27,0.52,0.95,1.27,1.49,1.99,2.05
2716,2021-10-05,0.1,0.04,0.04,0.06,0.09,0.28,0.54,0.98,1.32,1.54,2.04,2.1
2717,2021-10-06,0.06,0.04,0.04,0.06,0.1,0.3,0.55,0.99,1.32,1.53,2.02,2.08
2718,2021-10-07,0.03,0.09,0.05,0.06,0.1,0.32,0.57,1.02,1.36,1.58,2.08,2.13
2719,2021-10-08,0.02,0.07,0.05,0.07,0.09,0.32,0.59,1.05,1.39,1.61,2.11,2.16
2720,2021-10-11,0.02,0.07,0.05,0.07,0.09,0.32,0.59,1.05,1.39,1.61,2.11,2.16
2721,2021-10-12,0.03,0.07,0.06,0.06,0.1,0.35,0.64,1.08,1.39,1.59,2.05,2.1
2722,2021-10-13,0.03,0.06,0.05,0.06,0.11,0.37,0.66,1.09,1.38,1.56,2.0,2.05
2723,2021-10-14,0.05,0.08,0.05,0.06,0.1,0.36,0.62,1.05,1.34,1.52,1.97,2.02
2724,2021-10-15,0.04,0.08,0.05,0.06,0.12,0.41,0.7,1.13,1.42,1.59,2.02,2.05
2725,2021-10-18,0.05,0.09,0.06,0.06,0.11,0.44,0.72,1.16,1.43,1.59,1.99,2.01
2726,2021-10-19,0.06,0.09,0.05,0.06,0.11,0.41,0.71,1.17,1.47,1.65,2.07,2.09
2727,2021-10-20,0.06,0.07,0.05,0.06,0.1,0.4,0.7,1.16,1.46,1.65,2.09,2.12
2728,2021-10-21,0.06,0.08,0.06,0.06,0.12,0.45,0.78,1.23,1.52,1.68,2.1,2.13
2729,2021-10-22,0.05,0.09,0.06,0.07,0.13,0.48,0.79,1.22,1.49,1.66,2.06,2.08
2730,2021-10-25,0.07,0.1,0.06,0.06,0.14,0.47,0.76,1.19,1.47,1.64,2.07,2.09
2731,2021-10-26,0.06,0.08,0.06,0.06,0.14,0.47,0.77,1.2,1.46,1.63,2.03,2.05
2732,2021-10-27,0.06,0.07,0.06,0.07,0.12,0.5,0.77,1.16,1.41,1.54,1.93,1.95
2733,2021-10-28,0.06,0.1,0.06,0.06,0.15,0.5,0.77,1.18,1.44,1.57,1.98,1.96
2734,2021-10-29,0.06,0.08,0.05,0.07,0.15,0.48,0.75,1.18,1.44,1.55,1.98,1.93
2735,2021-11-01,0.05,0.09,0.05,0.06,0.15,0.5,0.79,1.2,1.46,1.58,2.01,1.98
2736,2021-11-02,0.05,0.06,0.05,0.07,0.15,0.46,0.73,1.15,1.42,1.56,1.97,1.96
2737,2021-11-03,0.05,0.07,0.05,0.07,0.17,0.47,0.77,1.19,1.46,1.6,2.01,2.0
2738,2021-11-04,0.05,0.05,0.04,0.07,0.14,0.41,0.69,1.1,1.37,1.53,1.96,1.96
2739,2021-11-05,0.05,0.06,0.05,0.07,0.14,0.39,0.66,1.04,1.3,1.45,1.88,1.87
2740,2021-11-08,0.04,0.06,0.06,0.07,0.16,0.45,0.75,1.13,1.38,1.51,1.91,1.89
2741,2021-11-09,0.04,0.05,0.04,0.06,0.14,0.41,0.71,1.08,1.32,1.46,1.86,1.83
2742,2021-11-10,0.06,0.06,0.05,0.07,0.17,0.51,0.83,1.23,1.45,1.56,1.96,1.92
2743,2021-11-11,0.06,0.06,0.05,0.07,0.17,0.51,0.83,1.23,1.45,1.56,1.96,1.92
2744,2021-11-12,0.05,0.05,0.05,0.07,0.17,0.53,0.85,1.24,1.47,1.58,1.99,1.95
2745,2021-11-15,0.06,0.06,0.05,0.06,0.18,0.53,0.87,1.26,1.51,1.63,2.05,2.01
2746,2021-11-16,0.06,0.06,0.05,0.07,0.17,0.54,0.87,1.27,1.52,1.63,2.06,2.02
2747,2021-11-17,0.06,0.05,0.05,0.06,0.18,0.52,0.85,1.24,1.49,1.6,2.04,2.0
2748,2021-11-18,0.12,0.05,0.05,0.06,0.18,0.52,0.84,1.22,1.47,1.59,2.01,1.97
2749,2021-11-19,0.11,0.04,0.05,0.06,0.18,0.52,0.86,1.22,1.45,1.54,1.95,1.91
2750,2021-11-22,0.07,0.03,0.05,0.07,0.2,0.63,0.95,1.33,1.55,1.63,2.03,1.98
2751,2021-11-23,0.06,0.04,0.06,0.07,0.21,0.6,0.95,1.33,1.58,1.67,2.08,2.02
2752,2021-11-24,0.14,0.05,0.06,0.1,0.24,0.64,0.97,1.34,1.58,1.64,2.03,1.96
2753,2021-11-26,0.11,0.04,0.06,0.1,0.2,0.5,0.81,1.16,1.4,1.48,1.89,1.83
2754,2021-11-29,0.07,0.04,0.06,0.1,0.21,0.51,0.83,1.18,1.42,1.52,1.93,1.87
2755,2021-11-30,0.11,0.05,0.05,0.1,0.24,0.52,0.81,1.14,1.36,1.43,1.85,1.78
2756,2021-12-01,0.09,0.04,0.06,0.1,0.25,0.56,0.85,1.15,1.35,1.43,1.84,1.77
2757,2021-12-02,0.05,0.05,0.05,0.09,0.27,0.63,0.9,1.21,1.38,1.44,1.87,1.76
2758,2021-12-03,0.04,0.05,0.06,0.09,0.26,0.6,0.86,1.13,1.29,1.35,1.77,1.69
2759,2021-12-06,0.05,0.05,0.05,0.12,0.28,0.65,0.91,1.21,1.38,1.43,1.84,1.75
2760,2021-12-07,0.05,0.06,0.06,0.15,0.31,0.7,0.99,1.26,1.43,1.48,1.88,1.8
2761,2021-12-08,0.04,0.05,0.07,0.13,0.29,0.68,0.99,1.27,1.44,1.52,1.93,1.87
2762,2021-12-09,0.03,0.06,0.06,0.12,0.28,0.7,0.99,1.26,1.42,1.49,1.91,1.87
2763,2021-12-10,0.03,0.06,0.06,0.13,0.27,0.67,0.98,1.25,1.42,1.48,1.91,1.88
2764,2021-12-13,0.01,0.05,0.05,0.11,0.27,0.66,0.95,1.21,1.37,1.42,1.86,1.81
2765,2021-12-14,0.02,0.05,0.05,0.13,0.26,0.67,0.98,1.23,1.39,1.44,1.87,1.82
2766,2021-12-15,0.03,0.05,0.05,0.13,0.29,0.69,1.0,1.26,1.42,1.47,1.91,1.86
2767,2021-12-16,0.04,0.06,0.05,0.13,0.26,0.64,0.92,1.19,1.36,1.44,1.91,1.87
2768,2021-12-17,0.03,0.04,0.05,0.13,0.27,0.66,0.93,1.18,1.34,1.41,1.87,1.82
2769,2021-12-20,0.03,0.05,0.07,0.16,0.27,0.65,0.91,1.17,1.34,1.43,1.9,1.85
2770,2021-12-21,0.03,0.04,0.07,0.16,0.29,0.7,0.96,1.24,1.4,1.48,1.92,1.89
2771,2021-12-22,0.03,0.04,0.08,0.16,0.28,0.68,0.96,1.23,1.39,1.46,1.89,1.86
2772,2021-12-23,0.04,0.05,0.07,0.18,0.31,0.71,0.97,1.25,1.42,1.5,1.94,1.91
2773,2021-12-27,0.04,0.05,0.06,0.21,0.33,0.76,0.98,1.26,1.41,1.48,1.92,1.88
2774,2021-12-28,0.03,0.04,0.06,0.2,0.39,0.74,0.99,1.27,1.41,1.49,1.94,1.9
2775,2021-12-29,0.01,0.02,0.05,0.19,0.38,0.75,0.99,1.29,1.47,1.55,2.0,1.96
2776,2021-12-30,0.06,0.06,0.05,0.19,0.38,0.73,0.98,1.27,1.44,1.52,1.97,1.93
2777,2021-12-31,0.06,0.05,0.06,0.19,0.39,0.73,0.97,1.26,1.44,1.52,1.94,1.9
2778,2022-01-03,0.05,0.06,0.08,0.22,0.4,0.78,1.04,1.37,1.55,1.63,2.05,2.01
2779,2022-01-04,0.06,0.05,0.08,0.22,0.38,0.77,1.02,1.37,1.57,1.66,2.1,2.07
2780,2022-01-05,0.05,0.06,0.09,0.22,0.41,0.83,1.1,1.43,1.62,1.71,2.12,2.09
2781,2022-01-06,0.04,0.05,0.1,0.23,0.45,0.88,1.15,1.47,1.66,1.73,2.12,2.09
2782,2022-01-07,0.05,0.05,0.1,0.24,0.43,0.87,1.17,1.5,1.69,1.76,2.15,2.11
2783,2022-01-10,0.05,0.06,0.13,0.28,0.46,0.92,1.21,1.53,1.71,1.78,2.15,2.11
2784,2022-01-11,0.04,0.05,0.11,0.28,0.46,0.9,1.22,1.51,1.69,1.75,2.13,2.08
2785,2022-01-12,0.04,0.06,0.12,0.27,0.48,0.92,1.21,1.5,1.67,1.74,2.13,2.08
2786,2022-01-13,0.05,0.05,0.12,0.28,0.47,0.91,1.18,1.47,1.64,1.7,2.1,2.05
2787,2022-01-14,0.05,0.05,0.13,0.3,0.51,0.99,1.26,1.55,1.72,1.78,2.18,2.12
2788,2022-01-18,0.05,0.06,0.16,0.37,0.58,1.06,1.35,1.65,1.82,1.87,2.24,2.18
2789,2022-01-19,0.05,0.06,0.17,0.36,0.57,1.04,1.33,1.62,1.78,1.83,2.2,2.14
2790,2022-01-20,0.05,0.09,0.17,0.36,0.6,1.08,1.34,1.62,1.77,1.83,2.19,2.14
2791,2022-01-21,0.05,0.08,0.17,0.35,0.58,1.01,1.28,1.54,1.7,1.75,2.13,2.07
2792,2022-01-24,0.05,0.09,0.19,0.39,0.58,0.99,1.25,1.53,1.69,1.75,2.15,2.1
2793,2022-01-25,0.05,0.09,0.19,0.39,0.65,1.02,1.28,1.56,1.73,1.78,2.18,2.12
2794,2022-01-26,0.06,0.11,0.19,0.4,0.7,1.13,1.39,1.66,1.81,1.85,2.22,2.16
2795,2022-01-27,0.04,0.14,0.2,0.43,0.75,1.18,1.43,1.66,1.78,1.81,2.17,2.09
2796,2022-01-28,0.04,0.1,0.19,0.43,0.75,1.15,1.38,1.61,1.74,1.78,2.14,2.07
2797,2022-01-31,0.03,0.13,0.22,0.49,0.78,1.18,1.39,1.62,1.75,1.79,2.17,2.11
2798,2022-02-01,0.04,0.1,0.19,0.48,0.78,1.18,1.39,1.63,1.76,1.81,2.19,2.12
2799,2022-02-02,0.04,0.1,0.19,0.45,0.76,1.16,1.38,1.6,1.74,1.78,2.17,2.11
2800,2022-02-03,0.03,0.15,0.2,0.48,0.78,1.19,1.42,1.66,1.78,1.82,2.2,2.14
2801,2022-02-04,0.05,0.12,0.23,0.56,0.89,1.31,1.55,1.78,1.9,1.93,2.29,2.23
2802,2022-02-07,0.03,0.14,0.27,0.58,0.88,1.3,1.54,1.76,1.88,1.92,2.28,2.22
2803,2022-02-08,0.03,0.14,0.25,0.59,0.91,1.35,1.59,1.81,1.93,1.96,2.31,2.25
2804,2022-02-09,0.04,0.15,0.26,0.57,0.91,1.36,1.61,1.82,1.92,1.94,2.31,2.25
2805,2022-02-10,0.05,0.31,0.4,0.74,1.14,1.61,1.82,1.96,2.03,2.03,2.37,2.3
2806,2022-02-11,0.03,0.22,0.36,0.71,1.07,1.5,1.71,1.84,1.92,1.92,2.3,2.24
2807,2022-02-14,0.03,0.25,0.43,0.76,1.13,1.58,1.8,1.9,1.98,1.98,2.35,2.29
2808,2022-02-15,0.02,0.19,0.4,0.72,1.11,1.58,1.8,1.94,2.03,2.05,2.42,2.37
2809,2022-02-16,0.03,0.17,0.38,0.67,1.09,1.52,1.75,1.9,2.0,2.03,2.39,2.34
2810,2022-02-17,0.03,0.17,0.38,0.67,1.09,1.52,1.75,1.9,2.0,2.03,2.39,2.34
2811,2022-02-18,0.03,0.17,0.38,0.67,1.09,1.52,1.75,1.9,2.0,2.03,2.39,2.34
2812,2022-02-22,0.03,0.17,0.38,0.67,1.09,1.52,1.75,1.9,2.0,2.03,2.39,2.34
2813,2022-02-23,0.03,0.17,0.38,0.67,1.09,1.52,1.75,1.9,2.0,2.03,2.39,2.34
2814,2022-02-24,0.03,0.17,0.38,0.67,1.09,1.52,1.75,1.9,2.0,2.03,2.39,2.34
2815,2022-02-25,0.03,0.2,0.33,0.71,1.13,1.55,1.76,1.86,1.96,1.97,2.37,2.29
2816,2022-02-28,0.06,0.2,0.35,0.69,1.01,1.44,1.62,1.71,1.81,1.83,2.25,2.17
2817,2022-03-01,0.11,0.21,0.32,0.6,0.91,1.31,1.47,1.56,1.67,1.72,2.19,2.11
2818,2022-03-02,0.13,0.24,0.34,0.68,1.06,1.5,1.67,1.74,1.83,1.86,2.32,2.24
2819,2022-03-03,0.19,0.25,0.38,0.69,1.08,1.53,1.69,1.74,1.82,1.86,2.32,2.24
2820,2022-03-04,0.15,0.21,0.34,0.69,1.05,1.5,1.62,1.65,1.7,1.74,2.23,2.16
2821,2022-03-07,0.17,0.23,0.38,0.75,1.07,1.55,1.68,1.71,1.77,1.78,2.29,2.19
2822,2022-03-08,0.16,0.24,0.36,0.72,1.12,1.63,1.78,1.8,1.85,1.86,2.34,2.24
2823,2022-03-09,0.18,0.26,0.38,0.75,1.15,1.68,1.83,1.87,1.92,1.94,2.38,2.29
2824,2022-03-10,0.19,0.28,0.39,0.75,1.19,1.72,1.88,1.92,1.98,1.98,2.45,2.38
2825,2022-03-11,0.17,0.28,0.4,0.78,1.22,1.75,1.91,1.96,2.01,2.0,2.45,2.36
2826,2022-03-14,0.23,0.32,0.45,0.86,1.28,1.87,2.04,2.1,2.16,2.14,2.56,2.47
2827,2022-03-15,0.22,0.31,0.46,0.86,1.28,1.85,2.04,2.1,2.16,2.15,2.57,2.49
2828,2022-03-16,0.24,0.3,0.44,0.86,1.35,1.95,2.14,2.18,2.22,2.19,2.56,2.46
2829,2022-03-17,0.2,0.3,0.4,0.81,1.3,1.94,2.14,2.17,2.22,2.2,2.6,2.5
2830,2022-03-18,0.19,0.28,0.42,0.83,1.29,1.97,2.15,2.14,2.17,2.14,2.53,2.42
2831,2022-03-21,0.22,0.33,0.54,0.95,1.4,2.14,2.34,2.33,2.36,2.32,2.67,2.55
2832,2022-03-22,0.2,0.3,0.51,0.96,1.59,2.18,2.38,2.39,2.42,2.38,2.71,2.6
2833,2022-03-23,0.15,0.27,0.5,0.93,1.52,2.13,2.32,2.34,2.37,2.32,2.65,2.52
2834,2022-03-24,0.16,0.31,0.52,0.96,1.55,2.13,2.35,2.37,2.39,2.34,2.63,2.51
2835,2022-03-25,0.17,0.32,0.55,1.01,1.67,2.3,2.51,2.55,2.56,2.48,2.74,2.6
2836,2022-03-28,0.19,0.36,0.59,1.08,1.69,2.35,2.55,2.54,2.55,2.46,2.72,2.57
2837,2022-03-29,0.18,0.34,0.55,1.06,1.67,2.35,2.54,2.49,2.5,2.41,2.68,2.53
2838,2022-03-30,0.16,0.33,0.55,1.04,1.64,2.31,2.49,2.44,2.43,2.35,2.63,2.48
2839,2022-03-31,0.17,0.35,0.52,1.06,1.63,2.28,2.45,2.42,2.4,2.32,2.59,2.44
2840,2022-04-01,0.15,0.37,0.53,1.09,1.72,2.44,2.58,2.56,2.5,2.38,2.6,2.44
2841,2022-04-04,0.18,0.42,0.66,1.14,1.72,2.43,2.61,2.56,2.52,2.42,2.64,2.48
2842,2022-04-05,0.18,0.42,0.65,1.13,1.77,2.51,2.69,2.69,2.65,2.54,2.74,2.57
2843,2022-04-06,0.21,0.44,0.67,1.15,1.79,2.5,2.67,2.7,2.69,2.61,2.81,2.63
2844,2022-04-07,0.21,0.5,0.68,1.15,1.78,2.47,2.66,2.7,2.73,2.66,2.87,2.69
2845,2022-04-08,0.2,0.49,0.7,1.19,1.81,2.53,2.73,2.76,2.79,2.72,2.94,2.76
2846,2022-04-11,0.22,0.54,0.77,1.23,1.85,2.5,2.73,2.79,2.84,2.79,3.02,2.84
2847,2022-04-12,0.21,0.52,0.74,1.2,1.77,2.39,2.58,2.66,2.73,2.72,2.99,2.82
2848,2022-04-13,0.26,0.52,0.75,1.2,1.78,2.37,2.57,2.66,2.71,2.7,2.97,2.81
2849,2022-04-14,0.37,0.57,0.79,1.25,1.84,2.47,2.67,2.79,2.84,2.83,3.09,2.92
2850,2022-04-18,0.38,0.6,0.81,1.27,1.84,2.46,2.68,2.79,2.85,2.85,3.12,2.95
2851,2022-04-19,0.37,0.58,0.81,1.28,1.94,2.61,2.81,2.91,2.95,2.93,3.19,3.01
2852,2022-04-20,0.35,0.56,0.82,1.29,1.93,2.6,2.79,2.87,2.88,2.85,3.08,2.9
2853,2022-04-21,0.5,0.65,0.83,1.32,2.01,2.68,2.87,2.96,2.96,2.9,3.12,2.94
2854,2022-04-22,0.46,0.64,0.83,1.34,2.06,2.72,2.88,2.94,2.95,2.9,3.14,2.95
2855,2022-04-25,0.4,0.61,0.91,1.42,2.03,2.63,2.79,2.84,2.85,2.81,3.06,2.88
2856,2022-04-26,0.38,0.61,0.83,1.4,1.99,2.54,2.72,2.79,2.8,2.77,3.03,2.86
2857,2022-04-27,0.37,0.63,0.82,1.39,1.97,2.58,2.75,2.81,2.84,2.82,3.08,2.91
2858,2022-04-28,0.37,0.71,0.82,1.38,2.04,2.63,2.8,2.86,2.88,2.85,3.1,2.92
2859,2022-04-29,0.37,0.73,0.85,1.41,2.1,2.7,2.87,2.92,2.94,2.89,3.14,2.96
2860,2022-05-02,0.41,0.71,0.9,1.49,2.1,2.73,2.93,3.01,3.04,2.99,3.26,3.07
2861,2022-05-03,0.48,0.77,0.91,1.45,2.16,2.78,2.95,3.01,3.03,2.97,3.21,3.03
2862,2022-05-04,0.49,0.74,0.89,1.44,2.07,2.66,2.85,2.93,2.97,2.93,3.21,3.01
2863,2022-05-05,0.49,0.71,0.85,1.37,2.08,2.71,2.91,3.01,3.07,3.05,3.35,3.15
2864,2022-05-06,0.48,0.72,0.85,1.41,2.08,2.72,2.94,3.06,3.13,3.12,3.43,3.23
2865,2022-05-09,0.51,0.73,0.92,1.43,1.99,2.61,2.81,2.95,3.04,3.05,3.38,3.19
2866,2022-05-10,0.57,0.75,0.89,1.44,2.01,2.62,2.81,2.91,2.99,2.99,3.31,3.12
2867,2022-05-11,0.59,0.77,0.91,1.43,1.99,2.66,2.81,2.89,2.94,2.91,3.25,3.05
2868,2022-05-12,0.61,0.77,0.96,1.44,1.96,2.56,2.73,2.81,2.86,2.84,3.22,3.0
2869,2022-05-13,0.67,0.79,1.03,1.47,2.04,2.61,2.79,2.89,2.95,2.93,3.32,3.1
2870,2022-05-16,0.64,0.85,1.07,1.54,2.07,2.58,2.75,2.83,2.89,2.88,3.3,3.09
2871,2022-05-17,0.61,0.85,1.06,1.57,2.16,2.71,2.89,2.96,3.0,2.98,3.36,3.17
2872,2022-05-18,0.56,0.85,1.03,1.56,2.16,2.68,2.84,2.89,2.91,2.88,3.24,3.06
2873,2022-05-19,0.65,0.91,1.05,1.52,2.11,2.63,2.78,2.84,2.87,2.84,3.24,3.05
2874,2022-05-20,0.63,0.87,1.03,1.51,2.07,2.6,2.73,2.8,2.82,2.78,3.17,2.99
2875,2022-05-23,0.55,0.9,1.07,1.57,2.09,2.65,2.8,2.88,2.9,2.86,3.26,3.08
2876,2022-05-24,0.55,0.88,1.06,1.53,2.02,2.5,2.66,2.76,2.8,2.76,3.16,2.98
2877,2022-05-25,0.58,0.88,1.06,1.52,2.01,2.48,2.63,2.71,2.76,2.75,3.14,2.97
2878,2022-05-26,0.71,0.9,1.07,1.52,1.99,2.46,2.63,2.7,2.75,2.75,3.18,2.99
2879,2022-05-27,0.69,0.91,1.08,1.54,2.01,2.47,2.64,2.71,2.76,2.74,3.16,2.97
2880,2022-05-31,0.73,0.89,1.16,1.64,2.08,2.53,2.71,2.81,2.87,2.85,3.28,3.07
2881,2022-06-01,0.77,0.9,1.15,1.63,2.16,2.66,2.84,2.94,2.98,2.94,3.31,3.09
2882,2022-06-02,0.85,1.05,1.17,1.64,2.15,2.65,2.83,2.92,2.95,2.92,3.3,3.09
2883,2022-06-03,0.87,1.05,1.21,1.68,2.18,2.66,2.87,2.95,2.99,2.96,3.33,3.11
2884,2022-06-06,0.88,1.07,1.26,1.74,2.23,2.73,2.94,3.03,3.07,3.04,3.41,3.19
2885,2022-06-07,0.87,1.08,1.26,1.75,2.26,2.75,2.91,2.99,3.02,2.98,3.35,3.13
2886,2022-06-08,0.89,1.1,1.28,1.77,2.29,2.78,2.94,3.03,3.06,3.03,3.4,3.18
2887,2022-06-09,1.05,1.17,1.3,1.81,2.35,2.83,2.99,3.07,3.08,3.04,3.4,3.18
2888,2022-06-10,1.1,1.25,1.39,1.98,2.58,3.06,3.21,3.25,3.24,3.15,3.45,3.2
2889,2022-06-13,1.13,1.45,1.73,2.25,2.89,3.4,3.56,3.56,3.53,3.43,3.68,3.42
2890,2022-06-14,1.19,1.55,1.83,2.43,3.15,3.45,3.6,3.61,3.6,3.49,3.72,3.45
2891,2022-06-15,1.21,1.56,1.74,2.32,2.93,3.2,3.35,3.38,3.39,3.33,3.64,3.39
2892,2022-06-16,1.19,1.47,1.59,2.24,2.88,3.14,3.33,3.35,3.36,3.28,3.59,3.35
2893,2022-06-17,1.15,1.5,1.63,2.25,2.86,3.17,3.35,3.34,3.34,3.25,3.55,3.3
2894,2022-06-21,1.08,1.48,1.7,2.46,2.92,3.21,3.35,3.38,3.39,3.31,3.63,3.39
2895,2022-06-22,0.98,1.42,1.61,2.4,2.79,3.06,3.2,3.22,3.24,3.16,3.49,3.25
2896,2022-06-23,1.12,1.54,1.65,2.44,2.78,3.01,3.12,3.14,3.16,3.09,3.45,3.21
2897,2022-06-24,1.19,1.6,1.73,2.51,2.83,3.04,3.13,3.18,3.19,3.13,3.51,3.26
2898,2022-06-27,1.16,1.57,1.79,2.56,2.89,3.08,3.21,3.24,3.27,3.2,3.56,3.31
2899,2022-06-28,1.12,1.59,1.79,2.55,2.88,3.1,3.21,3.25,3.27,3.2,3.55,3.3
2900,2022-06-29,1.12,1.53,1.78,2.55,2.88,3.06,3.13,3.15,3.17,3.1,3.46,3.22
2901,2022-06-30,1.28,1.68,1.72,2.51,2.8,2.92,2.99,3.01,3.04,2.98,3.38,3.14
2902,2022-07-01,1.27,1.68,1.73,2.52,2.79,2.84,2.85,2.88,2.92,2.88,3.35,3.11
2903,2022-07-05,1.33,1.71,1.9,2.59,2.77,2.82,2.82,2.82,2.87,2.82,3.31,3.05
2904,2022-07-06,1.36,1.7,1.9,2.62,2.82,2.97,2.99,2.96,2.99,2.93,3.42,3.14
2905,2022-07-07,1.55,1.9,1.95,2.64,2.87,3.03,3.05,3.05,3.07,3.01,3.45,3.2
2906,2022-07-08,1.57,1.92,1.98,2.68,2.96,3.12,3.14,3.13,3.16,3.09,3.53,3.27
2907,2022-07-11,1.58,1.95,2.18,2.79,2.97,3.07,3.09,3.05,3.06,2.99,3.43,3.18
2908,2022-07-12,1.63,2.01,2.22,2.78,3.07,3.03,3.07,3.01,3.01,2.96,3.37,3.13
2909,2022-07-13,1.78,2.2,2.39,2.96,3.21,3.13,3.14,3.02,3.0,2.91,3.35,3.08
2910,2022-07-14,1.99,2.32,2.4,2.93,3.16,3.15,3.16,3.06,3.05,2.96,3.36,3.11
2911,2022-07-15,1.98,2.26,2.37,2.94,3.12,3.13,3.14,3.05,3.03,2.93,3.34,3.1
2912,2022-07-18,1.96,2.28,2.5,3.02,3.13,3.15,3.15,3.06,3.05,2.96,3.39,3.14
2913,2022-07-19,1.93,2.29,2.52,3.06,3.18,3.23,3.22,3.14,3.11,3.01,3.42,3.17
2914,2022-07-20,1.92,2.29,2.51,3.04,3.18,3.25,3.25,3.18,3.15,3.04,3.43,3.17
2915,2022-07-21,2.15,2.3,2.48,3.0,3.11,3.1,3.07,3.0,2.99,2.91,3.33,3.08
2916,2022-07-22,2.15,2.29,2.49,2.97,3.01,2.98,2.93,2.87,2.85,2.77,3.23,3.0
2917,2022-07-25,2.14,2.31,2.62,3.06,3.07,3.0,2.98,2.89,2.89,2.81,3.28,3.04
2918,2022-07-26,2.17,2.35,2.55,3.01,3.06,3.02,3.01,2.89,2.88,2.81,3.27,3.03
2919,2022-07-27,2.14,2.3,2.44,2.93,3.0,2.96,2.93,2.82,2.83,2.78,3.26,3.03
2920,2022-07-28,2.2,2.3,2.42,2.9,2.93,2.85,2.81,2.69,2.69,2.68,3.23,3.02
2921,2022-07-29,2.22,2.28,2.41,2.91,2.98,2.89,2.83,2.7,2.7,2.67,3.2,3.0
2922,2022-08-01,2.22,2.33,2.56,2.96,2.98,2.9,2.82,2.66,2.64,2.6,3.12,2.92
2923,2022-08-02,2.22,2.33,2.56,3.0,3.09,3.06,3.02,2.85,2.82,2.75,3.22,3.0
2924,2022-08-03,2.2,2.29,2.52,3.0,3.14,3.1,3.04,2.86,2.81,2.73,3.17,2.96
2925,2022-08-04,2.19,2.36,2.5,2.98,3.11,3.03,2.95,2.76,2.73,2.68,3.15,2.97
2926,2022-08-05,2.21,2.39,2.58,3.1,3.29,3.24,3.18,2.97,2.91,2.83,3.27,3.06
2927,2022-08-08,2.23,2.43,2.65,3.15,3.3,3.21,3.14,2.91,2.85,2.77,3.22,3.0
2928,2022-08-09,2.23,2.43,2.67,3.16,3.33,3.28,3.2,2.97,2.89,2.8,3.24,3.01
2929,2022-08-10,2.24,2.43,2.65,3.13,3.26,3.23,3.13,2.93,2.86,2.78,3.27,3.04
2930,2022-08-11,2.24,2.51,2.62,3.08,3.25,3.23,3.16,2.98,2.94,2.87,3.38,3.15
2931,2022-08-12,2.23,2.5,2.63,3.13,3.26,3.25,3.18,2.97,2.92,2.84,3.34,3.12
2932,2022-08-15,2.27,2.53,2.72,3.13,3.23,3.2,3.14,2.91,2.86,2.79,3.31,3.1
2933,2022-08-16,2.27,2.53,2.72,3.13,3.23,3.2,3.14,2.91,2.86,2.79,3.31,3.1
2934,2022-08-17,2.22,2.51,2.68,3.15,3.27,3.28,3.27,3.04,2.99,2.89,3.37,3.15
2935,2022-08-18,2.23,2.56,2.71,3.12,3.24,3.22,3.23,3.02,2.97,2.88,3.35,3.14
2936,2022-08-19,2.23,2.6,2.74,3.16,3.26,3.25,3.28,3.11,3.06,2.98,3.44,3.22
2937,2022-08-22,2.27,2.6,2.82,3.23,3.32,3.32,3.36,3.17,3.12,3.03,3.48,3.24
2938,2022-08-23,2.28,2.6,2.8,3.21,3.29,3.29,3.35,3.18,3.14,3.05,3.49,3.26
2939,2022-08-24,2.29,2.62,2.82,3.28,3.35,3.36,3.4,3.2,3.2,3.11,3.55,3.32
2940,2022-08-25,2.42,2.7,2.88,3.25,3.33,3.35,3.37,3.15,3.11,3.03,3.47,3.25
2941,2022-08-26,2.39,2.69,2.89,3.26,3.36,3.37,3.4,3.2,3.14,3.04,3.44,3.21
2942,2022-08-29,2.45,2.75,2.97,3.32,3.43,3.42,3.45,3.27,3.21,3.12,3.5,3.25
2943,2022-08-30,2.43,2.73,2.97,3.31,3.48,3.46,3.47,3.27,3.22,3.11,3.49,3.23
2944,2022-08-31,2.4,2.72,2.96,3.32,3.5,3.45,3.46,3.3,3.25,3.15,3.53,3.27
2945,2022-09-01,2.53,2.8,2.97,3.34,3.51,3.51,3.54,3.39,3.36,3.26,3.64,3.37
2946,2022-09-02,2.49,2.79,2.94,3.33,3.47,3.4,3.44,3.3,3.29,3.2,3.61,3.35
2947,2022-09-06,2.44,2.82,3.04,3.4,3.61,3.5,3.55,3.43,3.41,3.33,3.74,3.49
2948,2022-09-07,2.3,2.8,3.07,3.42,3.6,3.45,3.5,3.37,3.35,3.27,3.67,3.42
2949,2022-09-08,2.57,2.86,3.06,3.44,3.6,3.48,3.54,3.39,3.37,3.29,3.69,3.45
2950,2022-09-09,2.57,2.88,3.08,3.52,3.67,3.56,3.61,3.45,3.42,3.33,3.71,3.47
2951,2022-09-12,2.62,2.93,3.17,3.56,3.7,3.58,3.6,3.47,3.45,3.37,3.76,3.53
2952,2022-09-13,2.55,2.95,3.28,3.75,3.92,3.75,3.75,3.58,3.53,3.42,3.75,3.51
2953,2022-09-14,2.54,2.95,3.24,3.76,3.95,3.78,3.79,3.6,3.52,3.41,3.73,3.47
2954,2022-09-15,2.76,3.03,3.22,3.78,4.0,3.87,3.85,3.66,3.59,3.45,3.75,3.48
2955,2022-09-16,2.68,3.01,3.2,3.77,3.96,3.85,3.81,3.62,3.56,3.45,3.79,3.52
2956,2022-09-19,2.62,3.02,3.37,3.87,4.05,3.95,3.9,3.69,3.62,3.49,3.77,3.52
2957,2022-09-20,2.57,3.05,3.35,3.86,4.03,3.96,3.94,3.75,3.69,3.57,3.83,3.59
2958,2022-09-21,2.59,3.06,3.31,3.86,4.08,4.02,3.98,3.74,3.65,3.51,3.73,3.5
2959,2022-09-22,2.73,3.09,3.29,3.87,4.08,4.11,4.12,3.91,3.84,3.7,3.9,3.65
2960,2022-09-23,2.67,3.07,3.24,3.85,4.15,4.2,4.21,3.96,3.85,3.69,3.87,3.61
2961,2022-09-26,2.73,3.14,3.39,3.95,4.17,4.27,4.37,4.15,4.06,3.88,4.01,3.72
2962,2022-09-27,2.71,3.14,3.35,3.91,4.16,4.3,4.39,4.21,4.14,3.97,4.15,3.87
2963,2022-09-28,2.63,3.14,3.4,3.87,3.99,4.07,4.12,3.92,3.83,3.72,3.98,3.7
2964,2022-09-29,2.78,3.2,3.36,3.87,3.98,4.16,4.19,3.98,3.89,3.76,4.0,3.71
2965,2022-09-30,2.79,3.2,3.33,3.92,4.05,4.22,4.25,4.06,3.97,3.83,4.08,3.79
2966,2022-10-03,2.87,3.26,3.46,3.97,4.01,4.12,4.12,3.9,3.79,3.67,4.0,3.73
2967,2022-10-04,2.91,3.23,3.45,3.98,4.15,4.1,4.08,3.84,3.73,3.62,3.95,3.7
2968,2022-10-05,2.89,3.22,3.46,4.0,4.14,4.15,4.17,3.96,3.87,3.76,4.05,3.78
2969,2022-10-06,3.05,3.34,3.46,4.04,4.19,4.23,4.24,4.05,3.95,3.83,4.08,3.81
2970,2022-10-07,3.03,3.34,3.45,4.09,4.24,4.3,4.33,4.14,4.03,3.89,4.13,3.86
2971,2022-10-10,3.03,3.34,3.45,4.09,4.24,4.3,4.33,4.14,4.03,3.89,4.13,3.86
2972,2022-10-11,3.07,3.43,3.67,4.17,4.28,4.3,4.31,4.14,4.06,3.93,4.19,3.92
2973,2022-10-12,3.07,3.45,3.7,4.16,4.28,4.28,4.29,4.12,4.03,3.91,4.18,3.9
2974,2022-10-13,3.35,3.6,3.79,4.3,4.46,4.47,4.44,4.21,4.11,3.97,4.25,3.97
2975,2022-10-14,3.3,3.61,3.81,4.31,4.5,4.48,4.47,4.25,4.15,4.0,4.26,3.99
2976,2022-10-17,3.3,3.66,3.97,4.38,4.5,4.45,4.45,4.24,4.15,4.02,4.29,4.04
2977,2022-10-18,3.25,3.7,4.04,4.39,4.5,4.43,4.43,4.21,4.12,4.01,4.27,4.04
2978,2022-10-19,3.31,3.72,4.07,4.45,4.6,4.55,4.56,4.35,4.26,4.14,4.38,4.15
2979,2022-10-20,3.58,3.83,4.09,4.48,4.66,4.62,4.66,4.45,4.36,4.24,4.47,4.24
2980,2022-10-21,3.55,3.78,4.09,4.43,4.58,4.49,4.52,4.34,4.28,4.21,4.54,4.33
2981,2022-10-24,3.57,3.83,4.16,4.52,4.61,4.5,4.52,4.36,4.31,4.25,4.59,4.4
2982,2022-10-25,3.56,3.81,4.14,4.5,4.6,4.42,4.45,4.25,4.17,4.1,4.45,4.26
2983,2022-10-26,3.54,3.85,4.11,4.47,4.54,4.39,4.41,4.2,4.12,4.04,4.38,4.19
2984,2022-10-27,3.76,3.95,4.13,4.44,4.5,4.3,4.29,4.09,4.01,3.96,4.32,4.12
2985,2022-10-28,3.75,3.95,4.18,4.51,4.55,4.41,4.38,4.19,4.1,4.02,4.38,4.15
2986,2022-10-31,3.73,4.0,4.22,4.57,4.66,4.51,4.45,4.27,4.18,4.1,4.44,4.22
2987,2022-11-01,3.72,4.0,4.23,4.58,4.75,4.54,4.48,4.27,4.18,4.07,4.37,4.14
2988,2022-11-02,3.7,4.01,4.22,4.57,4.76,4.61,4.54,4.3,4.2,4.1,4.41,4.15
2989,2022-11-03,3.75,4.04,4.25,4.57,4.78,4.71,4.63,4.36,4.26,4.14,4.42,4.18
2990,2022-11-04,3.75,4.04,4.25,4.57,4.78,4.71,4.63,4.36,4.26,4.14,4.42,4.18
2991,2022-11-07,3.78,4.04,4.29,4.62,4.8,4.72,4.63,4.39,4.31,4.22,4.55,4.34
2992,2022-11-08,3.66,4.04,4.28,4.6,4.77,4.67,4.55,4.31,4.22,4.14,4.47,4.28
2993,2022-11-09,3.65,4.05,4.29,4.59,4.75,4.61,4.49,4.27,4.2,4.12,4.5,4.31
2994,2022-11-10,3.71,4.0,4.28,4.52,4.59,4.34,4.17,3.95,3.89,3.82,4.24,4.03
2995,2022-11-11,3.71,4.0,4.28,4.52,4.59,4.34,4.17,3.95,3.89,3.82,4.24,4.03
2996,2022-11-14,3.72,4.05,4.34,4.55,4.63,4.4,4.24,4.0,3.95,3.88,4.28,4.07
2997,2022-11-15,3.77,4.1,4.31,4.54,4.6,4.37,4.17,3.93,3.88,3.8,4.2,3.98
2998,2022-11-16,3.81,4.15,4.32,4.54,4.62,4.35,4.13,3.83,3.77,3.67,4.03,3.85
2999,2022-11-17,3.93,4.2,4.32,4.57,4.68,4.43,4.22,3.93,3.87,3.77,4.1,3.89
3000,2022-11-18,3.93,4.23,4.34,4.61,4.74,4.51,4.28,3.99,3.92,3.82,4.13,3.92
3001,2022-11-21,3.97,4.24,4.41,4.65,4.75,4.48,4.32,3.97,3.94,3.83,4.14,3.91
3002,2022-11-22,3.97,4.26,4.4,4.68,4.79,4.47,4.27,3.93,3.86,3.76,4.05,3.83
3003,2022-11-23,4.12,4.29,4.4,4.67,4.75,4.46,4.23,3.88,3.81,3.71,3.97,3.74
3004,2022-11-25,4.16,4.33,4.41,4.67,4.76,4.42,4.2,3.85,3.78,3.68,3.97,3.74
3005,2022-11-28,4.11,4.29,4.41,4.72,4.76,4.46,4.22,3.88,3.8,3.69,3.97,3.74
3006,2022-11-29,4.08,4.26,4.38,4.72,4.78,4.48,4.24,3.92,3.85,3.75,4.02,3.81
3007,2022-11-30,4.07,4.25,4.37,4.7,4.74,4.38,4.13,3.82,3.76,3.68,4.0,3.8
3008,2022-12-01,4.04,4.24,4.33,4.65,4.66,4.25,3.98,3.68,3.62,3.53,3.85,3.64
3009,2022-12-02,3.91,4.25,4.34,4.65,4.69,4.28,3.99,3.67,3.61,3.51,3.79,3.56
3010,2022-12-05,3.93,4.25,4.36,4.73,4.77,4.41,4.13,3.8,3.72,3.6,3.84,3.62
3011,2022-12-06,3.87,4.19,4.37,4.74,4.73,4.34,4.07,3.73,3.64,3.51,3.77,3.52
3012,2022-12-07,3.79,4.1,4.29,4.72,4.67,4.26,3.97,3.62,3.54,3.42,3.66,3.42
3013,2022-12-08,3.75,4.11,4.28,4.71,4.71,4.31,4.04,3.71,3.63,3.48,3.71,3.44
3014,2022-12-09,3.81,4.13,4.31,4.72,4.72,4.33,4.07,3.75,3.69,3.57,3.82,3.56
3015,2022-12-12,3.86,4.18,4.38,4.78,4.75,4.39,4.1,3.8,3.73,3.61,3.84,3.57
3016,2022-12-13,3.89,4.16,4.35,4.7,4.64,4.22,3.96,3.66,3.6,3.51,3.74,3.53
3017,2022-12-14,3.91,4.14,4.33,4.68,4.64,4.23,3.94,3.64,3.59,3.49,3.74,3.52
3018,2022-12-15,3.95,4.24,4.34,4.7,4.65,4.23,3.96,3.62,3.56,3.44,3.69,3.48
3019,2022-12-16,3.94,4.22,4.31,4.68,4.61,4.17,3.91,3.61,3.58,3.48,3.73,3.53
3020,2022-12-19,3.95,4.24,4.37,4.71,4.64,4.25,3.99,3.7,3.67,3.57,3.82,3.62
3021,2022-12-20,3.89,4.23,4.35,4.7,4.64,4.25,4.03,3.79,3.78,3.69,3.94,3.74
3022,2022-12-21,3.9,4.23,4.33,4.67,4.6,4.21,4.0,3.78,3.77,3.68,3.93,3.74
3023,2022-12-22,3.8,4.2,4.35,4.66,4.64,4.24,4.02,3.79,3.77,3.67,3.91,3.73
3024,2022-12-23,3.8,4.2,4.34,4.67,4.66,4.31,4.09,3.86,3.83,3.75,3.99,3.82
3025,2022-12-27,3.87,4.32,4.46,4.76,4.75,4.32,4.17,3.94,3.93,3.84,4.1,3.93
3026,2022-12-28,3.86,4.33,4.46,4.75,4.71,4.31,4.18,3.97,3.97,3.88,4.13,3.98
3027,2022-12-29,4.04,4.39,4.45,4.73,4.71,4.34,4.16,3.94,3.91,3.83,4.09,3.92
3028,2022-12-30,4.12,4.41,4.42,4.76,4.73,4.41,4.22,3.99,3.96,3.88,4.14,3.97
3029,2023-01-03,4.17,4.42,4.53,4.77,4.72,4.4,4.18,3.94,3.89,3.79,4.06,3.88
3030,2023-01-04,4.2,4.42,4.55,4.77,4.71,4.36,4.11,3.85,3.79,3.69,3.97,3.81
3031,2023-01-05,4.3,4.55,4.66,4.81,4.78,4.45,4.18,3.9,3.82,3.71,3.96,3.78
3032,2023-01-06,4.32,4.55,4.67,4.79,4.71,4.24,3.96,3.69,3.63,3.55,3.84,3.67
3033,2023-01-09,4.37,4.58,4.7,4.83,4.69,4.19,3.93,3.66,3.6,3.53,3.83,3.66
3034,2023-01-10,4.41,4.62,4.73,4.85,4.74,4.24,3.94,3.72,3.67,3.61,3.91,3.74
3035,2023-01-11,4.42,4.62,4.72,4.84,4.73,4.2,3.9,3.66,3.61,3.54,3.84,3.67
3036,2023-01-12,4.57,4.59,4.66,4.76,4.66,4.12,3.79,3.53,3.48,3.43,3.73,3.56
3037,2023-01-13,4.58,4.59,4.67,4.77,4.69,4.22,3.88,3.6,3.55,3.49,3.79,3.61
3038,2023-01-17,4.6,4.63,4.71,4.82,4.67,4.18,3.86,3.6,3.57,3.53,3.81,3.64
3039,2023-01-18,4.59,4.62,4.69,4.79,4.63,4.06,3.72,3.43,3.4,3.37,3.65,3.54
3040,2023-01-19,4.69,4.66,4.71,4.79,4.65,4.09,3.76,3.48,3.43,3.39,3.69,3.57
3041,2023-01-20,4.69,4.64,4.72,4.8,4.68,4.14,3.83,3.56,3.51,3.48,3.77,3.66
3042,2023-01-23,4.69,4.65,4.73,4.82,4.7,4.21,3.88,3.61,3.56,3.52,3.8,3.69
3043,2023-01-24,4.7,4.67,4.72,4.84,4.7,4.12,3.86,3.58,3.52,3.46,3.73,3.62
3044,2023-01-25,4.67,4.65,4.72,4.79,4.67,4.11,3.84,3.54,3.51,3.46,3.74,3.62
3045,2023-01-26,4.61,4.65,4.71,4.79,4.68,4.17,3.88,3.58,3.54,3.49,3.75,3.62
3046,2023-01-27,4.61,4.64,4.73,4.81,4.68,4.19,3.9,3.62,3.58,3.52,3.77,3.64
3047,2023-01-30,4.6,4.64,4.72,4.82,4.71,4.25,3.96,3.68,3.62,3.55,3.79,3.66
3048,2023-01-31,4.58,4.64,4.7,4.8,4.68,4.21,3.9,3.63,3.59,3.52,3.78,3.65
3049,2023-02-01,4.59,4.63,4.66,4.79,4.66,4.09,3.75,3.48,3.43,3.39,3.67,3.55
3050,2023-02-02,4.62,4.65,4.66,4.76,4.64,4.09,3.75,3.49,3.44,3.4,3.67,3.55
3051,2023-02-03,4.61,4.67,4.7,4.82,4.79,4.3,3.96,3.67,3.61,3.53,3.77,3.63
3052,2023-02-06,4.61,4.67,4.71,4.89,4.85,4.44,4.1,3.81,3.73,3.63,3.82,3.67
3053,2023-02-07,4.62,4.68,4.71,4.89,4.88,4.47,4.11,3.85,3.78,3.67,3.87,3.72
3054,2023-02-08,4.64,4.69,4.72,4.88,4.87,4.45,4.08,3.82,3.75,3.63,3.86,3.7
3055,2023-02-09,4.66,4.77,4.77,4.9,4.88,4.48,4.15,3.87,3.79,3.67,3.9,3.75
3056,2023-02-10,4.66,4.77,4.79,4.89,4.89,4.5,4.19,3.93,3.86,3.74,3.96,3.83
3057,2023-02-13,4.66,4.78,4.81,4.99,4.91,4.52,4.22,3.93,3.84,3.72,3.92,3.79
3058,2023-02-14,4.63,4.78,4.8,4.98,4.99,4.6,4.32,4.0,3.9,3.77,3.94,3.81
3059,2023-02-15,4.64,4.79,4.79,4.97,4.96,4.62,4.35,4.04,3.94,3.81,3.97,3.85
3060,2023-02-16,4.66,4.8,4.84,4.98,4.99,4.62,4.35,4.06,3.98,3.86,4.05,3.92
3061,2023-02-17,4.64,4.81,4.84,4.99,5.0,4.6,4.33,4.03,3.95,3.82,4.01,3.88
3062,2023-02-21,4.63,4.83,4.86,5.07,5.07,4.67,4.44,4.16,4.08,3.95,4.12,3.98
3063,2023-02-22,4.62,4.81,4.84,5.08,5.07,4.66,4.43,4.13,4.07,3.93,4.09,3.94
3064,2023-02-23,4.66,4.83,4.84,5.05,5.03,4.66,4.4,4.09,4.02,3.88,4.04,3.88
3065,2023-02-24,4.68,4.83,4.86,5.06,5.05,4.78,4.52,4.19,4.1,3.95,4.11,3.93
3066,2023-02-27,4.67,4.83,4.89,5.18,5.03,4.78,4.49,4.17,4.08,3.92,4.11,3.93
3067,2023-02-28,4.65,4.81,4.88,5.17,5.02,4.81,4.51,4.18,4.07,3.92,4.1,3.93
3068,2023-03-01,4.67,4.82,4.9,5.2,5.06,4.89,4.61,4.27,4.17,4.01,4.17,3.97
3069,2023-03-02,4.75,4.8,4.91,5.18,5.04,4.89,4.63,4.32,4.24,4.08,4.24,4.03
3070,2023-03-03,4.75,4.79,4.91,5.18,5.03,4.86,4.6,4.26,4.15,3.97,4.12,3.9
3071,2023-03-06,4.75,4.79,4.93,5.22,5.05,4.89,4.61,4.27,4.16,3.98,4.14,3.92
3072,2023-03-07,4.8,4.88,5.04,5.32,5.22,5.0,4.66,4.31,4.17,3.97,4.11,3.88
3073,2023-03-08,4.77,4.88,5.06,5.34,5.25,5.05,4.71,4.34,4.19,3.98,4.11,3.88
3074,2023-03-09,4.83,4.96,5.05,5.32,5.18,4.9,4.56,4.22,4.1,3.93,4.09,3.88
3075,2023-03-10,4.81,4.91,5.01,5.17,4.9,4.6,4.31,3.96,3.86,3.7,3.9,3.7
3076,2023-03-13,4.62,4.81,4.87,4.81,4.3,4.03,3.88,3.68,3.65,3.55,3.85,3.7
3077,2023-03-14,4.47,4.77,4.88,4.93,4.45,4.2,4.05,3.78,3.74,3.64,3.91,3.77
3078,2023-03-15,4.23,4.56,4.75,4.73,4.19,3.93,3.83,3.59,3.57,3.51,3.82,3.7
3079,2023-03-16,4.22,4.66,4.74,4.94,4.49,4.14,3.99,3.72,3.67,3.56,3.87,3.71
3080,2023-03-17,4.31,4.51,4.52,4.71,4.26,3.81,3.68,3.44,3.45,3.39,3.76,3.6
3081,2023-03-20,4.34,4.56,4.81,4.8,4.34,3.92,3.77,3.56,3.55,3.47,3.83,3.65
3082,2023-03-21,4.07,4.5,4.78,4.96,4.68,4.17,3.98,3.73,3.68,3.59,3.9,3.73
3083,2023-03-22,4.16,4.56,4.79,4.95,4.56,3.96,3.76,3.54,3.53,3.48,3.83,3.68
3084,2023-03-23,4.26,4.48,4.73,4.8,4.38,3.76,3.57,3.39,3.39,3.38,3.78,3.66
3085,2023-03-24,4.28,4.48,4.74,4.76,4.32,3.76,3.58,3.41,3.4,3.38,3.77,3.64
3086,2023-03-27,4.22,4.47,4.91,4.86,4.51,3.94,3.79,3.59,3.57,3.53,3.9,3.77
3087,2023-03-28,4.24,4.39,4.8,4.9,4.55,4.02,3.84,3.63,3.6,3.55,3.9,3.77
3088,2023-03-29,4.34,4.5,4.8,4.92,4.59,4.08,3.87,3.67,3.62,3.57,3.91,3.78
3089,2023-03-30,4.74,4.77,4.97,4.92,4.63,4.1,3.87,3.66,3.61,3.55,3.88,3.74
3090,2023-03-31,4.74,4.79,4.85,4.94,4.64,4.06,3.81,3.6,3.55,3.48,3.81,3.67
3091,2023-04-03,4.7,4.79,4.9,4.88,4.6,3.97,3.73,3.52,3.48,3.43,3.78,3.64
3092,2023-04-04,4.66,4.8,4.88,4.8,4.5,3.84,3.6,3.39,3.38,3.35,3.72,3.6
3093,2023-04-05,4.62,4.77,4.86,4.82,4.43,3.79,3.55,3.36,3.34,3.3,3.67,3.56
3094,2023-04-06,4.57,4.85,4.91,4.93,4.51,3.82,3.59,3.37,3.34,3.3,3.66,3.54
3095,2023-04-10,4.53,4.89,5.08,4.98,4.65,4.0,3.75,3.52,3.47,3.41,3.74,3.62
3096,2023-04-11,4.27,4.89,5.04,4.99,4.67,4.03,3.76,3.54,3.48,3.43,3.75,3.62
3097,2023-04-12,4.27,4.89,5.02,4.98,4.64,3.95,3.68,3.46,3.43,3.41,3.75,3.64
3098,2023-04-13,4.08,4.96,5.1,4.95,4.66,3.96,3.7,3.51,3.48,3.45,3.8,3.69
3099,2023-04-14,4.29,4.98,5.14,5.03,4.77,4.08,3.83,3.6,3.56,3.52,3.85,3.74
3100,2023-04-17,4.09,5.04,5.21,5.07,4.8,4.18,3.92,3.69,3.64,3.6,3.92,3.81
3101,2023-04-18,3.89,5.04,5.2,5.09,4.81,4.19,3.92,3.69,3.63,3.58,3.91,3.79
3102,2023-04-19,3.95,5.03,5.16,5.1,4.84,4.24,3.97,3.71,3.66,3.6,3.9,3.79
3103,2023-04-20,3.4,5.04,5.12,5.06,4.77,4.14,3.87,3.63,3.59,3.54,3.87,3.75
3104,2023-04-21,3.36,4.98,5.14,5.07,4.78,4.17,3.89,3.66,3.62,3.57,3.9,3.78
3105,2023-04-24,3.54,5.09,5.2,5.06,4.76,4.12,3.84,3.6,3.56,3.52,3.85,3.73
3106,2023-04-25,4.11,5.05,5.12,4.98,4.6,3.86,3.62,3.43,3.42,3.4,3.77,3.65
3107,2023-04-26,3.91,5.07,5.16,5.0,4.64,3.9,3.65,3.46,3.45,3.43,3.81,3.7
3108,2023-04-27,4.27,5.13,5.18,5.05,4.78,4.07,3.82,3.6,3.57,3.53,3.88,3.76
3109,2023-04-28,4.35,5.14,5.1,5.06,4.8,4.04,3.75,3.51,3.49,3.44,3.8,3.67
3110,2023-05-01,4.49,5.17,5.27,5.14,4.86,4.14,3.85,3.64,3.62,3.59,3.95,3.84
3111,2023-05-02,4.56,5.33,5.24,5.06,4.74,3.97,3.67,3.46,3.44,3.44,3.82,3.72
3112,2023-05-03,4.7,5.33,5.26,5.08,4.7,3.89,3.58,3.37,3.37,3.38,3.79,3.7
3113,2023-05-04,5.76,5.24,5.26,5.04,4.59,3.75,3.47,3.29,3.32,3.37,3.8,3.73
3114,2023-05-05,5.59,5.23,5.26,5.13,4.73,3.92,3.63,3.41,3.41,3.44,3.85,3.76
3115,2023-05-08,5.51,5.17,5.31,5.14,4.79,4.0,3.7,3.49,3.5,3.52,3.92,3.84
3116,2023-05-09,5.56,5.16,5.29,5.18,4.81,4.01,3.67,3.51,3.51,3.53,3.94,3.85
3117,2023-05-10,5.5,4.99,5.24,5.13,4.7,3.9,3.55,3.37,3.4,3.43,3.88,3.8
3118,2023-05-11,5.81,4.82,5.2,5.14,4.7,3.89,3.56,3.36,3.37,3.39,3.82,3.73
3119,2023-05-12,5.79,4.87,5.25,5.16,4.75,3.98,3.65,3.45,3.45,3.46,3.87,3.78
3120,2023-05-15,5.64,4.97,5.21,5.24,4.73,3.99,3.67,3.46,3.48,3.5,3.92,3.84
3121,2023-05-16,5.58,4.98,5.23,5.26,4.88,4.06,3.74,3.52,3.53,3.54,3.96,3.87
3122,2023-05-17,5.5,5.06,5.26,5.3,4.92,4.12,3.8,3.58,3.58,3.57,3.96,3.88
3123,2023-05-18,5.59,5.22,5.31,5.38,5.02,4.24,3.94,3.69,3.67,3.65,4.02,3.91
3124,2023-05-19,5.62,5.27,5.29,5.36,5.02,4.28,3.98,3.76,3.74,3.7,4.07,3.95
3125,2023-05-22,5.69,5.35,5.4,5.43,5.07,4.29,3.98,3.77,3.74,3.72,4.09,3.97
3126,2023-05-23,5.67,5.26,5.34,5.39,5.06,4.26,3.99,3.76,3.73,3.7,4.08,3.96
3127,2023-05-24,5.73,5.22,5.37,5.42,5.12,4.31,4.04,3.75,3.76,3.73,4.1,3.97
3128,2023-05-25,5.95,5.44,5.38,5.46,5.24,4.5,4.21,3.9,3.86,3.83,4.16,4.01
3129,2023-05-26,6.02,5.47,5.34,5.44,5.25,4.54,4.23,3.92,3.86,3.8,4.13,3.96
3130,2023-05-30,5.31,5.31,5.55,5.52,5.22,4.46,4.1,3.81,3.75,3.69,4.06,3.9
3131,2023-05-31,5.28,5.37,5.52,5.46,5.18,4.4,4.04,3.74,3.69,3.64,4.01,3.85
3132,2023-06-01,5.3,5.39,5.5,5.44,5.11,4.33,3.98,3.7,3.66,3.61,3.98,3.84
3133,2023-06-02,5.28,5.39,5.5,5.5,5.22,4.5,4.13,3.84,3.78,3.69,4.03,3.88
3134,2023-06-05,5.25,5.35,5.46,5.46,5.17,4.46,4.1,3.82,3.77,3.69,4.03,3.89
3135,2023-06-06,5.15,5.26,5.44,5.44,5.2,4.51,4.15,3.85,3.78,3.7,4.02,3.87
3136,2023-06-07,5.07,5.26,5.42,5.43,5.16,4.56,4.21,3.93,3.88,3.79,4.12,3.95
3137,2023-06-08,5.25,5.29,5.38,5.39,5.12,4.52,4.17,3.87,3.8,3.73,4.05,3.89
3138,2023-06-09,5.25,5.32,5.37,5.39,5.17,4.59,4.23,3.92,3.84,3.75,4.05,3.89
3139,2023-06-12,5.24,5.31,5.4,5.38,5.18,4.55,4.16,3.89,3.82,3.73,4.04,3.87
3140,2023-06-13,5.19,5.24,5.36,5.36,5.26,4.67,4.3,4.01,3.94,3.84,4.12,3.94
3141,2023-06-14,5.18,5.25,5.36,5.36,5.27,4.74,4.37,4.06,3.95,3.83,4.09,3.9
3142,2023-06-15,5.18,5.25,5.33,5.33,5.21,4.62,4.23,3.91,3.82,3.72,4.02,3.85
3143,2023-06-16,5.18,5.27,5.34,5.35,5.24,4.7,4.32,3.99,3.88,3.77,4.05,3.86
3144,2023-06-20,5.17,5.26,5.39,5.41,5.24,4.68,4.29,3.96,3.85,3.74,4.01,3.83
3145,2023-06-21,5.16,5.27,5.4,5.41,5.25,4.68,4.29,3.95,3.84,3.72,3.99,3.81
3146,2023-06-22,5.18,5.31,5.4,5.41,5.29,4.77,4.37,4.03,3.92,3.8,4.06,3.88
3147,2023-06-23,5.17,5.3,5.41,5.41,5.25,4.71,4.32,3.99,3.88,3.74,4.01,3.82
3148,2023-06-26,5.17,5.31,5.5,5.45,5.27,4.65,4.3,3.96,3.85,3.72,4.01,3.83
3149,2023-06-27,5.17,5.31,5.44,5.46,5.33,4.74,4.38,4.02,3.9,3.77,4.03,3.84
3150,2023-06-28,5.17,5.32,5.44,5.47,5.32,4.71,4.32,3.97,3.83,3.71,4.0,3.81
3151,2023-06-29,5.25,5.4,5.46,5.5,5.41,4.87,4.49,4.14,3.99,3.85,4.11,3.92
3152,2023-06-30,5.24,5.39,5.43,5.47,5.4,4.87,4.49,4.13,3.97,3.81,4.06,3.85
3153,2023-07-03,5.27,5.4,5.44,5.53,5.43,4.94,4.56,4.19,4.03,3.86,4.08,3.87
3154,2023-07-05,5.28,5.38,5.44,5.52,5.4,4.94,4.59,4.25,4.11,3.95,4.17,3.95
3155,2023-07-06,5.32,5.47,5.46,5.54,5.44,4.99,4.68,4.37,4.22,4.05,4.23,4.01
3156,2023-07-07,5.32,5.47,5.46,5.53,5.41,4.94,4.64,4.35,4.23,4.06,4.27,4.05
3157,2023-07-10,5.34,5.47,5.48,5.54,5.38,4.85,4.54,4.25,4.14,4.01,4.24,4.05
3158,2023-07-11,5.35,5.48,5.49,5.55,5.44,4.88,4.52,4.24,4.13,3.99,4.22,4.03
3159,2023-07-12,5.36,5.49,5.47,5.53,5.35,4.72,4.36,4.07,3.97,3.86,4.14,3.96
3160,2023-07-13,5.37,5.5,5.47,5.49,5.27,4.59,4.21,3.93,3.85,3.76,4.07,3.9
3161,2023-07-14,5.37,5.49,5.49,5.52,5.34,4.74,4.35,4.04,3.94,3.83,4.11,3.93
3162,2023-07-17,5.37,5.51,5.49,5.52,5.33,4.74,4.34,4.02,3.91,3.81,4.1,3.94
3163,2023-07-18,5.37,5.5,5.49,5.51,5.32,4.74,4.35,4.0,3.9,3.8,4.08,3.91
3164,2023-07-19,5.37,5.51,5.49,5.51,5.32,4.74,4.34,3.98,3.87,3.75,4.01,3.84
3165,2023-07-20,5.44,5.53,5.49,5.52,5.35,4.8,4.43,4.08,3.98,3.85,4.1,3.91
3166,2023-07-21,5.43,5.54,5.5,5.53,5.35,4.82,4.44,4.09,3.97,3.84,4.1,3.91
3167,2023-07-24,5.44,5.54,5.51,5.55,5.38,4.81,4.48,4.13,4.0,3.86,4.11,3.92
3168,2023-07-25,5.46,5.54,5.51,5.57,5.38,4.85,4.53,4.15,4.05,3.91,4.14,3.95
3169,2023-07-26,5.46,5.53,5.51,5.55,5.37,4.82,4.47,4.09,3.99,3.86,4.12,3.94
3170,2023-07-27,5.47,5.55,5.51,5.56,5.4,4.91,4.58,4.24,4.13,4.01,4.26,4.06
3171,2023-07-28,5.47,5.54,5.52,5.54,5.37,4.87,4.52,4.18,4.08,3.96,4.22,4.03
3172,2023-07-31,5.48,5.54,5.55,5.53,5.37,4.88,4.51,4.18,4.08,3.97,4.22,4.02
3173,2023-08-01,5.49,5.54,5.54,5.54,5.38,4.92,4.57,4.24,4.15,4.05,4.3,4.11
3174,2023-08-02,5.48,5.53,5.53,5.52,5.36,4.88,4.54,4.24,4.17,4.08,4.35,4.17
3175,2023-08-03,5.54,5.52,5.54,5.52,5.37,4.9,4.58,4.3,4.26,4.2,4.49,4.32
3176,2023-08-04,5.54,5.51,5.54,5.5,5.33,4.78,4.45,4.15,4.1,4.05,4.36,4.21
3177,2023-08-07,5.54,5.51,5.56,5.53,5.3,4.76,4.44,4.16,4.13,4.09,4.42,4.27
3178,2023-08-08,5.54,5.53,5.57,5.53,5.35,4.74,4.36,4.1,4.06,4.02,4.35,4.2
3179,2023-08-09,5.51,5.52,5.55,5.54,5.35,4.79,4.41,4.12,4.07,4.0,4.33,4.18
3180,2023-08-10,5.55,5.52,5.54,5.52,5.33,4.82,4.47,4.21,4.17,4.09,4.41,4.24
3181,2023-08-11,5.54,5.51,5.54,5.52,5.36,4.89,4.56,4.31,4.26,4.16,4.45,4.27
3182,2023-08-14,5.55,5.52,5.56,5.56,5.37,4.96,4.64,4.36,4.29,4.19,4.46,4.29
3183,2023-08-15,5.53,5.52,5.56,5.55,5.36,4.92,4.64,4.36,4.31,4.21,4.49,4.32
3184,2023-08-16,5.52,5.53,5.56,5.54,5.37,4.97,4.68,4.42,4.37,4.28,4.55,4.38
3185,2023-08-17,5.55,5.52,5.56,5.53,5.36,4.94,4.67,4.42,4.38,4.3,4.58,4.41
3186,2023-08-18,5.53,5.52,5.55,5.52,5.35,4.92,4.63,4.38,4.34,4.26,4.55,4.38
3187,2023-08-21,5.55,5.53,5.57,5.58,5.37,4.97,4.7,4.46,4.42,4.34,4.64,4.45
3188,2023-08-22,5.54,5.53,5.57,5.57,5.39,5.02,4.75,4.49,4.44,4.34,4.61,4.42
3189,2023-08-23,5.54,5.53,5.57,5.55,5.35,4.95,4.64,4.36,4.3,4.19,4.46,4.27
3190,2023-08-24,5.55,5.53,5.58,5.59,5.39,4.98,4.69,4.39,4.34,4.23,4.49,4.3
3191,2023-08-25,5.56,5.53,5.61,5.61,5.44,5.03,4.72,4.44,4.37,4.25,4.5,4.3
3192,2023-08-28,5.56,5.53,5.58,5.56,5.44,4.98,4.69,4.38,4.32,4.2,4.48,4.29
3193,2023-08-29,5.54,5.53,5.56,5.52,5.37,4.87,4.56,4.26,4.21,4.12,4.42,4.23
3194,2023-08-30,5.55,5.53,5.56,5.51,5.39,4.9,4.57,4.27,4.22,4.12,4.42,4.23
3195,2023-08-31,5.52,5.55,5.56,5.48,5.37,4.85,4.54,4.23,4.19,4.09,4.39,4.2
3196,2023-09-01,5.51,5.55,5.53,5.47,5.36,4.87,4.57,4.29,4.27,4.18,4.48,4.29
3197,2023-09-05,5.51,5.56,5.55,5.51,5.42,4.94,4.65,4.37,4.35,4.27,4.56,4.38
3198,2023-09-06,5.52,5.55,5.55,5.52,5.44,5.01,4.73,4.44,4.39,4.3,4.56,4.37
3199,2023-09-07,5.52,5.56,5.53,5.5,5.4,4.94,4.66,4.38,4.35,4.27,4.55,4.36
3200,2023-09-08,5.52,5.56,5.55,5.49,5.42,4.98,4.68,4.39,4.35,4.26,4.52,4.33
3201,2023-09-11,5.52,5.56,5.55,5.51,5.4,4.97,4.64,4.4,4.37,4.29,4.56,4.37
3202,2023-09-12,5.52,5.56,5.56,5.53,5.42,4.98,4.66,4.41,4.36,4.27,4.54,4.35
3203,2023-09-13,5.53,5.56,5.55,5.51,5.42,4.96,4.64,4.39,4.34,4.25,4.52,4.34
3204,2023-09-14,5.52,5.57,5.55,5.5,5.42,5.0,4.68,4.42,4.38,4.29,4.57,4.39
3205,2023-09-15,5.51,5.56,5.56,5.49,5.43,5.02,4.72,4.45,4.41,4.33,4.59,4.42
3206,2023-09-18,5.53,5.56,5.55,5.51,5.44,5.05,4.74,4.46,4.41,4.32,4.57,4.4
3207,2023-09-19,5.53,5.56,5.54,5.51,5.45,5.08,4.79,4.51,4.47,4.37,4.6,4.43
3208,2023-09-20,5.53,5.57,5.56,5.51,5.47,5.12,4.82,4.52,4.46,4.35,4.57,4.4
3209,2023-09-21,5.52,5.57,5.57,5.52,5.46,5.12,4.85,4.61,4.57,4.49,4.74,4.56
3210,2023-09-22,5.52,5.58,5.56,5.52,5.46,5.1,4.8,4.57,4.53,4.44,4.7,4.53
3211,2023-09-25,5.54,5.58,5.58,5.52,5.45,5.09,4.83,4.62,4.61,4.55,4.84,4.67
3212,2023-09-26,5.54,5.58,5.58,5.53,5.45,5.04,4.84,4.62,4.62,4.56,4.86,4.7
3213,2023-09-27,5.54,5.59,5.58,5.53,5.49,5.1,4.89,4.67,4.69,4.61,4.91,4.73
3214,2023-09-28,5.56,5.61,5.56,5.53,5.46,5.04,4.83,4.62,4.63,4.59,4.9,4.71
3215,2023-09-29,5.55,5.6,5.55,5.53,5.46,5.03,4.8,4.6,4.61,4.59,4.92,4.73
3216,2023-10-02,5.56,5.6,5.62,5.58,5.49,5.12,4.88,4.72,4.73,4.69,5.0,4.81
3217,2023-10-03,5.55,5.6,5.62,5.58,5.49,5.15,4.95,4.8,4.84,4.81,5.13,4.95
3218,2023-10-04,5.56,5.58,5.61,5.57,5.42,5.05,4.85,4.72,4.75,4.73,5.05,4.87
3219,2023-10-05,5.57,5.59,5.61,5.56,5.39,5.03,4.82,4.68,4.73,4.72,5.06,4.89
3220,2023-10-06,5.59,5.6,5.63,5.59,5.43,5.08,4.87,4.75,4.79,4.78,5.13,4.95
3221,2023-10-09,5.59,5.6,5.63,5.59,5.43,5.08,4.87,4.75,4.79,4.78,5.13,4.95
3222,2023-10-10,5.6,5.61,5.61,5.57,5.37,4.96,4.74,4.62,4.66,4.66,5.03,4.85
3223,2023-10-11,5.58,5.59,5.61,5.56,5.38,4.99,4.73,4.59,4.61,4.58,4.92,4.73
3224,2023-10-12,5.61,5.59,5.63,5.58,5.43,5.06,4.82,4.69,4.73,4.7,5.05,4.86
3225,2023-10-13,5.6,5.58,5.62,5.57,5.41,5.04,4.8,4.65,4.66,4.63,4.97,4.78
3226,2023-10-16,5.57,5.58,5.61,5.58,5.42,5.09,4.87,4.72,4.74,4.71,5.06,4.87
3227,2023-10-17,5.58,5.58,5.62,5.6,5.48,5.19,5.01,4.86,4.88,4.83,5.14,4.94
3228,2023-10-18,5.57,5.56,5.61,5.58,5.47,5.19,5.03,4.92,4.95,4.91,5.2,5.0
3229,2023-10-19,5.58,5.57,5.6,5.56,5.44,5.14,5.01,4.95,5.0,4.98,5.3,5.11
3230,2023-10-20,5.56,5.56,5.58,5.54,5.41,5.07,4.93,4.86,4.93,4.93,5.27,5.09
3231,2023-10-23,5.57,5.57,5.58,5.56,5.42,5.05,4.89,4.81,4.87,4.86,5.19,5.01
3232,2023-10-24,5.57,5.57,5.58,5.57,5.41,5.02,4.91,4.82,4.86,4.83,5.15,4.96
3233,2023-10-25,5.56,5.57,5.59,5.57,5.43,5.08,4.98,4.89,4.98,4.95,5.27,5.09
3234,2023-10-26,5.57,5.57,5.59,5.55,5.39,5.02,4.89,4.79,4.86,4.86,5.19,5.01
3235,2023-10-27,5.57,5.57,5.59,5.55,5.39,4.99,4.84,4.76,4.83,4.84,5.19,5.03
3236,2023-10-30,5.56,5.57,5.6,5.53,5.41,5.03,4.87,4.8,4.88,4.88,5.21,5.04
3237,2023-10-31,5.56,5.57,5.59,5.54,5.44,5.07,4.9,4.82,4.89,4.88,5.21,5.04
3238,2023-11-01,5.56,5.55,5.57,5.51,5.37,4.95,4.76,4.67,4.75,4.77,5.13,4.96
3239,2023-11-02,5.52,5.56,5.54,5.5,5.38,4.98,4.78,4.65,4.68,4.67,4.99,4.82
3240,2023-11-03,5.53,5.56,5.53,5.45,5.29,4.83,4.62,4.49,4.55,4.57,4.93,4.77
3241,2023-11-06,5.53,5.56,5.56,5.47,5.33,4.93,4.72,4.6,4.66,4.67,5.0,4.84
3242,2023-11-07,5.53,5.56,5.55,5.47,5.33,4.91,4.64,4.53,4.58,4.58,4.91,4.75
3243,2023-11-08,5.52,5.54,5.54,5.46,5.34,4.93,4.65,4.51,4.54,4.49,4.82,4.64
3244,2023-11-09,5.53,5.56,5.54,5.46,5.39,5.03,4.77,4.65,4.68,4.62,4.97,4.77
3245,2023-11-10,5.53,5.55,5.53,5.46,5.38,5.04,4.8,4.65,4.68,4.61,4.93,4.73
3246,2023-11-13,5.53,5.55,5.55,5.48,5.37,5.02,4.8,4.66,4.69,4.63,4.95,4.75
3247,2023-11-14,5.52,5.55,5.52,5.41,5.24,4.8,4.56,4.42,4.45,4.44,4.8,4.61
3248,2023-11-15,5.52,5.54,5.53,5.41,5.27,4.9,4.68,4.52,4.56,4.53,4.87,4.68
3249,2023-11-16,5.53,5.55,5.51,5.38,5.23,4.83,4.59,4.43,4.47,4.45,4.82,4.63
3250,2023-11-17,5.52,5.54,5.5,5.39,5.24,4.88,4.64,4.45,4.47,4.44,4.8,4.59
3251,2023-11-20,5.53,5.55,5.54,5.43,5.25,4.89,4.62,4.44,4.46,4.42,4.74,4.57
3252,2023-11-21,5.52,5.54,5.53,5.42,5.24,4.86,4.6,4.41,4.44,4.41,4.75,4.57
3253,2023-11-22,5.54,5.55,5.54,5.42,5.26,4.89,4.62,4.44,4.46,4.42,4.73,4.55
3254,2023-11-24,5.55,5.56,5.54,5.45,5.27,4.92,4.67,4.49,4.51,4.47,4.79,4.6
3255,2023-11-27,5.54,5.54,5.49,5.45,5.24,4.84,4.6,4.38,4.43,4.39,4.72,4.53
3256,2023-11-28,5.53,5.53,5.47,5.42,5.21,4.73,4.49,4.29,4.36,4.34,4.7,4.52
3257,2023-11-29,5.53,5.52,5.45,5.38,5.12,4.64,4.4,4.22,4.28,4.27,4.62,4.44
3258,2023-11-30,5.56,5.54,5.45,5.38,5.16,4.73,4.48,4.31,4.38,4.37,4.72,4.54
3259,2023-12-01,5.55,5.53,5.43,5.33,5.05,4.56,4.31,4.14,4.22,4.22,4.58,4.4
3260,2023-12-04,5.55,5.53,5.46,5.41,5.1,4.64,4.4,4.23,4.3,4.28,4.61,4.43
3261,2023-12-05,5.54,5.51,5.45,5.37,5.06,4.57,4.33,4.14,4.2,4.18,4.48,4.3
3262,2023-12-06,5.54,5.5,5.45,5.38,5.07,4.6,4.33,4.12,4.16,4.12,4.4,4.22
3263,2023-12-07,5.53,5.54,5.44,5.36,5.05,4.58,4.31,4.11,4.16,4.14,4.42,4.25
3264,2023-12-08,5.54,5.53,5.44,5.39,5.13,4.71,4.45,4.24,4.28,4.23,4.49,4.31
3265,2023-12-11,5.55,5.54,5.47,5.4,5.14,4.71,4.42,4.25,4.27,4.23,4.51,4.32
3266,2023-12-12,5.53,5.53,5.46,5.41,5.14,4.73,4.42,4.23,4.24,4.2,4.48,4.3
3267,2023-12-13,5.52,5.52,5.44,5.33,4.94,4.46,4.18,4.0,4.04,4.04,4.36,4.19
3268,2023-12-14,5.54,5.54,5.43,5.31,4.9,4.37,4.09,3.9,3.93,3.92,4.21,4.03
3269,2023-12-15,5.54,5.54,5.44,5.33,4.95,4.44,4.13,3.91,3.94,3.91,4.19,4.0
3270,2023-12-18,5.52,5.52,5.46,5.36,4.95,4.43,4.15,3.94,3.97,3.95,4.23,4.05
3271,2023-12-19,5.51,5.51,5.43,5.35,4.93,4.41,4.15,3.94,3.96,3.93,4.23,4.03
3272,2023-12-20,5.5,5.49,5.44,5.33,4.88,4.34,4.06,3.86,3.88,3.86,4.17,3.98
3273,2023-12-21,5.54,5.53,5.42,5.31,4.84,4.33,4.06,3.87,3.91,3.89,4.19,4.03
3274,2023-12-22,5.54,5.52,5.44,5.31,4.82,4.31,4.04,3.87,3.92,3.9,4.21,4.05
3275,2023-12-26,5.53,5.52,5.45,5.28,4.83,4.26,4.05,3.89,3.91,3.89,4.2,4.04
3276,2023-12-27,5.55,5.53,5.44,5.26,4.79,4.2,3.97,3.78,3.81,3.79,4.1,3.95
3277,2023-12-28,5.57,5.55,5.45,5.28,4.82,4.26,4.02,3.83,3.84,3.84,4.14,3.98
3278,2023-12-29,5.6,5.59,5.4,5.26,4.79,4.23,4.01,3.84,3.88,3.88,4.2,4.03
3279,2024-01-02,5.55,5.54,5.46,5.24,4.8,4.33,4.09,3.93,3.95,3.95,4.25,4.08
3280,2024-01-03,5.54,5.54,5.48,5.25,4.81,4.33,4.07,3.9,3.92,3.91,4.21,4.05
3281,2024-01-04,5.56,5.48,5.48,5.25,4.85,4.38,4.14,3.97,3.99,3.99,4.3,4.13
3282,2024-01-05,5.54,5.48,5.47,5.24,4.84,4.4,4.17,4.02,4.04,4.05,4.37,4.21
3283,2024-01-08,5.54,5.48,5.49,5.24,4.82,4.36,4.11,3.97,3.99,4.01,4.33,4.17
3284,2024-01-09,5.53,5.46,5.47,5.24,4.82,4.36,4.09,3.97,4.0,4.02,4.33,4.18
3285,2024-01-10,5.53,5.46,5.46,5.23,4.82,4.37,4.1,3.99,4.01,4.04,4.35,4.2
3286,2024-01-11,5.54,5.47,5.46,5.22,4.75,4.26,4.02,3.9,3.95,3.98,4.32,4.18
3287,2024-01-12,5.55,5.47,5.45,5.16,4.65,4.14,3.92,3.84,3.91,3.96,4.32,4.2
3288,2024-01-16,5.54,5.47,5.45,5.18,4.7,4.22,4.02,3.95,4.01,4.07,4.43,4.3
3289,2024-01-17,5.54,5.47,5.47,5.2,4.8,4.34,4.12,4.02,4.07,4.1,4.42,4.31
3290,2024-01-18,5.53,5.48,5.45,5.2,4.8,4.34,4.13,4.04,4.1,4.14,4.48,4.37
3291,2024-01-19,5.54,5.47,5.45,5.21,4.84,4.39,4.18,4.08,4.12,4.15,4.47,4.36
3292,2024-01-22,5.53,5.47,5.46,5.22,4.83,4.37,4.14,4.03,4.07,4.11,4.44,4.32
3293,2024-01-23,5.53,5.46,5.45,5.21,4.81,4.31,4.16,4.06,4.11,4.14,4.48,4.38
3294,2024-01-24,5.52,5.44,5.44,5.22,4.83,4.34,4.19,4.06,4.14,4.18,4.52,4.41
3295,2024-01-25,5.54,5.48,5.44,5.19,4.76,4.28,4.12,4.01,4.07,4.14,4.49,4.38
3296,2024-01-26,5.54,5.45,5.44,5.19,4.78,4.34,4.15,4.04,4.1,4.15,4.49,4.38
3297,2024-01-29,5.53,5.46,5.42,5.19,4.76,4.29,4.1,3.97,4.02,4.08,4.42,4.31
3298,2024-01-30,5.53,5.47,5.42,5.19,4.8,4.36,4.14,4.0,4.03,4.06,4.4,4.28
3299,2024-01-31,5.53,5.46,5.42,5.18,4.73,4.27,4.05,3.91,3.95,3.99,4.34,4.22
3300,2024-02-01,5.49,5.51,5.42,5.15,4.68,4.2,3.96,3.8,3.83,3.87,4.21,4.1
3301,2024-02-02,5.49,5.51,5.43,5.22,4.81,4.36,4.14,3.99,4.02,4.03,4.33,4.22
3302,2024-02-05,5.49,5.5,5.42,5.25,4.87,4.46,4.27,4.13,4.16,4.17,4.46,4.35
3303,2024-02-06,5.48,5.5,5.44,5.23,4.82,4.39,4.14,4.03,4.07,4.09,4.39,4.29
3304,2024-02-07,5.47,5.49,5.43,5.23,4.83,4.41,4.16,4.06,4.09,4.09,4.41,4.31
3305,2024-02-08,5.49,5.51,5.44,5.24,4.83,4.46,4.22,4.12,4.15,4.15,4.47,4.36
3306,2024-02-09,5.49,5.51,5.44,5.26,4.86,4.48,4.25,4.14,4.17,4.17,4.48,4.37
3307,2024-02-12,5.49,5.51,5.43,5.27,4.87,4.46,4.25,4.13,4.16,4.17,4.48,4.37
3308,2024-02-13,5.48,5.52,5.45,5.32,4.99,4.64,4.44,4.31,4.33,4.31,4.59,4.46
3309,2024-02-14,5.48,5.51,5.43,5.31,4.94,4.56,4.38,4.25,4.27,4.27,4.57,4.45
3310,2024-02-15,5.49,5.51,5.43,5.3,4.93,4.56,4.36,4.22,4.25,4.24,4.54,4.42
3311,2024-02-16,5.48,5.51,5.44,5.31,4.98,4.64,4.43,4.29,4.31,4.3,4.58,4.45
3312,2024-02-20,5.49,5.49,5.44,5.32,4.97,4.59,4.38,4.25,4.28,4.27,4.56,4.44
3313,2024-02-21,5.5,5.5,5.44,5.32,4.98,4.64,4.43,4.3,4.33,4.32,4.59,4.49
3314,2024-02-22,5.49,5.51,5.45,5.32,5.02,4.69,4.49,4.33,4.35,4.33,4.58,4.47
3315,2024-02-23,5.49,5.51,5.46,5.32,5.0,4.67,4.45,4.28,4.28,4.26,4.51,4.37
3316,2024-02-26,5.5,5.52,5.47,5.34,5.03,4.69,4.48,4.29,4.32,4.28,4.53,4.4
3317,2024-02-27,5.5,5.52,5.45,5.33,5.03,4.7,4.5,4.32,4.34,4.31,4.57,4.44
3318,2024-02-28,5.5,5.51,5.45,5.31,5.0,4.64,4.44,4.26,4.28,4.27,4.53,4.4
3319,2024-02-29,5.53,5.5,5.45,5.3,5.01,4.64,4.43,4.26,4.28,4.25,4.51,4.38
3320,2024-03-01,5.53,5.5,5.45,5.3,5.01,4.64,4.43,4.26,4.28,4.25,4.51,4.38
3321,2024-03-04,5.51,5.49,5.48,5.37,4.98,4.61,4.39,4.21,4.23,4.22,4.48,4.36
3322,2024-03-05,5.5,5.47,5.47,5.35,4.94,4.54,4.32,4.13,4.15,4.13,4.39,4.27
3323,2024-03-06,5.5,5.47,5.47,5.35,4.95,4.55,4.32,4.12,4.12,4.11,4.36,4.24
3324,2024-03-07,5.51,5.48,5.47,5.34,4.93,4.5,4.28,4.07,4.09,4.09,4.35,4.25
3325,2024-03-08,5.51,5.48,5.46,5.34,4.92,4.48,4.25,4.06,4.08,4.09,4.36,4.26
3326,2024-03-11,5.5,5.47,5.48,5.35,4.95,4.51,4.26,4.08,4.09,4.1,4.36,4.26
3327,2024-03-12,5.52,5.48,5.48,5.37,5.0,4.58,4.33,4.15,4.16,4.16,4.42,4.31
3328,2024-03-13,5.52,5.47,5.48,5.37,5.01,4.61,4.37,4.19,4.2,4.19,4.45,4.35
3329,2024-03-14,5.52,5.48,5.48,5.38,5.04,4.68,4.46,4.29,4.3,4.29,4.54,4.44
3330,2024-03-15,5.52,5.48,5.48,5.38,5.05,4.72,4.51,4.33,4.33,4.31,4.55,4.43
3331,2024-03-18,5.52,5.48,5.48,5.38,5.05,4.72,4.51,4.33,4.33,4.31,4.55,4.43
3332,2024-03-19,5.52,5.48,5.48,5.39,5.06,4.68,4.47,4.31,4.31,4.3,4.54,4.44
3333,2024-03-20,5.5,5.47,5.47,5.36,5.01,4.59,4.41,4.25,4.28,4.27,4.53,4.45
3334,2024-03-21,5.51,5.48,5.48,5.36,5.01,4.62,4.42,4.26,4.28,4.27,4.53,4.44
3335,2024-03-22,5.51,5.47,5.46,5.34,4.98,4.59,4.36,4.2,4.22,4.22,4.47,4.39
3336,2024-03-25,5.51,5.47,5.46,5.34,4.98,4.59,4.36,4.2,4.22,4.22,4.47,4.39
3337,2024-03-26,5.5,5.47,5.46,5.36,5.0,4.56,4.38,4.22,4.23,4.24,4.49,4.4
3338,2024-03-27,5.5,5.47,5.45,5.36,4.99,4.54,4.36,4.18,4.18,4.2,4.45,4.36
3339,2024-03-28,5.49,5.48,5.46,5.38,5.03,4.59,4.4,4.21,4.2,4.2,4.45,4.34
3340,2024-04-01,5.49,5.47,5.44,5.36,5.06,4.72,4.51,4.34,4.33,4.33,4.58,4.47
3341,2024-04-02,5.49,5.45,5.42,5.34,5.05,4.7,4.51,4.35,4.37,4.36,4.61,4.51
3342,2024-04-03,5.47,5.44,5.42,5.33,5.03,4.68,4.48,4.34,4.36,4.36,4.61,4.51
3343,2024-04-04,5.47,5.49,5.41,5.32,5.0,4.65,4.46,4.3,4.31,4.31,4.57,4.47
3344,2024-04-05,5.47,5.5,5.43,5.34,5.05,4.73,4.54,4.38,4.39,4.39,4.65,4.54
3345,2024-04-08,5.48,5.49,5.43,5.35,5.07,4.78,4.6,4.43,4.43,4.42,4.65,4.55
3346,2024-04-09,5.48,5.49,5.43,5.34,5.03,4.74,4.52,4.37,4.38,4.36,4.6,4.5
3347,2024-04-10,5.49,5.5,5.45,5.4,5.19,4.97,4.77,4.61,4.59,4.55,4.76,4.64
3348,2024-04-11,5.48,5.51,5.45,5.38,5.17,4.93,4.77,4.61,4.6,4.56,4.77,4.65
3349,2024-04-12,5.48,5.5,5.45,5.36,5.13,4.88,4.7,4.54,4.53,4.5,4.73,4.61
3350,2024-04-15,5.49,5.51,5.45,5.38,5.16,4.93,4.78,4.65,4.65,4.63,4.85,4.74
3351,2024-04-16,5.49,5.51,5.45,5.39,5.18,4.97,4.83,4.69,4.69,4.67,4.88,4.77
3352,2024-04-17,5.49,5.49,5.45,5.38,5.16,4.93,4.77,4.62,4.61,4.59,4.81,4.71
3353,2024-04-18,5.49,5.52,5.46,5.39,5.18,4.98,4.83,4.68,4.67,4.64,4.85,4.74
3354,2024-04-19,5.49,5.51,5.45,5.39,5.17,4.97,4.81,4.66,4.65,4.62,4.83,4.72
3355,2024-04-22,5.49,5.5,5.42,5.39,5.16,4.97,4.81,4.66,4.65,4.62,4.84,4.72
3356,2024-04-23,5.49,5.5,5.45,5.39,5.14,4.86,4.76,4.63,4.62,4.61,4.84,4.73
3357,2024-04-24,5.49,5.5,5.46,5.4,5.17,4.89,4.78,4.64,4.66,4.65,4.88,4.78
3358,2024-04-25,5.48,5.51,5.47,5.41,5.21,4.96,4.85,4.7,4.71,4.7,4.93,4.82
3359,2024-04-26,5.48,5.51,5.46,5.4,5.21,4.96,4.84,4.68,4.68,4.67,4.89,4.78
3360,2024-04-29,5.48,5.51,5.45,5.43,5.2,4.97,4.8,4.65,4.64,4.63,4.86,4.75
3361,2024-04-30,5.48,5.51,5.46,5.44,5.25,5.04,4.87,4.72,4.71,4.69,4.9,4.79
3362,2024-05-01,5.47,5.5,5.46,5.43,5.21,4.96,4.79,4.64,4.64,4.63,4.85,4.74
3363,2024-05-02,5.51,5.47,5.46,5.42,5.16,4.87,4.71,4.57,4.57,4.58,4.82,4.72
3364,2024-05-03,5.51,5.48,5.45,5.41,5.12,4.81,4.63,4.48,4.49,4.5,4.75,4.66
3365,2024-05-06,5.51,5.48,5.45,5.42,5.12,4.82,4.64,4.48,4.48,4.49,4.73,4.64
3366,2024-05-07,5.51,5.48,5.45,5.41,5.13,4.82,4.6,4.48,4.47,4.47,4.7,4.61
3367,2024-05-08,5.51,5.47,5.45,5.41,5.13,4.84,4.63,4.5,4.49,4.48,4.73,4.64
3368,2024-05-09,5.51,5.48,5.46,5.41,5.12,4.8,4.6,4.47,4.46,4.45,4.7,4.6
3369,2024-05-10,5.51,5.47,5.47,5.43,5.17,4.87,4.65,4.52,4.51,4.5,4.74,4.64
3370,2024-05-13,5.5,5.47,5.45,5.43,5.16,4.85,4.66,4.5,4.49,4.48,4.72,4.63
3371,2024-05-14,5.5,5.47,5.44,5.43,5.16,4.81,4.62,4.46,4.45,4.45,4.69,4.59
3372,2024-05-15,5.49,5.46,5.45,5.4,5.1,4.73,4.51,4.35,4.35,4.36,4.61,4.52
3373,2024-05-16,5.51,5.47,5.45,5.41,5.13,4.78,4.58,4.4,4.39,4.38,4.62,4.52
3374,2024-05-17,5.5,5.47,5.46,5.41,5.14,4.83,4.6,4.44,4.43,4.42,4.66,4.56
3375,2024-05-20,5.5,5.47,5.45,5.43,5.15,4.82,4.62,4.46,4.44,4.44,4.68,4.58
3376,2024-05-21,5.5,5.47,5.45,5.42,5.14,4.82,4.61,4.43,4.42,4.41,4.65,4.55
3377,2024-05-22,5.49,5.48,5.45,5.43,5.16,4.86,4.64,4.47,4.44,4.43,4.63,4.55
3378,2024-05-23,5.51,5.48,5.46,5.44,5.2,4.91,4.71,4.52,4.5,4.47,4.67,4.58
3379,2024-05-24,5.56,5.53,5.46,5.44,5.21,4.93,4.71,4.53,4.49,4.46,4.65,4.57
3380,2024-05-28,5.5,5.48,5.46,5.43,5.21,4.94,4.75,4.56,4.56,4.54,4.74,4.66
3381,2024-05-29,5.5,5.48,5.46,5.43,5.22,4.96,4.79,4.63,4.63,4.61,4.82,4.74
3382,2024-05-30,5.48,5.48,5.46,5.42,5.19,4.92,4.74,4.57,4.57,4.55,4.76,4.69
3383,2024-05-31,5.48,5.48,5.46,5.42,5.18,4.89,4.69,4.52,4.52,4.51,4.73,4.65
3384,2024-06-03,5.49,5.49,5.52,5.39,5.14,4.82,4.62,4.42,4.41,4.41,4.63,4.55
3385,2024-06-04,5.48,5.48,5.52,5.38,5.11,4.77,4.55,4.35,4.33,4.33,4.56,4.48
3386,2024-06-05,5.48,5.48,5.51,5.37,5.08,4.72,4.5,4.31,4.29,4.29,4.52,4.44
3387,2024-06-06,5.48,5.47,5.51,5.36,5.08,4.72,4.49,4.29,4.28,4.28,4.51,4.43
3388,2024-06-07,5.47,5.47,5.52,5.4,5.17,4.87,4.65,4.46,4.45,4.43,4.64,4.55
3389,2024-06-10,5.47,5.48,5.52,5.4,5.16,4.87,4.62,4.48,4.47,4.47,4.68,4.59
3390,2024-06-11,5.46,5.47,5.52,5.39,5.17,4.81,4.57,4.41,4.4,4.39,4.62,4.53
3391,2024-06-12,5.47,5.47,5.51,5.38,5.13,4.75,4.48,4.32,4.31,4.31,4.56,4.47
3392,2024-06-13,5.47,5.47,5.51,5.36,5.07,4.68,4.42,4.24,4.23,4.24,4.5,4.4
3393,2024-06-14,5.47,5.47,5.51,5.36,5.07,4.67,4.41,4.22,4.2,4.2,4.46,4.34
3394,2024-06-17,5.45,5.47,5.52,5.39,5.11,4.75,4.5,4.3,4.28,4.28,4.52,4.4
3395,2024-06-18,5.4,5.46,5.5,5.37,5.09,4.69,4.43,4.24,4.22,4.22,4.47,4.36
3396,2024-06-20,5.42,5.46,5.5,5.37,5.1,4.7,4.45,4.26,4.25,4.25,4.49,4.39
3397,2024-06-21,5.42,5.46,5.49,5.36,5.1,4.7,4.45,4.26,4.25,4.25,4.49,4.39
3398,2024-06-24,5.42,5.46,5.5,5.37,5.1,4.71,4.46,4.27,4.25,4.25,4.48,4.38
3399,2024-06-25,5.43,5.46,5.49,5.37,5.1,4.65,4.45,4.25,4.23,4.23,4.46,4.36
3400,2024-06-26,5.44,5.46,5.5,5.36,5.13,4.71,4.53,4.32,4.32,4.32,4.55,4.45
3401,2024-06-27,5.48,5.46,5.49,5.35,5.1,4.7,4.49,4.29,4.27,4.29,4.53,4.43
3402,2024-06-28,5.47,5.47,5.48,5.33,5.09,4.71,4.52,4.33,4.33,4.36,4.61,4.51
3403,2024-07-01,5.48,5.48,5.47,5.37,5.1,4.77,4.58,4.44,4.45,4.48,4.76,4.64
3404,2024-07-02,5.48,5.47,5.47,5.36,5.07,4.74,4.54,4.39,4.4,4.43,4.71,4.6
3405,2024-07-03,5.49,5.54,5.47,5.36,5.04,4.71,4.48,4.33,4.33,4.36,4.64,4.53
3406,2024-07-05,5.48,5.53,5.46,5.34,4.98,4.6,4.39,4.22,4.23,4.28,4.57,4.47
3407,2024-07-08,5.48,5.53,5.46,5.33,4.99,4.62,4.4,4.23,4.23,4.28,4.57,4.46
3408,2024-07-09,5.45,5.51,5.46,5.34,5.02,4.62,4.37,4.24,4.25,4.3,4.59,4.49
3409,2024-07-10,5.46,5.5,5.46,5.33,5.01,4.62,4.38,4.24,4.24,4.28,4.58,4.47
3410,2024-07-11,5.48,5.53,5.44,5.25,4.91,4.5,4.26,4.13,4.15,4.2,4.51,4.41
3411,2024-07-12,5.47,5.52,5.43,5.23,4.87,4.45,4.22,4.1,4.13,4.18,4.5,4.39
3412,2024-07-15,5.48,5.51,5.43,5.23,4.85,4.44,4.23,4.13,4.16,4.23,4.56,4.46
3413,2024-07-16,5.48,5.5,5.43,5.23,4.85,4.43,4.21,4.09,4.11,4.17,4.48,4.38
3414,2024-07-17,5.47,5.5,5.43,5.23,4.85,4.42,4.19,4.07,4.09,4.16,4.46,4.37
3415,2024-07-18,5.48,5.52,5.43,5.23,4.86,4.46,4.24,4.11,4.14,4.2,4.51,4.41
3416,2024-07-19,5.48,5.52,5.43,5.24,4.87,4.49,4.28,4.16,4.18,4.25,4.55,4.45
3417,2024-07-22,5.49,5.51,5.43,5.24,4.88,4.5,4.29,4.17,4.2,4.26,4.57,4.48
3418,2024-07-23,5.49,5.51,5.41,5.22,4.85,4.4,4.26,4.15,4.18,4.25,4.56,4.48
3419,2024-07-24,5.5,5.5,5.4,5.19,4.82,4.37,4.24,4.12,4.2,4.28,4.62,4.54
3420,2024-07-25,5.49,5.52,5.39,5.19,4.83,4.41,4.26,4.13,4.18,4.27,4.59,4.5
3421,2024-07-26,5.49,5.51,5.38,5.18,4.79,4.36,4.2,4.06,4.1,4.2,4.53,4.45
3422,2024-07-29,5.5,5.51,5.41,5.18,4.79,4.36,4.19,4.05,4.08,4.17,4.51,4.42
3423,2024-07-30,5.5,5.5,5.4,5.16,4.78,4.35,4.16,4.03,4.06,4.15,4.5,4.4
3424,2024-07-31,5.49,5.51,5.41,5.14,4.73,4.29,4.1,3.97,4.0,4.09,4.44,4.35
3425,2024-08-01,5.55,5.46,5.37,5.08,4.62,4.16,3.96,3.84,3.89,3.99,4.35,4.27
3426,2024-08-02,5.54,5.43,5.29,4.88,4.33,3.88,3.7,3.62,3.68,3.8,4.19,4.11
3427,2024-08-05,5.52,5.43,5.35,4.91,4.34,3.89,3.71,3.62,3.66,3.78,4.16,4.06
3428,2024-08-06,5.5,5.43,5.34,5.0,4.46,3.99,3.76,3.73,3.79,3.9,4.28,4.18
3429,2024-08-07,5.5,5.43,5.34,4.99,4.45,4.0,3.81,3.79,3.85,3.96,4.35,4.26
3430,2024-08-08,5.55,5.42,5.34,5.01,4.48,4.04,3.86,3.83,3.89,3.99,4.38,4.28
3431,2024-08-09,5.54,5.4,5.33,5.02,4.5,4.05,3.86,3.8,3.85,3.94,4.33,4.23
3432,2024-08-12,5.53,5.4,5.33,5.02,4.47,4.01,3.82,3.75,3.8,3.9,4.3,4.19
3433,2024-08-13,5.48,5.39,5.32,4.97,4.4,3.93,3.75,3.68,3.74,3.85,4.25,4.16
3434,2024-08-14,5.49,5.39,5.32,5.0,4.42,3.94,3.76,3.67,3.72,3.83,4.22,4.12
3435,2024-08-15,5.53,5.4,5.34,5.04,4.52,4.08,3.9,3.79,3.83,3.92,4.28,4.18
3436,2024-08-16,5.53,5.4,5.33,5.02,4.49,4.06,3.87,3.77,3.81,3.89,4.26,4.15
3437,2024-08-19,5.51,5.39,5.31,5.0,4.48,4.06,3.86,3.75,3.78,3.86,4.23,4.11
3438,2024-08-20,5.48,5.36,5.29,4.97,4.43,3.99,3.8,3.7,3.73,3.82,4.19,4.07
3439,2024-08-21,5.45,5.33,5.26,4.92,4.36,3.92,3.74,3.64,3.69,3.79,4.15,4.06
3440,2024-08-22,5.51,5.35,5.28,4.96,4.43,3.99,3.82,3.72,3.77,3.86,4.21,4.13
3441,2024-08-23,5.51,5.35,5.25,4.92,4.36,3.9,3.73,3.65,3.71,3.81,4.18,4.1
3442,2024-08-26,5.49,5.34,5.24,4.91,4.38,3.91,3.74,3.66,3.72,3.82,4.19,4.11
3443,2024-08-27,5.49,5.33,5.23,4.89,4.34,3.83,3.72,3.66,3.73,3.83,4.21,4.13
3444,2024-08-28,5.47,5.33,5.21,4.87,4.36,3.83,3.72,3.63,3.74,3.84,4.22,4.13
3445,2024-08-29,5.4,5.33,5.22,4.89,4.38,3.87,3.76,3.66,3.76,3.87,4.24,4.15
3446,2024-08-30,5.41,5.32,5.21,4.89,4.38,3.91,3.79,3.71,3.8,3.91,4.28,4.2
3447,2024-09-03,5.38,5.31,5.19,4.8,4.35,3.88,3.73,3.65,3.73,3.84,4.21,4.13
3448,2024-09-04,5.33,5.28,5.18,4.74,4.23,3.76,3.63,3.56,3.65,3.77,4.14,4.06
3449,2024-09-05,5.3,5.29,5.15,4.73,4.21,3.75,3.61,3.54,3.63,3.73,4.11,4.02
3450,2024-09-06,5.28,5.28,5.13,4.69,4.1,3.66,3.54,3.5,3.6,3.72,4.1,4.03
3451,2024-09-09,5.25,5.25,5.11,4.68,4.12,3.68,3.54,3.49,3.58,3.7,4.08,4.0
3452,2024-09-10,5.18,5.18,5.06,4.65,4.07,3.59,3.42,3.43,3.53,3.65,4.04,3.97
3453,2024-09-11,5.21,5.19,5.1,4.72,4.12,3.62,3.45,3.45,3.54,3.65,4.03,3.96
3454,2024-09-12,5.18,5.22,5.06,4.68,4.09,3.64,3.47,3.47,3.57,3.68,4.07,4.0
3455,2024-09-13,5.15,5.17,4.97,4.6,4.0,3.57,3.42,3.43,3.53,3.66,4.05,3.98
3456,2024-09-16,5.11,5.1,4.96,4.55,3.96,3.56,3.42,3.41,3.51,3.63,4.01,3.94
3457,2024-09-17,5.05,5.05,4.95,4.55,3.99,3.59,3.45,3.44,3.53,3.65,4.02,3.96
3458,2024-09-18,4.91,4.91,4.84,4.5,3.95,3.61,3.49,3.47,3.58,3.7,4.08,4.03
3459,2024-09-19,4.89,4.91,4.8,4.46,3.93,3.59,3.47,3.49,3.6,3.73,4.11,4.06
3460,2024-09-20,4.87,4.88,4.75,4.43,3.92,3.55,3.46,3.48,3.59,3.73,4.1,4.07
3461,2024-09-23,4.85,4.84,4.72,4.4,3.91,3.57,3.47,3.51,3.62,3.75,4.12,4.09
3462,2024-09-24,4.78,4.78,4.69,4.36,3.88,3.49,3.44,3.47,3.6,3.74,4.13,4.09
3463,2024-09-25,4.79,4.78,4.69,4.36,3.89,3.53,3.49,3.52,3.65,3.79,4.18,4.14
3464,2024-09-26,4.9,4.87,4.68,4.38,3.96,3.6,3.54,3.55,3.65,3.79,4.17,4.12
3465,2024-09-27,4.9,4.87,4.68,4.35,3.9,3.55,3.49,3.5,3.6,3.75,4.15,4.1
3466,2024-09-30,4.93,4.87,4.73,4.38,3.98,3.66,3.58,3.58,3.67,3.81,4.19,4.14
3467,2024-10-01,4.96,4.87,4.71,4.36,3.96,3.61,3.52,3.51,3.6,3.74,4.14,4.08
3468,2024-10-02,4.92,4.83,4.69,4.36,3.97,3.63,3.54,3.55,3.65,3.79,4.19,4.14
3469,2024-10-03,4.99,4.85,4.68,4.37,4.02,3.7,3.62,3.62,3.71,3.85,4.24,4.18
3470,2024-10-04,5.01,4.88,4.73,4.45,4.2,3.93,3.84,3.81,3.88,3.98,4.33,4.26
3471,2024-10-07,5.0,4.87,4.77,4.45,4.24,3.99,3.89,3.86,3.92,4.03,4.37,4.3
3472,2024-10-08,4.96,4.85,4.75,4.44,4.21,3.98,3.86,3.86,3.94,4.04,4.38,4.32
3473,2024-10-09,4.93,4.84,4.75,4.46,4.24,3.99,3.89,3.91,3.97,4.06,4.41,4.34
3474,2024-10-10,4.98,4.84,4.75,4.45,4.22,3.98,3.88,3.91,3.99,4.09,4.44,4.38
3475,2024-10-11,4.97,4.82,4.73,4.44,4.18,3.95,3.85,3.88,3.97,4.08,4.44,4.39
3476,2024-10-14,4.97,4.82,4.73,4.44,4.18,3.95,3.85,3.88,3.97,4.08,4.44,4.39
3477,2024-10-15,4.93,4.82,4.73,4.42,4.18,3.95,3.86,3.86,3.93,4.03,4.37,4.32
3478,2024-10-16,4.91,4.8,4.72,4.42,4.17,3.93,3.84,3.84,3.92,4.02,4.36,4.3
3479,2024-10-17,4.93,4.83,4.74,4.45,4.21,3.96,3.89,3.9,3.99,4.09,4.44,4.39
3480,2024-10-18,4.92,4.82,4.73,4.45,4.19,3.95,3.86,3.88,3.97,4.08,4.44,4.38
3481,2024-10-21,4.92,4.82,4.73,4.47,4.24,4.02,3.95,3.98,4.07,4.19,4.54,4.49
3482,2024-10-22,4.89,4.81,4.72,4.47,4.24,4.03,3.98,4.0,4.1,4.2,4.55,4.49
3483,2024-10-23,4.88,4.8,4.73,4.48,4.27,4.07,4.03,4.05,4.14,4.24,4.58,4.51
3484,2024-10-24,4.87,4.78,4.7,4.48,4.25,4.07,4.02,4.03,4.12,4.21,4.54,4.47
3485,2024-10-25,4.89,4.79,4.73,4.51,4.29,4.11,4.05,4.07,4.15,4.25,4.58,4.51
3486,2024-10-28,4.88,4.77,4.7,4.46,4.28,4.12,4.09,4.11,4.19,4.28,4.61,4.53
3487,2024-10-29,4.88,4.77,4.7,4.45,4.29,4.11,4.08,4.11,4.18,4.28,4.61,4.52
3488,2024-10-30,4.87,4.77,4.67,4.44,4.28,4.15,4.14,4.14,4.2,4.29,4.6,4.49
3489,2024-10-31,4.76,4.76,4.64,4.43,4.27,4.16,4.12,4.15,4.21,4.28,4.58,4.47
3490,2024-11-01,4.75,4.74,4.61,4.42,4.28,4.21,4.18,4.22,4.3,4.37,4.68,4.57
3491,2024-11-04,4.75,4.74,4.65,4.39,4.25,4.17,4.1,4.17,4.24,4.31,4.6,4.5
3492,2024-11-05,4.72,4.72,4.64,4.39,4.27,4.19,4.11,4.16,4.22,4.26,4.55,4.44
3493,2024-11-06,4.68,4.71,4.64,4.41,4.31,4.27,4.2,4.27,4.37,4.42,4.71,4.6
3494,2024-11-07,4.69,4.69,4.63,4.4,4.28,4.21,4.13,4.17,4.25,4.31,4.62,4.52
3495,2024-11-08,4.7,4.69,4.63,4.42,4.32,4.26,4.18,4.2,4.25,4.3,4.58,4.47
3496,2024-11-11,4.7,4.69,4.63,4.42,4.32,4.26,4.18,4.2,4.25,4.3,4.58,4.47
3497,2024-11-12,4.7,4.7,4.63,4.45,4.38,4.34,4.29,4.32,4.38,4.43,4.7,4.58
3498,2024-11-13,4.69,4.67,4.6,4.4,4.31,4.27,4.25,4.3,4.38,4.44,4.73,4.63
3499,2024-11-14,4.7,4.68,4.61,4.43,4.36,4.34,4.3,4.32,4.38,4.43,4.69,4.58
3500,2024-11-15,4.7,4.67,4.6,4.44,4.34,4.31,4.27,4.3,4.36,4.43,4.7,4.6
3501,2024-11-18,4.7,4.65,4.63,4.44,4.33,4.29,4.25,4.28,4.35,4.42,4.7,4.61
3502,2024-11-19,4.67,4.63,4.62,4.44,4.34,4.27,4.24,4.25,4.32,4.39,4.66,4.57
3503,2024-11-20,4.68,4.63,4.62,4.44,4.37,4.31,4.26,4.28,4.34,4.41,4.66,4.59
3504,2024-11-21,4.72,4.67,4.63,4.45,4.39,4.34,4.3,4.3,4.36,4.43,4.68,4.61
3505,2024-11-22,4.72,4.67,4.63,4.46,4.42,4.37,4.32,4.3,4.35,4.41,4.67,4.6
3506,2024-11-25,4.74,4.67,4.62,4.46,4.37,4.21,4.21,4.17,4.21,4.27,4.53,4.45
3507,2024-11-26,4.74,4.67,4.61,4.45,4.37,4.21,4.21,4.17,4.24,4.3,4.56,4.48
3508,2024-11-27,4.76,4.7,4.6,4.43,4.34,4.19,4.17,4.11,4.17,4.25,4.52,4.44
3509,2024-11-29,4.76,4.69,4.58,4.42,4.3,4.13,4.1,4.05,4.1,4.18,4.45,4.36
3510,2024-12-02,4.75,4.63,4.51,4.43,4.3,4.17,4.11,4.08,4.13,4.19,4.46,4.36
3511,2024-12-03,4.66,4.56,4.49,4.4,4.27,4.17,4.13,4.11,4.17,4.23,4.5,4.4
3512,2024-12-04,4.65,4.54,4.47,4.38,4.23,4.13,4.09,4.07,4.13,4.19,4.45,4.35
3513,2024-12-05,4.59,4.53,4.46,4.38,4.23,4.15,4.1,4.07,4.12,4.17,4.43,4.33
3514,2024-12-06,4.57,4.5,4.42,4.34,4.19,4.1,4.05,4.03,4.09,4.15,4.42,4.34
3515,2024-12-09,4.56,4.5,4.42,4.34,4.2,4.13,4.09,4.07,4.13,4.2,4.47,4.39
3516,2024-12-10,4.53,4.48,4.41,4.35,4.22,4.15,4.08,4.09,4.15,4.22,4.49,4.41
3517,2024-12-11,4.49,4.45,4.38,4.32,4.21,4.15,4.09,4.13,4.2,4.26,4.55,4.48
3518,2024-12-12,4.43,4.44,4.35,4.31,4.22,4.18,4.14,4.18,4.25,4.32,4.62,4.55
3519,2024-12-13,4.43,4.43,4.34,4.32,4.24,4.25,4.21,4.25,4.33,4.4,4.69,4.61
3520,2024-12-16,4.43,4.44,4.37,4.3,4.24,4.25,4.22,4.25,4.32,4.39,4.68,4.6
3521,2024-12-17,4.46,4.44,4.38,4.3,4.25,4.25,4.22,4.26,4.33,4.4,4.68,4.59
3522,2024-12-18,4.44,4.43,4.36,4.3,4.3,4.35,4.35,4.4,4.45,4.5,4.74,4.65
3523,2024-12-19,4.42,4.42,4.35,4.29,4.28,4.32,4.35,4.43,4.51,4.57,4.82,4.74
3524,2024-12-20,4.43,4.42,4.34,4.29,4.27,4.3,4.32,4.37,4.45,4.52,4.79,4.72
3525,2024-12-23,4.43,4.42,4.34,4.29,4.27,4.3,4.32,4.37,4.45,4.52,4.79,4.72
3526,2024-12-24,4.44,4.44,4.4,4.3,4.24,4.29,4.36,4.43,4.52,4.59,4.84,4.76
3527,2024-12-26,4.45,4.45,4.35,4.31,4.23,4.3,4.35,4.42,4.49,4.58,4.83,4.76
3528,2024-12-27,4.44,4.43,4.31,4.29,4.2,4.31,4.36,4.45,4.53,4.62,4.89,4.82
3529,2024-12-30,4.43,4.42,4.37,4.25,4.17,4.24,4.29,4.37,4.46,4.55,4.84,4.77
3530,2024-12-31,4.4,4.39,4.37,4.24,4.16,4.25,4.27,4.38,4.48,4.58,4.86,4.78
3531,2025-01-02,4.45,4.36,4.36,4.25,4.17,4.25,4.29,4.38,4.47,4.57,4.86,4.79
3532,2025-01-03,4.44,4.35,4.34,4.25,4.18,4.28,4.32,4.41,4.51,4.6,4.88,4.82
3533,2025-01-06,4.43,4.36,4.35,4.24,4.17,4.28,4.3,4.42,4.52,4.62,4.91,4.85
3534,2025-01-07,4.42,4.35,4.35,4.24,4.19,4.3,4.33,4.46,4.57,4.67,4.97,4.91
3535,2025-01-08,4.41,4.34,4.35,4.25,4.19,4.28,4.31,4.45,4.56,4.67,4.97,4.91
3536,2025-01-10,4.42,4.35,4.36,4.27,4.25,4.4,4.46,4.59,4.7,4.77,5.04,4.96
3537,2025-01-13,4.42,4.36,4.37,4.3,4.24,4.4,4.49,4.61,4.71,4.79,5.05,4.97
3538,2025-01-14,4.42,4.35,4.36,4.29,4.22,4.37,4.46,4.59,4.7,4.78,5.06,4.98
3539,2025-01-15,4.4,4.34,4.35,4.26,4.19,4.27,4.34,4.45,4.55,4.66,4.95,4.88
3540,2025-01-16,4.43,4.36,4.34,4.26,4.18,4.23,4.29,4.39,4.5,4.61,4.91,4.84
3541,2025-01-17,4.43,4.35,4.34,4.28,4.21,4.27,4.33,4.42,4.52,4.61,4.91,4.84
3542,2025-01-21,4.42,4.35,4.36,4.28,4.21,4.29,4.33,4.4,4.49,4.57,4.87,4.8
3543,2025-01-22,4.42,4.35,4.36,4.28,4.2,4.29,4.34,4.43,4.51,4.6,4.89,4.82
3544,2025-01-23,4.45,4.36,4.36,4.27,4.18,4.29,4.35,4.45,4.55,4.65,4.92,4.87
3545,2025-01-24,4.45,4.36,4.35,4.25,4.17,4.27,4.33,4.43,4.53,4.63,4.91,4.85
3546,2025-01-27,4.44,4.36,4.32,4.25,4.13,4.17,4.24,4.32,4.43,4.53,4.82,4.76
3547,2025-01-28,4.44,4.35,4.31,4.26,4.14,4.19,4.25,4.33,4.43,4.55,4.84,4.78
3548,2025-01-29,4.43,4.34,4.31,4.27,4.17,4.21,4.27,4.35,4.44,4.55,4.85,4.79
3549,2025-01-30,4.37,4.38,4.3,4.27,4.16,4.18,4.24,4.31,4.41,4.52,4.81,4.76
3550,2025-01-31,4.37,4.37,4.31,4.28,4.17,4.22,4.27,4.36,4.47,4.58,4.88,4.83
3551,2025-02-03,4.37,4.38,4.34,4.28,4.2,4.26,4.28,4.35,4.45,4.54,4.82,4.77
3552,2025-02-04,4.36,4.38,4.33,4.27,4.18,4.21,4.25,4.31,4.42,4.52,4.81,4.75
3553,2025-02-05,4.35,4.37,4.33,4.27,4.17,4.17,4.19,4.24,4.33,4.43,4.69,4.64
3554,2025-02-06,4.37,4.38,4.34,4.28,4.19,4.21,4.23,4.28,4.36,4.45,4.7,4.65
3555,2025-02-07,4.37,4.38,4.35,4.3,4.25,4.29,4.31,4.34,4.42,4.49,4.75,4.69
3556,2025-02-10,4.38,4.4,4.35,4.31,4.24,4.28,4.3,4.34,4.42,4.51,4.76,4.71
3557,2025-02-11,4.38,4.4,4.35,4.31,4.25,4.29,4.28,4.37,4.45,4.54,4.8,4.75
3558,2025-02-12,4.38,4.39,4.35,4.33,4.3,4.36,4.37,4.48,4.56,4.62,4.9,4.83
3559,2025-02-13,4.37,4.39,4.34,4.33,4.27,4.31,4.31,4.39,4.46,4.52,4.79,4.72
3560,2025-02-14,4.37,4.38,4.34,4.32,4.23,4.26,4.26,4.33,4.41,4.47,4.75,4.69
3561,2025-02-18,4.38,4.38,4.34,4.34,4.24,4.29,4.33,4.4,4.48,4.55,4.83,4.77
3562,2025-02-19,4.38,4.38,4.34,4.34,4.22,4.28,4.3,4.37,4.46,4.53,4.79,4.76
3563,2025-02-20,4.37,4.38,4.33,4.33,4.2,4.28,4.27,4.34,4.43,4.5,4.77,4.74
3564,2025-02-21,4.36,4.38,4.32,4.3,4.15,4.19,4.19,4.26,4.35,4.42,4.69,4.67
3565,2025-02-24,4.36,4.37,4.31,4.3,4.15,4.13,4.17,4.23,4.32,4.4,4.69,4.66
3566,2025-02-25,4.34,4.37,4.3,4.28,4.12,4.07,4.08,4.12,4.21,4.3,4.59,4.55
3567,2025-02-26,4.35,4.37,4.31,4.28,4.12,4.05,4.04,4.06,4.16,4.25,4.55,4.51
3568,2025-02-27,4.38,4.38,4.32,4.28,4.13,4.07,4.05,4.09,4.19,4.29,4.59,4.56
3569,2025-02-28,4.38,4.38,4.32,4.25,4.08,3.99,3.99,4.03,4.14,4.24,4.55,4.51
3570,2025-03-03,4.38,4.37,4.35,4.31,4.06,3.96,3.93,3.97,4.06,4.16,4.49,4.45
3571,2025-03-04,4.39,4.37,4.34,4.28,4.04,3.96,3.94,4.01,4.11,4.22,4.56,4.53
3572,2025-03-05,4.38,4.36,4.35,4.3,4.06,3.99,4.01,4.08,4.18,4.28,4.61,4.57
3573,2025-03-06,4.38,4.34,4.34,4.27,4.02,3.96,3.98,4.06,4.18,4.29,4.63,4.58
3574,2025-03-07,4.38,4.33,4.34,4.29,4.05,3.99,4.01,4.09,4.21,4.32,4.66,4.62
3575,2025-03-10,4.37,4.34,4.33,4.25,3.98,3.89,3.91,3.98,4.1,4.22,4.58,4.54
3576,2025-03-11,4.37,4.33,4.34,4.26,4.03,3.94,3.92,4.03,4.16,4.28,4.63,4.59
3577,2025-03-12,4.36,4.34,4.35,4.27,4.07,4.01,3.98,4.09,4.2,4.32,4.67,4.63
3578,2025-03-13,4.37,4.34,4.34,4.27,4.03,3.94,3.93,4.02,4.15,4.27,4.63,4.59
3579,2025-03-14,4.37,4.33,4.33,4.29,4.09,4.02,4.0,4.09,4.2,4.31,4.65,4.62
3580,2025-03-17,4.37,4.33,4.34,4.29,4.11,4.06,4.03,4.11,4.21,4.31,4.64,4.6
3581,2025-03-18,4.37,4.33,4.34,4.29,4.13,4.04,4.01,4.07,4.18,4.29,4.61,4.58
3582,2025-03-19,4.37,4.32,4.33,4.29,4.1,3.99,3.95,4.03,4.14,4.25,4.58,4.56
3583,2025-03-20,4.36,4.34,4.33,4.27,4.06,3.95,3.93,4.01,4.12,4.24,4.57,4.55
3584,2025-03-21,4.36,4.33,4.33,4.26,4.04,3.94,3.92,4.0,4.12,4.25,4.6,4.59
3585,2025-03-24,4.35,4.34,4.33,4.27,4.11,4.04,4.01,4.09,4.22,4.34,4.68,4.66
3586,2025-03-25,4.36,4.33,4.33,4.26,4.09,3.96,3.98,4.07,4.19,4.31,4.67,4.65
3587,2025-03-26,4.36,4.33,4.33,4.26,4.1,3.98,4.01,4.08,4.22,4.35,4.71,4.69
3588,2025-03-27,4.37,4.36,4.33,4.27,4.1,3.97,4.0,4.09,4.23,4.38,4.75,4.73
3589,2025-03-28,4.38,4.35,4.33,4.26,4.04,3.89,3.91,3.98,4.11,4.27,4.65,4.64
3590,2025-03-31,4.38,4.35,4.32,4.23,4.03,3.89,3.89,3.96,4.09,4.23,4.62,4.59
3591,2025-04-01,4.38,4.35,4.32,4.23,4.01,3.87,3.85,3.91,4.03,4.17,4.56,4.52
3592,2025-04-02,4.38,4.34,4.32,4.24,4.04,3.91,3.89,3.95,4.07,4.2,4.58,4.54
3593,2025-04-03,4.36,4.38,4.31,4.2,3.92,3.71,3.68,3.75,3.88,4.06,4.51,4.49
3594,2025-04-04,4.36,4.36,4.28,4.14,3.86,3.68,3.66,3.72,3.84,4.01,4.44,4.41
3595,2025-04-07,4.36,4.36,4.29,4.14,3.86,3.73,3.72,3.82,3.97,4.15,4.61,4.58
3596,2025-04-08,4.36,4.37,4.31,4.14,3.83,3.71,3.71,3.88,4.05,4.26,4.76,4.71
3597,2025-04-09,4.36,4.37,4.35,4.23,4.03,3.91,3.91,4.06,4.2,4.34,4.78,4.72
3598,2025-04-10,4.36,4.39,4.34,4.17,3.97,3.84,3.85,4.04,4.21,4.4,4.9,4.86
3599,2025-04-11,4.37,4.38,4.34,4.21,4.04,3.96,3.98,4.15,4.32,4.48,4.91,4.85
3600,2025-04-14,4.34,4.37,4.33,4.21,3.99,3.84,3.87,4.02,4.2,4.38,4.84,4.8
3601,2025-04-15,4.35,4.36,4.33,4.21,3.99,3.84,3.85,3.98,4.15,4.35,4.82,4.79
3602,2025-04-16,4.35,4.35,4.33,4.2,3.96,3.77,3.77,3.91,4.08,4.29,4.77,4.74
3603,2025-04-17,4.36,4.38,4.34,4.22,3.99,3.81,3.82,3.95,4.13,4.34,4.82,4.8
3604,2025-04-21,4.35,4.37,4.34,4.21,3.95,3.75,3.77,3.97,4.19,4.42,4.94,4.91
3605,2025-04-22,4.33,4.35,4.33,4.21,3.98,3.76,3.82,3.98,4.19,4.41,4.9,4.88
3606,2025-04-23,4.33,4.34,4.33,4.22,4.01,3.81,3.87,4.0,4.2,4.4,4.86,4.83
3607,2025-04-24,4.34,4.37,4.32,4.22,3.97,3.77,3.8,3.91,4.11,4.32,4.79,4.77
3608,2025-04-25,4.34,4.36,4.32,4.22,3.95,3.74,3.76,3.88,4.06,4.29,4.75,4.74
3609,2025-04-28,4.35,4.37,4.32,4.22,3.92,3.67,3.67,3.81,4.01,4.23,4.71,4.69
3610,2025-04-29,4.35,4.36,4.31,4.2,3.89,3.65,3.65,3.77,3.96,4.19,4.66,4.64
3611,2025-04-30,4.35,4.36,4.31,4.19,3.85,3.6,3.58,3.72,3.93,4.17,4.68,4.66
3612,2025-05-01,4.38,4.34,4.31,4.22,3.92,3.7,3.69,3.81,4.02,4.25,4.75,4.74
3613,2025-05-02,4.38,4.34,4.33,4.26,4.0,3.83,3.82,3.92,4.11,4.33,4.81,4.79
3614,2025-05-05,4.38,4.34,4.33,4.27,4.02,3.83,3.78,3.95,4.14,4.36,4.84,4.83
3615,2025-05-06,4.37,4.33,4.33,4.25,3.98,3.78,3.73,3.9,4.1,4.3,4.82,4.81
3616,2025-05-07,4.37,4.33,4.34,4.27,4.0,3.78,3.72,3.87,4.06,4.26,4.78,4.77
3617,2025-05-08,4.37,4.35,4.34,4.28,4.05,3.9,3.85,4.0,4.18,4.37,4.86,4.83
3618,2025-05-09,4.37,4.34,4.34,4.28,4.05,3.88,3.85,4.0,4.18,4.37,4.86,4.83
3619,2025-05-12,4.38,4.36,4.42,4.29,4.11,3.98,3.97,4.09,4.27,4.45,4.92,4.89
3620,2025-05-13,4.39,4.35,4.41,4.29,4.11,4.02,4.0,4.12,4.3,4.49,4.97,4.94
3621,2025-05-14,4.39,4.36,4.41,4.3,4.14,4.05,4.05,4.17,4.35,4.53,5.0,4.97
3622,2025-05-15,4.37,4.35,4.38,4.29,4.1,3.96,3.95,4.07,4.25,4.45,4.93,4.91
3623,2025-05-16,4.37,4.34,4.37,4.3,4.13,3.98,3.95,4.06,4.24,4.43,4.92,4.89
3624,2025-05-19,4.37,4.35,4.39,4.32,4.12,3.97,3.95,4.07,4.26,4.46,4.95,4.92
3625,2025-05-20,4.36,4.34,4.38,4.32,4.12,3.97,3.95,4.07,4.27,4.48,4.99,4.96
3626,2025-05-21,4.35,4.34,4.36,4.33,4.13,4.0,4.0,4.15,4.37,4.58,5.08,5.08
3627,2025-05-22,4.37,4.35,4.37,4.34,4.13,4.0,3.99,4.11,4.32,4.54,5.05,5.05
3628,2025-05-23,4.36,4.35,4.36,4.35,4.15,4.0,3.96,4.08,4.29,4.51,5.03,5.04
3629,2025-05-27,4.35,4.35,4.35,4.35,4.14,3.92,3.93,4.04,4.22,4.43,4.95,4.94
3630,2025-05-28,4.35,4.35,4.35,4.36,4.16,3.96,3.95,4.05,4.27,4.47,4.99,4.97
3631,2025-05-29,4.34,4.35,4.36,4.36,4.13,3.92,3.91,4.0,4.2,4.43,4.94,4.92
3632,2025-05-30,4.33,4.35,4.36,4.36,4.11,3.89,3.87,3.96,4.18,4.41,4.93,4.92
3633,2025-06-02,4.33,4.36,4.44,4.31,4.12,3.94,3.91,4.01,4.22,4.46,5.0,4.99
3634,2025-06-03,4.33,4.35,4.43,4.31,4.12,3.96,3.93,4.04,4.23,4.46,5.0,4.98
3635,2025-06-04,4.32,4.35,4.44,4.29,4.06,3.87,3.84,3.93,4.14,4.37,4.9,4.89
3636,2025-06-05,4.26,4.35,4.44,4.29,4.08,3.92,3.9,3.99,4.18,4.4,4.9,4.88
3637,2025-06-06,4.28,4.35,4.43,4.31,4.14,4.04,4.02,4.13,4.31,4.51,4.99,4.97
3638,2025-06-09,4.29,4.36,4.44,4.32,4.13,4.01,3.99,4.09,4.28,4.49,4.98,4.95
3639,2025-06-10,4.29,4.37,4.45,4.32,4.12,4.01,3.95,4.08,4.27,4.47,4.96,4.93
3640,2025-06-11,4.3,4.39,4.45,4.31,4.08,3.94,3.89,4.02,4.21,4.41,4.93,4.91
3641,2025-06-12,4.18,4.49,4.46,4.29,4.06,3.9,3.85,3.97,4.15,4.36,4.86,4.84
3642,2025-06-13,4.23,4.48,4.45,4.3,4.09,3.96,3.9,4.02,4.2,4.41,4.93,4.9
3643,2025-06-16,4.24,4.47,4.43,4.32,4.1,3.97,3.93,4.04,4.23,4.46,4.97,4.96
3644,2025-06-17,4.23,4.46,4.42,4.31,4.1,3.94,3.9,3.99,4.17,4.39,4.89,4.88
3645,2025-06-18,4.2,4.58,4.42,4.33,4.1,3.94,3.89,3.98,4.17,4.38,4.89,4.88
3646,2025-06-20,4.2,4.55,4.39,4.29,4.07,3.9,3.86,3.96,4.16,4.38,4.9,4.89
3647,2025-06-23,4.2,4.52,4.38,4.28,4.0,3.84,3.8,3.91,4.1,4.34,4.87,4.87
3648,2025-06-24,4.21,4.44,4.38,4.27,3.99,3.75,3.75,3.86,4.06,4.3,4.83,4.83
3649,2025-06-25,4.21,4.43,4.38,4.26,3.99,3.74,3.74,3.83,4.05,4.29,4.83,4.83
3650,2025-06-26,4.11,4.49,4.39,4.26,3.96,3.7,3.68,3.79,4.0,4.26,4.81,4.81
3651,2025-06-27,4.19,4.49,4.39,4.26,3.97,3.73,3.72,3.83,4.03,4.29,4.85,4.85
3652,2025-06-30,4.28,4.45,4.41,4.29,3.96,3.72,3.68,3.79,3.98,4.24,4.79,4.78
3653,2025-07-01,4.32,4.42,4.4,4.29,3.98,3.78,3.75,3.84,4.03,4.26,4.79,4.78
3654,2025-07-02,4.33,4.43,4.41,4.28,3.99,3.78,3.77,3.87,4.06,4.3,4.84,4.82
3655,2025-07-03,4.35,4.5,4.42,4.34,4.07,3.88,3.84,3.94,4.12,4.35,4.87,4.86
3656,2025-07-07,4.37,4.45,4.42,4.33,4.08,3.9,3.85,3.96,4.16,4.4,4.93,4.92
3657,2025-07-08,4.36,4.46,4.42,4.34,4.11,3.9,3.86,3.99,4.18,4.42,4.95,4.94
3658,2025-07-09,4.36,4.45,4.42,4.31,4.07,3.86,3.8,3.92,4.11,4.34,4.87,4.87
3659,2025-07-10,4.36,4.47,4.42,4.31,4.07,3.86,3.82,3.93,4.12,4.35,4.87,4.86
3660,2025-07-11,4.37,4.47,4.41,4.31,4.09,3.9,3.86,3.99,4.19,4.43,4.96,4.96
3661,2025-07-14,4.37,4.46,4.42,4.31,4.08,3.9,3.86,3.98,4.19,4.43,4.97,4.97
3662,2025-07-15,4.36,4.46,4.42,4.33,4.12,3.95,3.93,4.05,4.26,4.5,5.02,5.01
3663,2025-07-16,4.36,4.45,4.41,4.31,4.08,3.88,3.86,3.99,4.21,4.46,5.01,5.01
3664,2025-07-17,4.36,4.47,4.41,4.31,4.1,3.91,3.89,4.01,4.22,4.47,5.01,5.01
3665,2025-07-18,4.35,4.46,4.4,4.3,4.08,3.88,3.84,3.96,4.18,4.44,4.99,5.0
3666,2025-07-21,4.35,4.46,4.41,4.3,4.06,3.85,3.81,3.91,4.13,4.38,4.93,4.94
3667,2025-07-22,4.37,4.45,4.41,4.3,4.05,3.83,3.77,3.88,4.09,4.35,4.9,4.9
3668,2025-07-23,4.37,4.45,4.41,4.31,4.08,3.88,3.84,3.94,4.15,4.4,4.93,4.95
3669,2025-07-24,4.37,4.46,4.42,4.32,4.1,3.91,3.87,3.98,4.18,4.43,4.95,4.96
3670,2025-07-25,4.37,4.46,4.42,4.31,4.09,3.91,3.86,3.95,4.15,4.4,4.92,4.92
3671,2025-07-28,4.4,4.45,4.4,4.3,4.09,3.91,3.87,3.96,4.18,4.42,4.95,4.96
3672,2025-07-29,4.4,4.45,4.4,4.28,4.07,3.86,3.82,3.9,4.1,4.34,4.86,4.86
3673,2025-07-30,4.41,4.45,4.41,4.31,4.12,3.94,3.89,3.96,4.15,4.38,4.9,4.89
3674,2025-07-31,4.49,4.46,4.41,4.31,4.1,3.94,3.89,3.96,4.14,4.37,4.89,4.89
3675,2025-08-01,4.49,4.44,4.35,4.16,3.87,3.69,3.67,3.77,3.97,4.23,4.79,4.81
3676,2025-08-04,4.48,4.43,4.35,4.15,3.82,3.69,3.66,3.75,3.95,4.22,4.78,4.8
3677,2025-08-05,4.49,4.41,4.34,4.16,3.92,3.72,3.63,3.77,3.97,4.22,4.77,4.78
3678,2025-08-06,4.48,4.4,4.32,4.15,3.9,3.69,3.63,3.77,3.97,4.22,4.8,4.81
3679,2025-08-07,4.49,4.41,4.32,4.15,3.92,3.72,3.66,3.79,3.99,4.23,4.81,4.81
3680,2025-08-08,4.48,4.39,4.32,4.15,3.93,3.76,3.7,3.84,4.03,4.27,4.84,4.85
3681,2025-08-11,4.46,4.38,4.34,4.15,3.93,3.76,3.71,3.83,4.03,4.27,4.83,4.84
3682,2025-08-12,4.44,4.35,4.33,4.12,3.9,3.72,3.69,3.83,4.03,4.29,4.87,4.88
3683,2025-08-13,4.44,4.32,4.29,4.09,3.86,3.67,3.64,3.77,3.98,4.24,4.81,4.83
3684,2025-08-14,4.48,4.36,4.3,4.12,3.91,3.74,3.7,3.82,4.03,4.29,4.86,4.88
3685,2025-08-15,4.48,4.35,4.3,4.12,3.93,3.75,3.73,3.85,4.07,4.33,4.91,4.92
3686,2025-08-18,4.47,4.35,4.33,4.13,3.93,3.77,3.73,3.86,4.07,4.34,4.92,4.94
3687,2025-08-19,4.46,4.35,4.3,4.11,3.91,3.75,3.7,3.82,4.04,4.3,4.89,4.9
3688,2025-08-20,4.45,4.35,4.3,4.11,3.9,3.74,3.69,3.81,4.02,4.29,4.86,4.89
3689,2025-08-21,4.49,4.39,4.32,4.14,3.95,3.79,3.75,3.86,4.07,4.33,4.89,4.92
3690,2025-08-22,4.47,4.36,4.27,4.08,3.87,3.68,3.64,3.76,3.98,4.26,4.84,4.88
3691,2025-08-25,4.45,4.35,4.29,4.08,3.88,3.73,3.68,3.8,4.01,4.28,4.86,4.89
3692,2025-08-26,4.42,4.34,4.28,4.06,3.85,3.61,3.63,3.75,3.98,4.26,4.86,4.9
3693,2025-08-27,4.42,4.3,4.26,4.04,3.83,3.59,3.59,3.69,3.95,4.24,4.87,4.91
3694,2025-08-28,4.42,4.31,4.26,4.04,3.85,3.62,3.6,3.69,3.92,4.22,4.83,4.88
3695,2025-08-29,4.41,4.3,4.23,4.01,3.83,3.59,3.58,3.68,3.92,4.23,4.86,4.92
3696,2025-09-02,4.41,4.3,4.23,4.01,3.83,3.59,3.58,3.68,3.92,4.23,4.86,4.92
3697,2025-09-03,4.35,4.26,4.18,3.96,3.77,3.61,3.58,3.69,3.92,4.22,4.85,4.9
3698,2025-09-04,4.33,4.28,4.16,3.94,3.76,3.59,3.55,3.65,3.87,4.17,4.81,4.86
3699,2025-09-05,4.29,4.24,4.07,3.85,3.65,3.51,3.48,3.59,3.8,4.1,4.72,4.78
3700,2025-09-08,4.26,4.21,4.1,3.84,3.64,3.49,3.47,3.57,3.77,4.05,4.65,4.69
3701,2025-09-09,4.25,4.22,4.1,3.85,3.68,3.54,3.48,3.61,3.81,4.08,4.68,4.72
3702,2025-09-10,4.23,4.2,4.09,3.83,3.66,3.54,3.47,3.59,3.78,4.04,4.65,4.69
3703,2025-09-11,4.22,4.18,4.08,3.82,3.63,3.52,3.47,3.59,3.76,4.01,4.61,4.65
3704,2025-09-12,4.24,4.2,4.08,3.83,3.66,3.56,3.52,3.63,3.81,4.06,4.65,4.68
3705,2025-09-15,4.22,4.17,4.06,3.81,3.64,3.54,3.5,3.61,3.79,4.05,4.63,4.66
3706,2025-09-16,4.2,4.15,4.04,3.81,3.62,3.51,3.47,3.59,3.78,4.04,4.61,4.65
3707,2025-09-17,4.17,4.11,4.02,3.8,3.6,3.52,3.51,3.62,3.81,4.06,4.62,4.66
3708,2025-09-18,4.2,4.14,4.03,3.81,3.61,3.57,3.55,3.67,3.86,4.11,4.68,4.72
3709,2025-09-19,4.19,4.14,4.03,3.81,3.6,3.57,3.56,3.68,3.88,4.14,4.71,4.75
3710,2025-09-22,4.17,4.13,4.0,3.81,3.61,3.61,3.59,3.71,3.9,4.15,4.73,4.77
3711,2025-09-23,4.16,4.12,4.0,3.81,3.61,3.53,3.57,3.68,3.87,4.12,4.7,4.73
3712,2025-09-24,4.18,4.13,4.02,3.82,3.63,3.57,3.6,3.7,3.91,4.16,4.73,4.76
3713,2025-09-25,4.24,4.18,4.04,3.85,3.68,3.64,3.66,3.75,3.94,4.18,4.73,4.75
3714,2025-09-26,4.22,4.17,4.02,3.83,3.67,3.63,3.66,3.76,3.96,4.2,4.74,4.77
3715,2025-09-29,4.22,4.16,4.04,3.84,3.65,3.63,3.63,3.74,3.92,4.15,4.69,4.71
3716,2025-09-30,4.2,4.15,4.02,3.83,3.68,3.6,3.61,3.74,3.93,4.16,4.71,4.73
3717,2025-10-01,4.17,4.12,4.01,3.8,3.62,3.55,3.56,3.68,3.88,4.12,4.69,4.72
3718,2025-10-02,4.23,4.11,4.02,3.81,3.62,3.55,3.56,3.67,3.86,4.1,4.66,4.69
3719,2025-10-03,4.24,4.11,4.03,3.82,3.64,3.58,3.59,3.72,3.9,4.13,4.69,4.71
3720,2025-10-06,4.22,4.11,4.02,3.81,3.66,3.6,3.63,3.75,3.95,4.18,4.73,4.76
3721,2025-10-07,4.2,4.1,4.01,3.81,3.65,3.57,3.56,3.71,3.9,4.14,4.7,4.73
3722,2025-10-08,4.2,4.09,4.01,3.82,3.66,3.58,3.58,3.72,3.91,4.13,4.69,4.72
3723,2025-10-09,4.2,4.11,4.03,3.83,3.66,3.6,3.59,3.74,3.92,4.14,4.7,4.72
3724,2025-10-10,4.19,4.1,4.02,3.81,3.6,3.52,3.52,3.65,3.83,4.05,4.6,4.63
3725,2025-10-13,4.19,4.1,4.02,3.81,3.6,3.52,3.52,3.65,3.83,4.05,4.6,4.63
3726,2025-10-14,4.19,4.08,4.02,3.8,3.58,3.48,3.47,3.6,3.79,4.03,4.59,4.62
3727,2025-10-15,4.2,4.09,4.03,3.82,3.61,3.5,3.51,3.63,3.82,4.05,4.61,4.64
3728,2025-10-16,4.2,4.1,4.02,3.79,3.54,3.41,3.42,3.55,3.74,3.99,4.56,4.58
3729,2025-10-17,4.18,4.08,4.0,3.79,3.56,3.46,3.47,3.59,3.78,4.02,4.58,4.6
3730,2025-10-20,4.15,4.05,3.97,3.78,3.55,3.46,3.47,3.58,3.77,4.0,4.56,4.58
3731,2025-10-21,4.12,4.05,3.96,3.78,3.56,3.45,3.46,3.56,3.74,3.98,4.53,4.55
3732,2025-10-22,4.11,4.04,3.96,3.78,3.55,3.45,3.44,3.56,3.74,3.97,4.52,4.54
3733,2025-10-23,4.12,4.05,3.95,3.78,3.59,3.48,3.49,3.61,3.79,4.01,4.55,4.58
3734,2025-10-24,4.11,4.02,3.93,3.76,3.58,3.48,3.49,3.61,3.79,4.02,4.56,4.59
3735,2025-10-27,4.09,4.0,3.89,3.73,3.59,3.48,3.5,3.61,3.79,4.01,4.55,4.57
3736,2025-10-28,4.07,3.97,3.89,3.72,3.59,3.47,3.5,3.6,3.77,3.99,4.53,4.55
3737,2025-10-29,4.03,3.99,3.93,3.79,3.7,3.59,3.6,3.7,3.87,4.08,4.59,4.61
3738,2025-10-30,4.05,4.04,3.92,3.79,3.7,3.61,3.61,3.72,3.9,4.11,4.64,4.65
3739,2025-10-31,4.06,4.04,3.89,3.79,3.7,3.6,3.6,3.71,3.89,4.11,4.65,4.67
3740,2025-11-03,4.06,4.05,3.98,3.8,3.7,3.6,3.61,3.72,3.9,4.13,4.67,4.69
3741,2025-11-04,4.02,4.01,3.96,3.78,3.67,3.58,3.59,3.69,3.88,4.1,4.65,4.67
3742,2025-11-05,4.0,4.0,3.96,3.79,3.71,3.63,3.65,3.76,3.95,4.17,4.72,4.74
3743,2025-11-06,4.02,3.98,3.93,3.76,3.65,3.57,3.58,3.69,3.87,4.11,4.67,4.69
3744,2025-11-07,4.01,3.98,3.92,3.76,3.63,3.55,3.57,3.67,3.87,4.11,4.68,4.7
3745,2025-11-10,4.04,4.0,3.95,3.79,3.66,3.58,3.56,3.72,3.9,4.13,4.69,4.71
3746,2025-11-11,4.04,4.0,3.95,3.79,3.66,3.58,3.56,3.72,3.9,4.13,4.69,4.71
3747,2025-11-12,4.03,3.98,3.95,3.78,3.65,3.56,3.55,3.68,3.86,4.08,4.65,4.67
3748,2025-11-13,4.05,4.0,3.96,3.8,3.68,3.58,3.57,3.71,3.89,4.11,4.69,4.7
3749,2025-11-14,4.04,4.01,3.95,3.8,3.7,3.62,3.61,3.74,3.92,4.14,4.73,4.74
3750,2025-11-17,4.04,4.01,3.97,3.81,3.69,3.6,3.6,3.72,3.9,4.13,4.71,4.73
3751,2025-11-18,4.02,3.99,3.94,3.79,3.67,3.58,3.58,3.7,3.89,4.12,4.72,4.74
3752,2025-11-19,4.01,4.0,3.95,3.8,3.68,3.58,3.59,3.71,3.9,4.13,4.71,4.75
3753,2025-11-20,4.04,4.02,3.94,3.79,3.65,3.55,3.56,3.68,3.87,4.1,4.68,4.73
3754,2025-11-21,4.03,4.0,3.9,3.75,3.62,3.51,3.5,3.62,3.82,4.06,4.67,4.71
3755,2025-11-24,4.03,3.99,3.91,3.76,3.61,3.46,3.49,3.61,3.8,4.04,4.64,4.68
3756,2025-11-25,4.04,3.97,3.9,3.75,3.6,3.43,3.46,3.55,3.77,4.01,4.62,4.67
3757,2025-11-26,4.06,4.0,3.92,3.76,3.61,3.45,3.47,3.56,3.75,4.0,4.6,4.64
3758,2025-11-28,4.05,3.99,3.88,3.74,3.61,3.47,3.49,3.59,3.78,4.02,4.62,4.67
3759,2025-12-01,3.98,3.92,3.81,3.75,3.62,3.54,3.55,3.67,3.86,4.09,4.71,4.74
3760,2025-12-02,3.9,3.83,3.77,3.72,3.59,3.51,3.54,3.66,3.85,4.09,4.7,4.74
3761,2025-12-03,3.83,3.78,3.72,3.68,3.57,3.49,3.5,3.62,3.82,4.06,4.68,4.73
3762,2025-12-04,3.83,3.78,3.71,3.69,3.6,3.52,3.55,3.68,3.87,4.11,4.72,4.76
3763,2025-12-05,3.82,3.77,3.71,3.68,3.61,3.56,3.59,3.72,3.9,4.14,4.75,4.79
3764,2025-12-08,3.82,3.78,3.73,3.69,3.61,3.57,3.59,3.75,3.94,4.17,4.78,4.81
3765,2025-12-09,3.81,3.78,3.73,3.7,3.63,3.61,3.62,3.78,3.96,4.18,4.77,4.8
3766,2025-12-10,3.79,3.75,3.69,3.66,3.58,3.54,3.56,3.72,3.92,4.13,4.74,4.78
3767,2025-12-11,3.77,3.76,3.66,3.62,3.56,3.52,3.55,3.72,3.91,4.14,4.75,4.79
3768,2025-12-12,3.76,3.75,3.63,3.58,3.54,3.52,3.58,3.75,3.95,4.19,4.82,4.85
3769,2025-12-15,3.77,3.75,3.65,3.6,3.52,3.51,3.56,3.73,3.94,4.18,4.8,4.84
3770,2025-12-16,3.76,3.73,3.64,3.6,3.51,3.48,3.52,3.69,3.9,4.15,4.77,4.82
3771,2025-12-17,3.73,3.73,3.64,3.59,3.51,3.49,3.53,3.7,3.91,4.16,4.78,4.83
3772,2025-12-18,3.71,3.72,3.62,3.58,3.49,3.46,3.5,3.66,3.87,4.12,4.74,4.8
3773,2025-12-19,3.71,3.72,3.62,3.6,3.51,3.48,3.53,3.7,3.91,4.16,4.77,4.82
3774,2025-12-22,3.72,3.71,3.64,3.6,3.53,3.44,3.56,3.71,3.93,4.17,4.78,4.84
3775,2025-12-23,3.71,3.7,3.65,3.59,3.52,3.48,3.58,3.72,3.94,4.18,4.78,4.83
3776,2025-12-24,3.72,3.74,3.69,3.59,3.5,3.47,3.56,3.7,3.91,4.15,4.75,4.79
3777,2025-12-26,3.7,3.72,3.64,3.58,3.49,3.46,3.54,3.68,3.89,4.14,4.76,4.81
3778,2025-12-29,3.69,3.7,3.68,3.59,3.48,3.45,3.51,3.67,3.88,4.12,4.75,4.8
3779,2025-12-30,3.65,3.65,3.65,3.59,3.47,3.45,3.5,3.68,3.89,4.14,4.76,4.81
3780,2025-12-31,3.74,3.67,3.67,3.59,3.48,3.47,3.55,3.73,3.94,4.18,4.79,4.84
3781,2026-01-02,3.72,3.66,3.65,3.58,3.47,3.47,3.55,3.74,3.95,4.19,4.81,4.86
3782,2026-01-05,3.71,3.64,3.64,3.57,3.47,3.46,3.53,3.71,3.92,4.17,4.79,4.85
3783,2026-01-06,3.7,3.61,3.63,3.56,3.48,3.47,3.54,3.72,3.93,4.18,4.8,4.86
3784,2026-01-07,3.7,3.6,3.62,3.56,3.48,3.47,3.53,3.7,3.91,4.15,4.76,4.82
3785,2026-01-08,3.7,3.63,3.62,3.56,3.48,3.49,3.56,3.74,3.95,4.19,4.79,4.85
3786,2026-01-09,3.7,3.63,3.62,3.57,3.52,3.54,3.59,3.75,3.95,4.18,4.76,4.82
3787,2026-01-12,3.71,3.64,3.67,3.58,3.53,3.54,3.59,3.77,3.97,4.19,4.78,4.83
3788,2026-01-13,3.72,3.66,3.67,3.59,3.51,3.53,3.57,3.75,3.95,4.18,4.77,4.83
3789,2026-01-14,3.72,3.66,3.67,3.58,3.5,3.51,3.56,3.72,3.92,4.15,4.73,4.79
3790,2026-01-15,3.75,3.69,3.68,3.6,3.54,3.56,3.62,3.77,3.96,4.17,4.74,4.79
3791,2026-01-16,3.75,3.68,3.67,3.6,3.55,3.59,3.67,3.82,4.02,4.24,4.79,4.83
3792,2026-01-20,3.75,3.69,3.7,3.61,3.53,3.6,3.68,3.86,4.08,4.3,4.87,4.91
3793,2026-01-21,3.75,3.7,3.7,3.62,3.53,3.6,3.66,3.83,4.04,4.26,4.82,4.87
3794,2026-01-22,3.79,3.72,3.71,3.61,3.53,3.61,3.68,3.85,4.05,4.26,4.79,4.84
3795,2026-01-23,3.78,3.72,3.7,3.61,3.53,3.6,3.67,3.84,4.03,4.24,4.78,4.82
3796,2026-01-26,3.77,3.7,3.67,3.62,3.52,3.56,3.66,3.82,4.02,4.22,4.75,4.8
3797,2026-01-27,3.77,3.7,3.67,3.61,3.5,3.53,3.65,3.81,4.03,4.24,4.79,4.83
3798,2026-01-28,3.76,3.71,3.68,3.63,3.52,3.56,3.66,3.83,4.05,4.26,4.81,4.85
3799,2026-01-29,3.72,3.75,3.67,3.62,3.5,3.53,3.63,3.8,4.01,4.24,4.8,4.85
3800,2026-01-30,3.72,3.75,3.67,3.61,3.48,3.52,3.6,3.79,4.01,4.26,4.82,4.87
3801,2026-02-02,3.72,3.74,3.69,3.62,3.49,3.57,3.64,3.83,4.05,4.29,4.85,4.9
3802,2026-02-03,3.72,3.74,3.69,3.62,3.49,3.57,3.64,3.83,4.04,4.28,4.85,4.9
3803,2026-02-04,3.72,3.74,3.69,3.62,3.49,3.57,3.64,3.83,4.05,4.29,4.86,4.91
3804,2026-02-05,3.72,3.74,3.67,3.58,3.44,3.47,3.55,3.74,3.97,4.21,4.79,4.85
3805,2026-02-06,3.72,3.74,3.68,3.59,3.45,3.5,3.57,3.76,3.98,4.22,4.8,4.85
3806,2026-02-09,3.72,3.73,3.69,3.59,3.43,3.48,3.56,3.75,3.97,4.22,4.79,4.85
3807,2026-02-10,3.72,3.74,3.69,3.58,3.4,3.45,3.5,3.7,3.92,4.16,4.73,4.78
3808,2026-02-11,3.71,3.73,3.7,3.6,3.47,3.52,3.55,3.75,3.96,4.18,4.76,4.82
3809,2026-02-12,3.72,3.74,3.7,3.58,3.45,3.47,3.49,3.67,3.87,4.09,4.68,4.72
3810,2026-02-13,3.72,3.73,3.68,3.59,3.42,3.4,3.43,3.61,3.81,4.04,4.64,4.69
3811,2026-02-17,3.72,3.73,3.69,3.59,3.48,3.43,3.47,3.63,3.82,4.05,4.63,4.68
3812,2026-02-18,3.71,3.73,3.7,3.6,3.49,3.47,3.5,3.66,3.86,4.09,4.65,4.71
3813,2026-02-19,3.72,3.75,3.69,3.6,3.5,3.47,3.5,3.65,3.85,4.08,4.64,4.7
3814,2026-02-20,3.72,3.74,3.69,3.61,3.51,3.48,3.5,3.65,3.85,4.08,4.66,4.72
