,act_symbol,sector
0,A,LABORATORY ANALYTICAL INSTRUMENTS
1,AACG,SERVICES-EDUCATIONAL SERVICES
2,AAIC,REAL ESTATE INVESTMENT TRUSTS
3,AAME,LIFE INSURANCE
4,AAON,AIR COND &amp; WARM AIR HEATING EQUIP &amp; COMM &amp; INDL REFRIG EQUIP
5,AAP,RETAIL-AUTO &amp; HOME SUPPLY STORES
6,AAPL,ELECTRONIC COMPUTERS
7,AAU,METAL MINING
8,AAWW,"AIR TRANSPORTATION, NONSCHEDULED"
9,AB,INVESTMENT ADVICE
10,ABB,SWITCHGEAR &amp; SWITCHBOARD APPARATUS
11,ABC,WHOLESALE-DRUGS PROPRIETARIES &amp; DRUGGISTS&#39; SUNDRIES
12,ABCB,STATE COMMERCIAL BANKS
13,ABEO,PHARMACEUTICAL PREPARATIONS
14,ABG,RETAIL-AUTO DEALERS &amp; GASOLINE STATIONS
15,ABIO,PHARMACEUTICAL PREPARATIONS
16,ABM,SERVICES-TO DWELLINGS &amp; OTHER BUILDINGS
17,ABMD,SURGICAL &amp; MEDICAL INSTRUMENTS &amp; APPARATUS
18,ABR,REAL ESTATE INVESTMENT TRUSTS
19,ABT,PHARMACEUTICAL PREPARATIONS
20,ABUS,PHARMACEUTICAL PREPARATIONS
21,ACAD,PHARMACEUTICAL PREPARATIONS
22,ACC,Unknown
23,ACCO,"BLANKBOOKS, LOOSELEAF BINDERS &amp; BOOKBINDING &amp; RELATED WORK"
24,ACER,PHARMACEUTICAL PREPARATIONS
25,ACGL,"FIRE, MARINE &amp; CASUALTY INSURANCE"
26,ACH,PRIMARY PRODUCTION OF ALUMINUM
27,ACHV,IN VITRO &amp; IN VIVO DIAGNOSTIC SUBSTANCES
28,ACIW,SERVICES-PREPACKAGED SOFTWARE
29,ACLS,"SPECIAL INDUSTRY MACHINERY, NEC"
30,ACM,SERVICES-ENGINEERING SERVICES
31,ACN,"SERVICES-BUSINESS SERVICES, NEC"
32,ACNB,STATE COMMERCIAL BANKS
33,ACOR,BIOLOGICAL PRODUCTS (NO DIAGNOSTIC SUBSTANCES)
34,ACR,REAL ESTATE INVESTMENT TRUSTS
35,ACTG,PATENT OWNERS &amp; LESSORS
36,ACU,"CUTLERY, HANDTOOLS &amp; GENERAL HARDWARE"
37,ACY,Unknown
38,ADBE,SERVICES-PREPACKAGED SOFTWARE
39,ADC,REAL ESTATE INVESTMENT TRUSTS
40,ADES,MISCELLANEOUS CHEMICAL PRODUCTS
41,ADI,SEMICONDUCTORS &amp; RELATED DEVICES
42,ADM,FATS &amp; OILS
43,ADMP,PHARMACEUTICAL PREPARATIONS
44,ADP,SERVICES-COMPUTER PROCESSING &amp; DATA PREPARATION
45,ADS,Unknown
46,ADSK,SERVICES-PREPACKAGED SOFTWARE
47,ADTN,TELEPHONE &amp; TELEGRAPH APPARATUS
48,ADUS,SERVICES-HOME HEALTH CARE SERVICES
49,ADX,Unknown
50,ADXS,PHARMACEUTICAL PREPARATIONS
51,AE,WHOLESALE-PETROLEUM &amp; PETROLEUM PRODUCTS (NO BULK STATIONS)
52,AEB,Unknown
53,AEE,ELECTRIC &amp; OTHER SERVICES COMBINED
54,AEF,Unknown
55,AEG,LIFE INSURANCE
56,AEGN,Unknown
57,AEHL,"COMMUNICATION SERVICES, NEC"
58,AEHR,INSTRUMENTS FOR MEAS &amp; TESTING OF ELECTRICITY &amp; ELEC SIGNALS
59,AEIS,"ELECTRONIC COMPONENTS, NEC"
60,AEL,LIFE INSURANCE
61,AEM,GOLD &amp; SILVER ORES
62,AEMD,SURGICAL &amp; MEDICAL INSTRUMENTS &amp; APPARATUS
63,AEO,RETAIL-FAMILY CLOTHING STORES
64,AEP,ELECTRIC SERVICES
65,AER,"SERVICES-EQUIPMENT RENTAL &amp; LEASING, NEC"
66,AES,COGENERATION SERVICES &amp; SMALL POWER PRODUCERS
67,AEY,WHOLESALE-DURABLE GOODS
68,AEZS,"PERFUMES, COSMETICS &amp; OTHER TOILET PREPARATIONS"
69,AFB,Unknown
70,AFG,"FIRE, MARINE &amp; CASUALTY INSURANCE"
71,AFL,ACCIDENT &amp; HEALTH INSURANCE
72,AG,GOLD &amp; SILVER ORES
73,AGCO,FARM MACHINERY &amp; EQUIPMENT
74,AGD,Unknown
75,AGEN,BIOLOGICAL PRODUCTS (NO DIAGNOSTIC SUBSTANCES)
76,AGM,FEDERAL &amp; FEDERALLY-SPONSORED CREDIT AGENCIES
77,AGNC,REAL ESTATE INVESTMENT TRUSTS
78,AGO,SURETY INSURANCE
79,AGX,CONSTRUCTION SPECIAL TRADE CONTRACTORS
80,AGYS,SERVICES-COMPUTER INTEGRATED SYSTEMS DESIGN
81,AHC,Unknown
82,AHPI,"ORTHOPEDIC, PROSTHETIC &amp; SURGICAL APPLIANCES &amp; SUPPLIES"
83,AHT,REAL ESTATE INVESTMENT TRUSTS
84,AIG,"FIRE, MARINE &amp; CASUALTY INSURANCE"
85,AIKI,"SECURITY BROKERS, DEALERS &amp; FLOTATION COMPANIES"
86,AIM,BIOLOGICAL PRODUCTS (NO DIAGNOSTIC SUBSTANCES)
87,AIMC,"GENERAL INDUSTRIAL MACHINERY &amp; EQUIPMENT, NEC"
88,AIN,"BROADWOVEN FABRIC MILS, MAN MADE FIBER &amp; SILK"
89,AINV,Unknown
90,AIR,AIRCRAFT &amp; PARTS
91,AIRI,"AIRCRAFT PART &amp; AUXILIARY EQUIPMENT, NEC"
92,AIRT,AIR COURIER SERVICES
93,AIT,"WHOLESALE-MACHINERY, EQUIPMENT &amp; SUPPLIES"
94,AIV,REAL ESTATE INVESTMENT TRUSTS
95,AIZ,"INSURANCE CARRIERS, NEC"
96,AJG,INSURANCE AGENTS BROKERS &amp; SERVICES
97,AJRD,GUIDED MISSILES &amp; SPACE VEHICLES &amp; PARTS
98,AKAM,"SERVICES-BUSINESS SERVICES, NEC"
99,AKO.A,Unknown
100,AKO.B,Unknown
101,AKR,REAL ESTATE INVESTMENT TRUSTS
102,ALB,"PLASTICS, MATERIALS, SYNTH RESINS &amp; NONVULCAN ELASTOMERS"
103,ALBO,PHARMACEUTICAL PREPARATIONS
104,ALCO,AGRICULTURE PRODUCTION - CROPS
105,ALE,ELECTRIC &amp; OTHER SERVICES COMBINED
106,ALG,FARM MACHINERY &amp; EQUIPMENT
107,ALGN,"ORTHOPEDIC, PROSTHETIC &amp; SURGICAL APPLIANCES &amp; SUPPLIES"
108,ALGT,"AIR TRANSPORTATION, SCHEDULED"
109,ALIM,PHARMACEUTICAL PREPARATIONS
110,ALJJ,"SERVICES-BUSINESS SERVICES, NEC"
111,ALK,"AIR TRANSPORTATION, SCHEDULED"
112,ALKS,PHARMACEUTICAL PREPARATIONS
113,ALL,"FIRE, MARINE &amp; CASUALTY INSURANCE"
114,ALLT,COMPUTER COMMUNICATIONS EQUIPMENT
115,ALNY,PHARMACEUTICAL PREPARATIONS
116,ALOT,"COMPUTER PERIPHERAL EQUIPMENT, NEC"
117,ALRS,NATIONAL COMMERCIAL BANKS
118,ALSK,Unknown
119,ALT,PHARMACEUTICAL PREPARATIONS
120,ALV,MOTOR VEHICLE PARTS &amp; ACCESSORIES
121,ALX,REAL ESTATE INVESTMENT TRUSTS
122,ALXN,Unknown
123,AMAT,SEMICONDUCTORS &amp; RELATED DEVICES
124,AMBC,SURETY INSURANCE
125,AMBO,SERVICES-EDUCATIONAL SERVICES
126,AMD,SEMICONDUCTORS &amp; RELATED DEVICES
127,AME,"INDUSTRIAL INSTRUMENTS FOR MEASUREMENT, DISPLAY, AND CONTROL"
128,AMED,SERVICES-HOME HEALTH CARE SERVICES
129,AMEH,SERVICES-MANAGEMENT CONSULTING SERVICES
130,AMG,INVESTMENT ADVICE
131,AMGN,BIOLOGICAL PRODUCTS (NO DIAGNOSTIC SUBSTANCES)
132,AMJ,NATIONAL COMMERCIAL BANKS
133,AMKR,SEMICONDUCTORS &amp; RELATED DEVICES
134,AMN,SERVICES-HELP SUPPLY SERVICES
135,AMNB,NATIONAL COMMERCIAL BANKS
136,AMOT,INSTRUMENTS FOR MEAS &amp; TESTING OF ELECTRICITY &amp; ELEC SIGNALS
137,AMOV,TELEPHONE COMMUNICATIONS (NO RADIO TELEPHONE)
138,AMP,INVESTMENT ADVICE
139,AMPE,PHARMACEUTICAL PREPARATIONS
140,AMRB,Unknown
141,AMRC,CONSTRUCTION SPECIAL TRADE CONTRACTORS
142,AMRH,Unknown
143,AMRN,PHARMACEUTICAL PREPARATIONS
144,AMRS,INDUSTRIAL ORGANIC CHEMICALS
145,AMS,SERVICES-MEDICAL LABORATORIES
146,AMSC,MOTORS &amp; GENERATORS
147,AMSF,"FIRE, MARINE &amp; CASUALTY INSURANCE"
148,AMSWA,SERVICES-PREPACKAGED SOFTWARE
149,AMTX,INDUSTRIAL ORGANIC CHEMICALS
150,AMWD,"MILLWOOD, VENEER, PLYWOOD &amp; STRUCTURAL WOOD MEMBERS"
151,AMX,TELEPHONE COMMUNICATIONS (NO RADIO TELEPHONE)
152,AMZN,RETAIL-CATALOG &amp; MAIL-ORDER HOUSES
153,AN,RETAIL-AUTO DEALERS &amp; GASOLINE STATIONS
154,ANDE,WHOLESALE-FARM PRODUCT RAW MATERIALS
155,ANF,RETAIL-FAMILY CLOTHING STORES
156,ANGO,SURGICAL &amp; MEDICAL INSTRUMENTS &amp; APPARATUS
157,ANH,Unknown
158,ANIK,SURGICAL &amp; MEDICAL INSTRUMENTS &amp; APPARATUS
159,ANIP,PHARMACEUTICAL PREPARATIONS
160,ANIX,PHARMACEUTICAL PREPARATIONS
161,ANSS,SERVICES-PREPACKAGED SOFTWARE
162,ANTE,SERVICES-ADVERTISING AGENCIES
163,ANTM,Unknown
164,AOD,Unknown
165,AOS,HOUSEHOLD APPLIANCES
166,AOSL,SEMICONDUCTORS &amp; RELATED DEVICES
167,AP,PUMPS &amp; PUMPING EQUIPMENT
168,APA,CRUDE PETROLEUM &amp; NATURAL GAS
169,APCX,SERVICES-PREPACKAGED SOFTWARE
170,APD,INDUSTRIAL INORGANIC CHEMICALS
171,APDN,SERVICES-TESTING LABORATORIES
172,APEI,SERVICES-EDUCATIONAL SERVICES
173,APEN,SURGICAL &amp; MEDICAL INSTRUMENTS &amp; APPARATUS
174,APH,ELECTRONIC CONNECTORS
175,APOG,"GLASS PRODUCTS, MADE OF PURCHASED GLASS"
176,APPS,PATENT OWNERS &amp; LESSORS
177,APT,"ORTHOPEDIC, PROSTHETIC &amp; SURGICAL APPLIANCES &amp; SUPPLIES"
178,APWC,DRAWING AND INSULATING NONFERROUS WIRE
179,APYX,SURGICAL &amp; MEDICAL INSTRUMENTS &amp; APPARATUS
180,AQN,ELECTRIC SERVICES
181,ARAY,SURGICAL &amp; MEDICAL INSTRUMENTS &amp; APPARATUS
182,ARC,"SERVICES-MAILING, REPRODUCTION, COMMERCIAL ART &amp; PHOTOGRAPHY"
183,ARCB,TRUCKING (NO LOCAL)
184,ARCC,Unknown
185,ARE,REAL ESTATE INVESTMENT TRUSTS
186,ARGO,TITLE INSURANCE
187,ARI,REAL ESTATE INVESTMENT TRUSTS
188,ARKR,RETAIL-EATING PLACES
189,ARL,REAL ESTATE OPERATORS (NO DEVELOPERS) &amp; LESSORS
190,ARLP,BITUMINOUS COAL &amp; LIGNITE SURFACE MINING
191,ARMP,BIOLOGICAL PRODUCTS (NO DIAGNOSTIC SUBSTANCES)
192,ARNA,Unknown
193,AROC,NATURAL GAS TRANSMISSION
194,AROW,NATIONAL COMMERCIAL BANKS
195,ARR,REAL ESTATE INVESTMENT TRUSTS
196,ARTNA,WATER SUPPLY
197,ARTW,FARM MACHINERY &amp; EQUIPMENT
198,ARW,"WHOLESALE-ELECTRONIC PARTS &amp; EQUIPMENT, NEC"
199,ARWR,PHARMACEUTICAL PREPARATIONS
200,ASA,Unknown
201,ASB,STATE COMMERCIAL BANKS
202,ASG,Unknown
203,ASGN,SERVICES-HELP SUPPLY SERVICES
204,ASM,METAL MINING
205,ASMB,PHARMACEUTICAL PREPARATIONS
206,ASML,"SPECIAL INDUSTRY MACHINERY, NEC"
207,ASPS,SERVICES-MISCELLANEOUS BUSINESS SERVICES
208,ASR,"AIRPORTS, FLYING FIELDS &amp; AIRPORT TERMINAL SERVICES"
209,ASRV,NATIONAL COMMERCIAL BANKS
210,ASRVP,Unknown
211,ASTC,LABORATORY ANALYTICAL INSTRUMENTS
212,ASTE,CONSTRUCTION MACHINERY &amp; EQUIP
213,ASUR,SERVICES-COMPUTER INTEGRATED SYSTEMS DESIGN
214,ASYS,"SPECIAL INDUSTRY MACHINERY, NEC"
215,AT,Unknown
216,ATAX,FINANCE SERVICES
217,ATEC,SURGICAL &amp; MEDICAL INSTRUMENTS &amp; APPARATUS
218,ATGE,SERVICES-EDUCATIONAL SERVICES
219,ATHE,PHARMACEUTICAL PREPARATIONS
220,ATHX,PHARMACEUTICAL PREPARATIONS
221,ATI,STEEL PIPE &amp; TUBES
222,ATLC,PERSONAL CREDIT INSTITUTIONS
223,ATLO,NATIONAL COMMERCIAL BANKS
224,ATNI,TELEPHONE COMMUNICATIONS (NO RADIO TELEPHONE)
225,ATO,NATURAL GAS DISTRIBUTION
226,ATR,"PLASTICS PRODUCTS, NEC"
227,ATRC,SURGICAL &amp; MEDICAL INSTRUMENTS &amp; APPARATUS
228,ATRI,SURGICAL &amp; MEDICAL INSTRUMENTS &amp; APPARATUS
229,ATRO,"AIRCRAFT PART &amp; AUXILIARY EQUIPMENT, NEC"
230,ATRS,Unknown
231,ATSG,AIR COURIER SERVICES
232,ATV,Unknown
233,ATVI,SERVICES-PREPACKAGED SOFTWARE
234,AU,GOLD &amp; SILVER ORES
235,AUB,STATE COMMERCIAL BANKS
236,AUBN,STATE COMMERCIAL BANKS
237,AUDC,TELEPHONE &amp; TELEGRAPH APPARATUS
238,AUMN,GOLD &amp; SILVER ORES
239,AUTO,"SERVICES-COMPUTER PROGRAMMING, DATA PROCESSING, ETC."
240,AUY,GOLD &amp; SILVER ORES
241,AVA,ELECTRIC &amp; OTHER SERVICES COMBINED
242,AVAV,AIRCRAFT
243,AVB,REAL ESTATE INVESTMENT TRUSTS
244,AVD,AGRICULTURE CHEMICALS
245,AVDL,PHARMACEUTICAL PREPARATIONS
246,AVEO,PHARMACEUTICAL PREPARATIONS
247,AVGO,SEMICONDUCTORS &amp; RELATED DEVICES
248,AVID,SERVICES-PREPACKAGED SOFTWARE
249,AVK,Unknown
250,AVNT,"PLASTICS, MATERIALS, SYNTH RESINS &amp; NONVULCAN ELASTOMERS"
251,AVNW,RADIO &amp; TV BROADCASTING &amp; COMMUNICATIONS EQUIPMENT
252,AVT,"WHOLESALE-ELECTRONIC PARTS &amp; EQUIPMENT, NEC"
253,AVXL,BIOLOGICAL PRODUCTS (NO DIAGNOSTIC SUBSTANCES)
254,AVY,CONVERTED PAPER &amp; PAPERBOARD PRODS (NO CONTAINERS/BOXES)
255,AWF,Unknown
256,AWH,IN VITRO &amp; IN VIVO DIAGNOSTIC SUBSTANCES
257,AWI,"PLASTICS PRODUCTS, NEC"
258,AWK,WATER SUPPLY
259,AWP,Unknown
260,AWR,WATER SUPPLY
261,AWRE,SERVICES-PREPACKAGED SOFTWARE
262,AWX,REFUSE SYSTEMS
263,AX,"SAVINGS INSTITUTION, FEDERALLY CHARTERED"
264,AXAS,CRUDE PETROLEUM &amp; NATURAL GAS
265,AXDX,LABORATORY ANALYTICAL INSTRUMENTS
266,AXGN,ELECTROMEDICAL &amp; ELECTROTHERAPEUTIC APPARATUS
267,AXL,MOTOR VEHICLE PARTS &amp; ACCESSORIES
268,AXON,"ORDNANCE &amp; ACCESSORIES, (NO VEHICLES/GUIDED MISSILES)"
269,AXP,FINANCE SERVICES
270,AXR,LAND SUBDIVIDERS &amp; DEVELOPERS (NO CEMETERIES)
271,AXS,"FIRE, MARINE &amp; CASUALTY INSURANCE"
272,AXTI,SEMICONDUCTORS &amp; RELATED DEVICES
273,AXU,GOLD &amp; SILVER ORES
274,AYI,ELECTRIC LIGHTING &amp; WIRING EQUIPMENT
275,AYRO,"COMMUNICATION SERVICES, NEC"
276,AYTU,PHARMACEUTICAL PREPARATIONS
277,AZN,PHARMACEUTICAL PREPARATIONS
278,AZO,RETAIL-AUTO &amp; HOME SUPPLY STORES
279,AZPN,SERVICES-COMPUTER PROGRAMMING SERVICES
280,AZTA,"SPECIAL INDUSTRY MACHINERY, NEC"
281,AZZ,"COATING, ENGRAVING &amp; ALLIED SERVICES"
282,B,MISCELLANEOUS FABRICATED METAL PRODUCTS
283,BA,AIRCRAFT
284,BAC,NATIONAL COMMERCIAL BANKS
285,BAF,Unknown
286,BAH,SERVICES-MANAGEMENT CONSULTING SERVICES
287,BAK,INDUSTRIAL ORGANIC CHEMICALS
288,BAM,OPERATORS OF NONRESIDENTIAL BUILDINGS
289,BANC,NATIONAL COMMERCIAL BANKS
290,BANF,NATIONAL COMMERCIAL BANKS
291,BANR,STATE COMMERCIAL BANKS
292,BAP,"COMMERCIAL BANKS, NEC"
293,BASI,"SERVICES-COMPUTER PROGRAMMING, DATA PROCESSING, ETC."
294,BAX,SURGICAL &amp; MEDICAL INSTRUMENTS &amp; APPARATUS
295,BB,SERVICES-PREPACKAGED SOFTWARE
296,BBAR,"COMMERCIAL BANKS, NEC"
297,BBBY,"RETAIL-HOME FURNITURE, FURNISHINGS &amp; EQUIPMENT STORES"
298,BBD,STATE COMMERCIAL BANKS
299,BBDC,Unknown
300,BBF,Unknown
301,BBGI,RADIO BROADCASTING STATIONS
302,BBI,BIOLOGICAL PRODUCTS (NO DIAGNOSTIC SUBSTANCES)
303,BBK,Unknown
304,BBL,Unknown
305,BBN,Unknown
306,BBSI,SERVICES-HELP SUPPLY SERVICES
307,BBVA,"COMMERCIAL BANKS, NEC"
308,BBW,"RETAIL-HOBBY, TOY &amp; GAME SHOPS"
309,BBWI,"RETAIL-RETAIL STORES, NEC"
310,BBY,RETAIL-RADIO TV &amp; CONSUMER ELECTRONICS STORES
311,BC,ENGINES &amp; TURBINES
312,BCBP,"SAVINGS INSTITUTION, FEDERALLY CHARTERED"
313,BCE,TELEPHONE COMMUNICATIONS (NO RADIO TELEPHONE)
314,BCH,"COMMERCIAL BANKS, NEC"
315,BCLI,BIOLOGICAL PRODUCTS (NO DIAGNOSTIC SUBSTANCES)
316,BCO,ARRANGEMENT OF TRANSPORTATION OF FREIGHT &amp; CARGO
317,BCPC,CHEMICALS &amp; ALLIED PRODUCTS
318,BCRX,BIOLOGICAL PRODUCTS (NO DIAGNOSTIC SUBSTANCES)
319,BCS,"COMMERCIAL BANKS, NEC"
320,BCV,Unknown
321,BDC,DRAWING AND INSULATING NONFERROUS WIRE
322,BDGE,Unknown
323,BDJ,Unknown
324,BDN,REAL ESTATE INVESTMENT TRUSTS
325,BDR,Unknown
326,BDSI,PHARMACEUTICAL PREPARATIONS
327,BDX,SURGICAL &amp; MEDICAL INSTRUMENTS &amp; APPARATUS
328,BEAT,SURGICAL &amp; MEDICAL INSTRUMENTS &amp; APPARATUS
329,BECN,WHOLESALE-LUMBER &amp; OTHER CONSTRUCTION MATERIALS
330,BEEM,SEMICONDUCTORS &amp; RELATED DEVICES
331,BELFA,"ELECTRONIC COILS, TRANSFORMERS &amp; OTHER INDUCTORS"
332,BELFB,"ELECTRONIC COILS, TRANSFORMERS &amp; OTHER INDUCTORS"
333,BEN,INVESTMENT ADVICE
334,BF.A,Unknown
335,BF.B,Unknown
336,BFIN,"SAVINGS INSTITUTION, FEDERALLY CHARTERED"
337,BFK,Unknown
338,BFO,Unknown
339,BFS,REAL ESTATE INVESTMENT TRUSTS
340,BFY,Unknown
341,BFZ,Unknown
342,BG,FATS &amp; OILS
343,BGCP,"SECURITY &amp; COMMODITY BROKERS, DEALERS, EXCHANGES &amp; SERVICES"
344,BGFV,RETAIL-MISCELLANEOUS SHOPPING GOODS STORES
345,BGI,RETAIL-JEWELRY STORES
346,BGR,Unknown
347,BGS,FOOD &amp; KINDRED PRODUCTS
348,BGT,Unknown
349,BGY,Unknown
350,BHB,STATE COMMERCIAL BANKS
351,BHC,PHARMACEUTICAL PREPARATIONS
352,BHE,PRINTED CIRCUIT BOARDS
353,BHK,Unknown
354,BHLB,"SAVINGS INSTITUTIONS, NOT FEDERALLY CHARTERED"
355,BHP,METAL MINING
356,BHV,Unknown
357,BIDU,"SERVICES-COMPUTER PROGRAMMING, DATA PROCESSING, ETC."
358,BIF,Unknown
359,BIG,RETAIL-VARIETY STORES
360,BIIB,BIOLOGICAL PRODUCTS (NO DIAGNOSTIC SUBSTANCES)
361,BIMI,WHOLESALE-DRUGS PROPRIETARIES &amp; DRUGGISTS&#39; SUNDRIES
362,BIO,LABORATORY ANALYTICAL INSTRUMENTS
363,BIO.B,Unknown
364,BIOL,DENTAL EQUIPMENT &amp; SUPPLIES
365,BIP,WATER TRANSPORTATION
366,BJRI,RETAIL-EATING PLACES
367,BK,STATE COMMERCIAL BANKS
368,BKCC,Unknown
369,BKD,SERVICES-NURSING &amp; PERSONAL CARE FACILITIES
370,BKE,RETAIL-FAMILY CLOTHING STORES
371,BKEP,PIPE LINES (NO NATURAL GAS)
372,BKH,ELECTRIC SERVICES
373,BKK,Unknown
374,BKN,Unknown
375,BKNG,TRANSPORTATION SERVICES
376,BKSC,STATE COMMERCIAL BANKS
377,BKT,Unknown
378,BKYI,SERVICES-PREPACKAGED SOFTWARE
379,BLDP,ELECTRICAL INDUSTRIAL APPARATUS
380,BLDR,RETAIL-LUMBER &amp; OTHER BUILDING MATERIALS DEALERS
381,BLE,Unknown
382,BLFS,ELECTROMEDICAL &amp; ELECTROTHERAPEUTIC APPARATUS
383,BLIN,SERVICES-PREPACKAGED SOFTWARE
384,BLK,"SECURITY BROKERS, DEALERS &amp; FLOTATION COMPANIES"
385,BLKB,SERVICES-PREPACKAGED SOFTWARE
386,BLL,Unknown
387,BLNK,MISCELLANEOUS TRANSPORTATION EQUIPMENT
388,BLU,PHARMACEUTICAL PREPARATIONS
389,BLW,Unknown
390,BLX,"COMMERCIAL BANKS, NEC"
391,BMA,"COMMERCIAL BANKS, NEC"
392,BME,Unknown
393,BMI,TOTALIZING FLUID METERS &amp; COUNTING DEVICES
394,BMO,"COMMERCIAL BANKS, NEC"
395,BMRA,IN VITRO &amp; IN VIVO DIAGNOSTIC SUBSTANCES
396,BMRC,STATE COMMERCIAL BANKS
397,BMRN,PHARMACEUTICAL PREPARATIONS
398,BMTC,Unknown
399,BMY,PHARMACEUTICAL PREPARATIONS
400,BNS,STATE COMMERCIAL BANKS
401,BNSO,"ELECTRONIC COMPONENTS, NEC"
402,BNY,Unknown
403,BOCH,Unknown
404,BOE,Unknown
405,BOH,STATE COMMERCIAL BANKS
406,BOKF,NATIONAL COMMERCIAL BANKS
407,BOOM,MISCELLANEOUS PRIMARY METAL PRODUCTS
408,BOSC,COMPUTER COMMUNICATIONS EQUIPMENT
409,BOTJ,STATE COMMERCIAL BANKS
410,BP,PETROLEUM REFINING
411,BPFH,Unknown
412,BPOP,STATE COMMERCIAL BANKS
413,BPT,PETROLEUM REFINING
414,BR,"SERVICES-BUSINESS SERVICES, NEC"
415,BRC,MISCELLANEOUS MANUFACTURING INDUSTRIES
416,BRFS,MEAT PACKING PLANTS
417,BRID,"SAUSAGE, OTHER PREPARED MEAT PRODUCTS"
418,BRK.A,Unknown
419,BRK.B,Unknown
420,BRKL,"SAVINGS INSTITUTION, FEDERALLY CHARTERED"
421,BRKR,LABORATORY ANALYTICAL INSTRUMENTS
422,BRN,CRUDE PETROLEUM &amp; NATURAL GAS
423,BRO,INSURANCE AGENTS BROKERS &amp; SERVICES
424,BRTX,"SERVICES-MISC HEALTH &amp; ALLIED SERVICES, NEC"
425,BRW,Unknown
426,BSAC,"COMMERCIAL BANKS, NEC"
427,BSBR,"COMMERCIAL BANKS, NEC"
428,BSD,Unknown
429,BSE,Unknown
430,BSET,"WOOD HOUSEHOLD FURNITURE, (NO UPHOLSTERED)"
431,BSL,Unknown
432,BSQR,"SERVICES-BUSINESS SERVICES, NEC"
433,BSRR,STATE COMMERCIAL BANKS
434,BSTC,Unknown
435,BSX,SURGICAL &amp; MEDICAL INSTRUMENTS &amp; APPARATUS
436,BTA,Unknown
437,BTE,Unknown
438,BTG,GOLD &amp; SILVER ORES
439,BTI,CIGARETTES
440,BTN,PHOTOGRAPHIC EQUIPMENT &amp; SUPPLIES
441,BTO,Unknown
442,BTX,PHARMACEUTICAL PREPARATIONS
443,BTZ,Unknown
444,BUD,MALT BEVERAGES
445,BUSE,STATE COMMERCIAL BANKS
446,BVH,REAL ESTATE
447,BVN,METAL MINING
448,BWA,MOTOR VEHICLE PARTS &amp; ACCESSORIES
449,BWEN,NONFERROUS FOUNDRIES (CASTINGS)
450,BWL.A,Unknown
451,BWXT,ENGINES &amp; TURBINES
452,BXC,"WHOLESALE-LUMBER, PLYWOOD, MILLWORK &amp; WOOD PANELS"
453,BXMT,REAL ESTATE INVESTMENT TRUSTS
454,BXMX,Unknown
455,BXP,REAL ESTATE INVESTMENT TRUSTS
456,BYD,HOTELS &amp; MOTELS
457,BYFC,"SAVINGS INSTITUTION, FEDERALLY CHARTERED"
458,BYM,Unknown
459,BYRN,"MISCELLANEOUS ELECTRICAL MACHINERY, EQUIPMENT &amp; SUPPLIES"
460,BZH,OPERATIVE BUILDERS
461,BZM,Unknown
462,C,NATIONAL COMMERCIAL BANKS
463,CAAS,MOTOR VEHICLE PARTS &amp; ACCESSORIES
464,CAC,NATIONAL COMMERCIAL BANKS
465,CACC,PERSONAL CREDIT INSTITUTIONS
466,CACI,SERVICES-COMPUTER INTEGRATED SYSTEMS DESIGN
467,CAE,"MISCELLANEOUS ELECTRICAL MACHINERY, EQUIPMENT &amp; SUPPLIES"
468,CAF,Unknown
469,CAG,FOOD &amp; KINDRED PRODUCTS
470,CAH,WHOLESALE-DRUGS PROPRIETARIES &amp; DRUGGISTS&#39; SUNDRIES
471,CAI,Unknown
472,CAJ,PHOTOGRAPHIC EQUIPMENT &amp; SUPPLIES
473,CAKE,RETAIL-EATING PLACES
474,CAL,"FOOTWEAR, (NO RUBBER)"
475,CALM,AGRICULTURE PRODUCTION - LIVESTOCK &amp; ANIMAL SPECIALTIES
476,CALX,"COMMUNICATION SERVICES, NEC"
477,CAMP,RADIO &amp; TV BROADCASTING &amp; COMMUNICATIONS EQUIPMENT
478,CAMT,OPTICAL INSTRUMENTS &amp; LENSES
479,CAPR,PHARMACEUTICAL PREPARATIONS
480,CAR,SERVICES-AUTO RENTAL &amp; LEASING (NO DRIVERS)
481,CARV,"SAVINGS INSTITUTION, FEDERALLY CHARTERED"
482,CASH,NATIONAL COMMERCIAL BANKS
483,CASI,BIOLOGICAL PRODUCTS (NO DIAGNOSTIC SUBSTANCES)
484,CASS,"SERVICES-BUSINESS SERVICES, NEC"
485,CASY,RETAIL-AUTO DEALERS &amp; GASOLINE STATIONS
486,CAT,CONSTRUCTION MACHINERY &amp; EQUIP
487,CATM,Unknown
488,CATO,RETAIL-WOMEN&#39;S CLOTHING STORES
489,CATY,STATE COMMERCIAL BANKS
490,CB,"FIRE, MARINE &amp; CASUALTY INSURANCE"
491,CBAN,STATE COMMERCIAL BANKS
492,CBAT,"MISCELLANEOUS ELECTRICAL MACHINERY, EQUIPMENT &amp; SUPPLIES"
493,CBB,Unknown
494,CBFV,STATE COMMERCIAL BANKS
495,CBIO,PHARMACEUTICAL PREPARATIONS
496,CBMG,Unknown
497,CBOE,"SECURITY &amp; COMMODITY BROKERS, DEALERS, EXCHANGES &amp; SERVICES"
498,CBPO,Unknown
499,CBRE,REAL ESTATE
500,CBRL,RETAIL-EATING PLACES
501,CBSH,STATE COMMERCIAL BANKS
502,CBT,MISCELLANEOUS CHEMICAL PRODUCTS
503,CBU,NATIONAL COMMERCIAL BANKS
504,CBZ,"SERVICES-BUSINESS SERVICES, NEC"
505,CCBG,STATE COMMERCIAL BANKS
506,CCF,ELECTRIC LIGHTING &amp; WIRING EQUIPMENT
507,CCJ,MISCELLANEOUS METAL ORES
508,CCK,METAL CANS
509,CCL,WATER TRANSPORTATION
510,CCM,SERVICES-OFFICES &amp; CLINICS OF DOCTORS OF MEDICINE
511,CCMP,Unknown
512,CCNE,STATE COMMERCIAL BANKS
513,CCRN,SERVICES-HELP SUPPLY SERVICES
514,CCU,MALT BEVERAGES
515,CDE,GOLD &amp; SILVER ORES
516,CDMO,PHARMACEUTICAL PREPARATIONS
517,CDNS,SERVICES-PREPACKAGED SOFTWARE
518,CDOR,Unknown
519,CDR,Unknown
520,CDXC,MEDICINAL CHEMICALS &amp; BOTANICAL PRODUCTS
521,CDXS,INDUSTRIAL ORGANIC CHEMICALS
522,CDZI,WATER SUPPLY
523,CE,"PLASTIC MATERIAL, SYNTH RESIN/RUBBER, CELLULOS (NO GLASS)"
524,CEA,"AIR TRANSPORTATION, SCHEDULED"
525,CECE,INDUSTRIAL &amp; COMMERCIAL FANS &amp; BLOWERS &amp; AIR PURIFYING EQUIP
526,CEE,Unknown
527,CEI,CRUDE PETROLEUM &amp; NATURAL GAS
528,CEL,Unknown
529,CELH,BOTTLED &amp; CANNED SOFT DRINKS CARBONATED WATERS
530,CEM,Unknown
531,CEMI,PHARMACEUTICAL PREPARATIONS
532,CENT,WHOLESALE-MISCELLANEOUS NONDURABLE GOODS
533,CENTA,WHOLESALE-MISCELLANEOUS NONDURABLE GOODS
534,CENX,PRIMARY PRODUCTION OF ALUMINUM
535,CEO,Unknown
536,CEQP,NATURAL GAS TRANSMISSION &amp; DISTRIBUTION
537,CERN,Unknown
538,CERS,SURGICAL &amp; MEDICAL INSTRUMENTS &amp; APPARATUS
539,CET,Unknown
540,CETX,ELECTRONIC COMPONENTS &amp; ACCESSORIES
541,CEV,Unknown
542,CEVA,"SERVICES-COMPUTER PROGRAMMING, DATA PROCESSING, ETC."
543,CF,AGRICULTURE CHEMICALS
544,CFBK,NATIONAL COMMERCIAL BANKS
545,CFFI,STATE COMMERCIAL BANKS
546,CFFN,"SAVINGS INSTITUTION, FEDERALLY CHARTERED"
547,CFR,NATIONAL COMMERCIAL BANKS
548,CFX,Unknown
549,CGA,AGRICULTURE CHEMICALS
550,CGEN,BIOLOGICAL PRODUCTS (NO DIAGNOSTIC SUBSTANCES)
551,CGNX,"INDUSTRIAL INSTRUMENTS FOR MEASUREMENT, DISPLAY, AND CONTROL"
552,CGO,Unknown
553,CGRN,ENGINES &amp; TURBINES
554,CHA,Unknown
555,CHCI,REAL ESTATE
556,CHCO,NATIONAL COMMERCIAL BANKS
557,CHD,"SOAP, DETERGENT, CLEANING PREPARATIONS, PERFUMES, COSMETICS"
558,CHDN,"SERVICES-RACING, INCLUDING TRACK OPERATION"
559,CHE,SERVICES-HOME HEALTH CARE SERVICES
560,CHH,HOTELS &amp; MOTELS
561,CHI,Unknown
562,CHKP,SERVICES-PREPACKAGED SOFTWARE
563,CHL,Unknown
564,CHMG,STATE COMMERCIAL BANKS
565,CHN,Unknown
566,CHNR,GOLD &amp; SILVER ORES
567,CHRW,ARRANGEMENT OF TRANSPORTATION OF FREIGHT &amp; CARGO
568,CHS,RETAIL-WOMEN&#39;S CLOTHING STORES
569,CHT,RADIO TELEPHONE COMMUNICATIONS
570,CHU,Unknown
571,CHW,Unknown
572,CHY,Unknown
573,CI,HOSPITAL &amp; MEDICAL SERVICE PLANS
574,CIA,LIFE INSURANCE
575,CIB,"COMMERCIAL BANKS, NEC"
576,CIDM,SERVICES-VIDEO TAPE RENTAL
577,CIEN,TELEPHONE &amp; TELEGRAPH APPARATUS
578,CIF,Unknown
579,CIG,ELECTRIC SERVICES
580,CIG.C,Unknown
581,CIGI,REAL ESTATE
582,CII,Unknown
583,CIK,Unknown
584,CIM,REAL ESTATE INVESTMENT TRUSTS
585,CINF,"FIRE, MARINE &amp; CASUALTY INSURANCE"
586,CIR,MISCELLANEOUS FABRICATED METAL PRODUCTS
587,CIT,Unknown
588,CIVB,STATE COMMERCIAL BANKS
589,CIX,"CUTLERY, HANDTOOLS &amp; GENERAL HARDWARE"
590,CIZN,STATE COMMERCIAL BANKS
591,CJJD,RETAIL-DRUG STORES AND PROPRIETARY STORES
592,CKH,Unknown
593,CL,"PERFUMES, COSMETICS &amp; OTHER TOILET PREPARATIONS"
594,CLAR,Unknown
595,CLB,"OIL, GAS FIELD SERVICES, NBC"
596,CLBS,PHARMACEUTICAL PREPARATIONS
597,CLCT,Unknown
598,CLDT,REAL ESTATE INVESTMENT TRUSTS
599,CLDX,IN VITRO &amp; IN VIVO DIAGNOSTIC SUBSTANCES
600,CLF,METAL MINING
601,CLFD,TELEPHONE &amp; TELEGRAPH APPARATUS
602,CLGX,Unknown
603,CLH,HAZARDOUS WASTE MANAGEMENT
604,CLM,Unknown
605,CLMT,PETROLEUM REFINING
606,CLNE,GAS &amp; OTHER SERVICES COMBINED
607,CLR,CRUDE PETROLEUM &amp; NATURAL GAS
608,CLRB,PHARMACEUTICAL PREPARATIONS
609,CLRO,TELEPHONE &amp; TELEGRAPH APPARATUS
610,CLS,PRINTED CIRCUIT BOARDS
611,CLSN,PHARMACEUTICAL PREPARATIONS
612,CLW,PAPERBOARD MILLS
613,CLWT,WHOLESALE-PROFESSIONAL &amp; COMMERCIAL EQUIPMENT &amp; SUPPLIES
614,CLX,"SPECIALTY CLEANING, POLISHING AND SANITATION PREPARATIONS"
615,CM,"COMMERCIAL BANKS, NEC"
616,CMA,NATIONAL COMMERCIAL BANKS
617,CMC,"STEEL WORKS, BLAST FURNACES  ROLLING MILLS (COKE OVENS)"
618,CMCL,GOLD &amp; SILVER ORES
619,CMCO,CONSTRUCTION MACHINERY &amp; EQUIP
620,CMCSA,CABLE &amp; OTHER PAY TELEVISION SERVICES
621,CMCT,REAL ESTATE INVESTMENT TRUSTS
622,CMD,Unknown
623,CME,"SECURITY &amp; COMMODITY BROKERS, DEALERS, EXCHANGES &amp; SERVICES"
624,CMG,RETAIL-EATING PLACES
625,CMI,ENGINES &amp; TURBINES
626,CMO,Unknown
627,CMP,"MINING, QUARRYING OF NONMETALLIC MINERALS (NO FUELS)"
628,CMPR,COMMERCIAL PRINTING
629,CMRE,DEEP SEA FOREIGN TRANSPORTATION OF FREIGHT
630,CMS,ELECTRIC &amp; OTHER SERVICES COMBINED
631,CMT,"PLASTICS PRODUCTS, NEC"
632,CMTL,RADIO &amp; TV BROADCASTING &amp; COMMUNICATIONS EQUIPMENT
633,CMU,Unknown
634,CNA,"FIRE, MARINE &amp; CASUALTY INSURANCE"
635,CNBKA,Unknown
636,CNC,HOSPITAL &amp; MEDICAL SERVICE PLANS
637,CNET,"SERVICES-COMPUTER PROGRAMMING, DATA PROCESSING, ETC."
638,CNI,"RAILROADS, LINE-HAUL OPERATING"
639,CNK,SERVICES-MOTION PICTURE THEATERS
640,CNMD,ELECTROMEDICAL &amp; ELECTROTHERAPEUTIC APPARATUS
641,CNO,ACCIDENT &amp; HEALTH INSURANCE
642,CNOB,STATE COMMERCIAL BANKS
643,CNP,ELECTRIC SERVICES
644,CNQ,CRUDE PETROLEUM &amp; NATURAL GAS
645,CNR,Unknown
646,CNS,INVESTMENT ADVICE
647,CNSL,TELEPHONE COMMUNICATIONS (NO RADIO TELEPHONE)
648,CNTY,HOTELS &amp; MOTELS
649,CNX,CRUDE PETROLEUM &amp; NATURAL GAS
650,CNXN,WHOLESALE-COMPUTER &amp; PERIPHERAL EQUIPMENT &amp; SOFTWARE
651,CO,"SERVICES-MISC HEALTH &amp; ALLIED SERVICES, NEC"
652,CODI,HOUSEHOLD FURNITURE
653,COF,NATIONAL COMMERCIAL BANKS
654,COFS,STATE COMMERCIAL BANKS
655,COG,Unknown
656,COHN,"SECURITY BROKERS, DEALERS &amp; FLOTATION COMPANIES"
657,COHR,OPTICAL INSTRUMENTS &amp; LENSES
658,COHU,INSTRUMENTS FOR MEAS &amp; TESTING OF ELECTRICITY &amp; ELEC SIGNALS
659,COKE,BOTTLED &amp; CANNED SOFT DRINKS CARBONATED WATERS
660,COLB,STATE COMMERCIAL BANKS
661,COLM,APPAREL &amp; OTHER FINISHED PRODS OF FABRICS &amp; SIMILAR MATERIAL
662,CONN,RETAIL-RADIO TV &amp; CONSUMER ELECTRONICS STORES
663,COO,OPHTHALMIC GOODS
664,COP,PETROLEUM REFINING
665,COR,Unknown
666,CORE,Unknown
667,CORR,REAL ESTATE INVESTMENT TRUSTS
668,CORT,PHARMACEUTICAL PREPARATIONS
669,COST,RETAIL-VARIETY STORES
670,COWN,"SECURITY BROKERS, DEALERS &amp; FLOTATION COMPANIES"
671,CP,"RAILROADS, LINE-HAUL OPERATING"
672,CPA,"AIR TRANSPORTATION, SCHEDULED"
673,CPAH,Unknown
674,CPB,FOOD &amp; KINDRED PRODUCTS
675,CPE,CRUDE PETROLEUM &amp; NATURAL GAS
676,CPF,STATE COMMERCIAL BANKS
677,CPG,CRUDE PETROLEUM &amp; NATURAL GAS
678,CPHI,PHARMACEUTICAL PREPARATIONS
679,CPIX,PHARMACEUTICAL PREPARATIONS
680,CPK,NATURAL GAS TRANSMISSION &amp; DISTRIBUTION
681,CPLP,DEEP SEA FOREIGN TRANSPORTATION OF FREIGHT
682,CPRT,RETAIL-AUTO DEALERS &amp; GASOLINE STATIONS
683,CPRX,PHARMACEUTICAL PREPARATIONS
684,CPS,MOTOR VEHICLE PARTS &amp; ACCESSORIES
685,CPSH,POTTERY &amp; RELATED PRODUCTS
686,CPSI,SERVICES-COMPUTER PROGRAMMING SERVICES
687,CPSS,FINANCE SERVICES
688,CPT,REAL ESTATE INVESTMENT TRUSTS
689,CQP,NATURAL GAS DISTRIBUTION
690,CR,MISCELLANEOUS FABRICATED METAL PRODUCTS
691,CRAI,SERVICES-LEGAL SERVICES
692,CRD.A,Unknown
693,CRD.B,Unknown
694,CRDF,BIOLOGICAL PRODUCTS (NO DIAGNOSTIC SUBSTANCES)
695,CREE,Unknown
696,CREG,"SERVICES-BUSINESS SERVICES, NEC"
697,CRESY,REAL ESTATE
698,CREX,SERVICES-COMPUTER INTEGRATED SYSTEMS DESIGN
699,CRF,Unknown
700,CRH,"CEMENT, HYDRAULIC"
701,CRHM,Unknown
702,CRI,APPAREL &amp; OTHER FINISHED PRODS OF FABRICS &amp; SIMILAR MATERIAL
703,CRIS,BIOLOGICAL PRODUCTS (NO DIAGNOSTIC SUBSTANCES)
704,CRK,CRUDE PETROLEUM &amp; NATURAL GAS
705,CRL,SERVICES-COMMERCIAL PHYSICAL &amp; BIOLOGICAL RESEARCH
706,CRM,SERVICES-PREPACKAGED SOFTWARE
707,CRMD,PHARMACEUTICAL PREPARATIONS
708,CRMT,RETAIL-AUTO DEALERS &amp; GASOLINE STATIONS
709,CRNT,RADIO &amp; TV BROADCASTING &amp; COMMUNICATIONS EQUIPMENT
710,CROX,RUBBER &amp; PLASTICS FOOTWEAR
711,CRS,"STEEL WORKS, BLAST FURNACES  ROLLING MILLS (COKE OVENS)"
712,CRT,OIL ROYALTY TRADERS
713,CRUS,SEMICONDUCTORS &amp; RELATED DEVICES
714,CRVL,INSURANCE AGENTS BROKERS &amp; SERVICES
715,CRWS,"BROADWOVEN FABRIC MILLS, COTTON"
716,CS,"SECURITY BROKERS, DEALERS &amp; FLOTATION COMPANIES"
717,CSCO,COMPUTER COMMUNICATIONS EQUIPMENT
718,CSCW,SERVICES-EDUCATIONAL SERVICES
719,CSGP,"SERVICES-BUSINESS SERVICES, NEC"
720,CSGS,SERVICES-COMPUTER PROCESSING &amp; DATA PREPARATION
721,CSII,SURGICAL &amp; MEDICAL INSTRUMENTS &amp; APPARATUS
722,CSIQ,SEMICONDUCTORS &amp; RELATED DEVICES
723,CSL,"FABRICATED RUBBER PRODUCTS, NEC"
724,CSPI,SERVICES-COMPUTER INTEGRATED SYSTEMS DESIGN
725,CSQ,Unknown
726,CSR,REAL ESTATE INVESTMENT TRUSTS
727,CSV,SERVICES-PERSONAL SERVICES
728,CSWC,Unknown
729,CSX,"RAILROADS, LINE-HAUL OPERATING"
730,CTAS,"MEN&#39;S &amp; BOYS&#39; FURNISHINGS, WORK CLOTHING, AND ALLIED GARMENTS"
731,CTB,Unknown
732,CTBI,STATE COMMERCIAL BANKS
733,CTEK,"SERVICES-BUSINESS SERVICES, NEC"
734,CTG,SERVICES-COMPUTER PROGRAMMING SERVICES
735,CTHR,"JEWELRY, SILVERWARE &amp; PLATED WARE"
736,CTIB,"FABRICATED RUBBER PRODUCTS, NEC"
737,CTIC,PHARMACEUTICAL PREPARATIONS
738,CTLP,CALCULATING &amp; ACCOUNTING MACHINES (NO ELECTRONIC COMPUTERS)
739,CTO,REAL ESTATE INVESTMENT TRUSTS
740,CTRA,CRUDE PETROLEUM &amp; NATURAL GAS
741,CTRN,RETAIL-APPAREL &amp; ACCESSORY STORES
742,CTS,PRINTED CIRCUIT BOARDS
743,CTSH,SERVICES-COMPUTER PROGRAMMING SERVICES
744,CTSO,SURGICAL &amp; MEDICAL INSTRUMENTS &amp; APPARATUS
745,CTXS,SERVICES-PREPACKAGED SOFTWARE
746,CUB,Unknown
747,CUBA,Unknown
748,CUBE,REAL ESTATE INVESTMENT TRUSTS
749,CUK,WATER TRANSPORTATION
750,CULP,"BROADWOVEN FABRIC MILLS, COTTON"
751,CUTR,ELECTROMEDICAL &amp; ELECTROTHERAPEUTIC APPARATUS
752,CUZ,REAL ESTATE INVESTMENT TRUSTS
753,CVA,Unknown
754,CVBF,STATE COMMERCIAL BANKS
755,CVCO,MOBILE HOMES
756,CVCY,STATE COMMERCIAL BANKS
757,CVE,CRUDE PETROLEUM &amp; NATURAL GAS
758,CVGI,MOTOR VEHICLE PARTS &amp; ACCESSORIES
759,CVGW,AGRICULTURE SERVICES
760,CVI,PETROLEUM REFINING
761,CVLG,TRUCKING (NO LOCAL)
762,CVLT,SERVICES-PREPACKAGED SOFTWARE
763,CVLY,"SAVINGS INSTITUTION, FEDERALLY CHARTERED"
764,CVM,BIOLOGICAL PRODUCTS (NO DIAGNOSTIC SUBSTANCES)
765,CVR,METALWORKING MACHINERY &amp; EQUIPMENT
766,CVS,RETAIL-DRUG STORES AND PROPRIETARY STORES
767,CVU,Unknown
768,CVV,"SPECIAL INDUSTRY MACHINERY, NEC"
769,CVX,PETROLEUM REFINING
770,CW,MISC INDUSTRIAL &amp; COMMERCIAL MACHINERY &amp; EQUIPMENT
771,CWBC,STATE COMMERCIAL BANKS
772,CWCO,WATER SUPPLY
773,CWST,REFUSE SYSTEMS
774,CWT,WATER SUPPLY
775,CX,"CEMENT, HYDRAULIC"
776,CXDC,PLASTICS FOAM PRODUCTS
777,CXE,Unknown
778,CXH,Unknown
779,CXO,Unknown
780,CXW,REAL ESTATE INVESTMENT TRUSTS
781,CYAN,MEDICINAL CHEMICALS &amp; BOTANICAL PRODUCTS
782,CYBE,OPTICAL INSTRUMENTS &amp; LENSES
783,CYCC,PHARMACEUTICAL PREPARATIONS
784,CYD,ENGINES &amp; TURBINES
785,CYH,"SERVICES-GENERAL MEDICAL &amp; SURGICAL HOSPITALS, NEC"
786,CYRN,SERVICES-PREPACKAGED SOFTWARE
787,CYRX,PHARMACEUTICAL PREPARATIONS
788,CYTH,BIOLOGICAL PRODUCTS (NO DIAGNOSTIC SUBSTANCES)
789,CYTK,PHARMACEUTICAL PREPARATIONS
790,CZNC,STATE COMMERCIAL BANKS
791,CZWI,"SAVINGS INSTITUTION, FEDERALLY CHARTERED"
792,CZZ,Unknown
793,D,ELECTRIC SERVICES
794,DAC,DEEP SEA FOREIGN TRANSPORTATION OF FREIGHT
795,DAIO,INSTRUMENTS FOR MEAS &amp; TESTING OF ELECTRICITY &amp; ELEC SIGNALS
796,DAKT,MISCELLANEOUS MANUFACTURING INDUSTRIES
797,DAL,"AIR TRANSPORTATION, SCHEDULED"
798,DALN,NEWSPAPERS:  PUBLISHING OR PUBLISHING &amp; PRINTING
799,DAN,MOTOR VEHICLE PARTS &amp; ACCESSORIES
800,DAR,FATS &amp; OILS
801,DB,STATE COMMERCIAL BANKS
802,DBD,CALCULATING &amp; ACCOUNTING MACHINES (NO ELECTRONIC COMPUTERS)
803,DBI,RETAIL-SHOE STORES
804,DCI,INDUSTRIAL &amp; COMMERCIAL FANS &amp; BLOWERS &amp; AIR PURIFYING EQUIP
805,DCO,"AIRCRAFT PART &amp; AUXILIARY EQUIPMENT, NEC"
806,DCOM,NATIONAL COMMERCIAL BANKS
807,DCP,NATURAL GAS TRANSMISSION
808,DCTH,SURGICAL &amp; MEDICAL INSTRUMENTS &amp; APPARATUS
809,DDF,Unknown
810,DDS,RETAIL-DEPARTMENT STORES
811,DDT,RETAIL-DEPARTMENT STORES
812,DE,FARM MACHINERY &amp; EQUIPMENT
813,DECK,RUBBER &amp; PLASTICS FOOTWEAR
814,DEI,REAL ESTATE INVESTMENT TRUSTS
815,DENN,RETAIL-EATING PLACES
816,DEO,BEVERAGES
817,DEX,Unknown
818,DFFN,PHARMACEUTICAL PREPARATIONS
819,DFS,PERSONAL CREDIT INSTITUTIONS
820,DG,RETAIL-VARIETY STORES
821,DGICA,"FIRE, MARINE &amp; CASUALTY INSURANCE"
822,DGII,COMPUTER COMMUNICATIONS EQUIPMENT
823,DGLY,RADIO &amp; TV BROADCASTING &amp; COMMUNICATIONS EQUIPMENT
824,DGP,STATE COMMERCIAL BANKS
825,DGX,SERVICES-MEDICAL LABORATORIES
826,DGZ,STATE COMMERCIAL BANKS
827,DHC,REAL ESTATE INVESTMENT TRUSTS
828,DHF,Unknown
829,DHI,OPERATIVE BUILDERS
830,DHIL,INVESTMENT ADVICE
831,DHR,"INDUSTRIAL INSTRUMENTS FOR MEASUREMENT, DISPLAY, AND CONTROL"
832,DHT,DEEP SEA FOREIGN TRANSPORTATION OF FREIGHT
833,DHX,"SERVICES-BUSINESS SERVICES, NEC"
834,DHY,Unknown
835,DIN,RETAIL-EATING PLACES
836,DIOD,SEMICONDUCTORS &amp; RELATED DEVICES
837,DIS,SERVICES-MISCELLANEOUS AMUSEMENT &amp; RECREATION
838,DISCA,Unknown
839,DISCK,Unknown
840,DISH,CABLE &amp; OTHER PAY TELEVISION SERVICES
841,DIT,WHOLESALE-GROCERIES &amp; GENERAL LINE
842,DJCO,NEWSPAPERS:  PUBLISHING OR PUBLISHING &amp; PRINTING
843,DJP,"COMMERCIAL BANKS, NEC"
844,DK,PETROLEUM REFINING
845,DKS,RETAIL-MISCELLANEOUS SHOPPING GOODS STORES
846,DL,Unknown
847,DLA,"WHOLESALE-APPAREL, PIECE GOODS &amp; NOTIONS"
848,DLB,PATENT OWNERS &amp; LESSORS
849,DLR,REAL ESTATE INVESTMENT TRUSTS
850,DLTR,RETAIL-VARIETY STORES
851,DLX,"BLANKBOOKS, LOOSELEAF BINDERS &amp; BOOKBINDING &amp; RELATED WORK"
852,DMF,Unknown
853,DMLP,CRUDE PETROLEUM &amp; NATURAL GAS
854,DMO,Unknown
855,DMRC,SERVICES-COMPUTER INTEGRATED SYSTEMS DESIGN
856,DNN,MISCELLANEOUS METAL ORES
857,DNP,Unknown
858,DOO,Unknown
859,DORM,MOTOR VEHICLE PARTS &amp; ACCESSORIES
860,DOV,"CONSTRUCTION, MINING &amp; MATERIALS HANDLING MACHINERY &amp; EQUIP"
861,DOX,SERVICES-COMPUTER PROGRAMMING SERVICES
862,DPZ,WHOLESALE-GROCERIES &amp; RELATED PRODUCTS
863,DQ,SEMICONDUCTORS &amp; RELATED DEVICES
864,DRD,GOLD &amp; SILVER ORES
865,DRE,REAL ESTATE INVESTMENT TRUSTS
866,DRH,REAL ESTATE INVESTMENT TRUSTS
867,DRI,RETAIL-EATING PLACES
868,DRQ,OIL &amp; GAS FILED MACHINERY &amp; EQUIPMENT
869,DRRX,PHARMACEUTICAL PREPARATIONS
870,DS,RETAIL-EATING &amp; DRINKING PLACES
871,DSGX,SERVICES-PREPACKAGED SOFTWARE
872,DSM,Unknown
873,DSPG,Unknown
874,DSU,Unknown
875,DSWL,"PLASTICS PRODUCTS, NEC"
876,DSX,DEEP SEA FOREIGN TRANSPORTATION OF FREIGHT
877,DTE,ELECTRIC SERVICES
878,DTF,Unknown
879,DUC,Unknown
880,DUK,ELECTRIC &amp; OTHER SERVICES COMBINED
881,DVA,"SERVICES-MISC HEALTH &amp; ALLIED SERVICES, NEC"
882,DVAX,PHARMACEUTICAL PREPARATIONS
883,DVD,Unknown
884,DVN,CRUDE PETROLEUM &amp; NATURAL GAS
885,DWSN,OIL AND GAS FIELD EXPLORATION SERVICES
886,DX,REAL ESTATE INVESTMENT TRUSTS
887,DXC,SERVICES-COMPUTER PROCESSING &amp; DATA PREPARATION
888,DXCM,SURGICAL &amp; MEDICAL INSTRUMENTS &amp; APPARATUS
889,DXF,FINANCE SERVICES
890,DXLG,RETAIL-FAMILY CLOTHING STORES
891,DXPE,WHOLESALE-INDUSTRIAL MACHINERY &amp; EQUIPMENT
892,DXR,Unknown
893,DXYN,CARPETS AND RUGS
894,DY,"WATER, SEWER, PIPELINE, COMM AND POWER LINE CONSTRUCTION"
895,DYAI,BIOLOGICAL PRODUCTS (NO DIAGNOSTIC SUBSTANCES)
896,DYNT,SURGICAL &amp; MEDICAL INSTRUMENTS &amp; APPARATUS
897,DZSI,TELEPHONE &amp; TELEGRAPH APPARATUS
898,DZZ,STATE COMMERCIAL BANKS
899,E,CRUDE PETROLEUM &amp; NATURAL GAS
900,EA,SERVICES-PREPACKAGED SOFTWARE
901,EAD,Unknown
902,EAT,RETAIL-EATING PLACES
903,EBAY,"SERVICES-BUSINESS SERVICES, NEC"
904,EBF,MANIFOLD BUSINESS FORMS
905,EBIX,SERVICES-COMPUTER INTEGRATED SYSTEMS DESIGN
906,EBMT,STATE COMMERCIAL BANKS
907,EBR,ELECTRIC SERVICES
908,EBR.B,Unknown
909,EBS,PHARMACEUTICAL PREPARATIONS
910,EBTC,STATE COMMERCIAL BANKS
911,EC,CRUDE PETROLEUM &amp; NATURAL GAS
912,ECF,Unknown
913,ECHO,Unknown
914,ECL,"SOAP, DETERGENT, CLEANING PREPARATIONS, PERFUMES, COSMETICS"
915,ECPG,SHORT-TERM BUSINESS CREDIT INSTITUTIONS
916,ED,ELECTRIC &amp; OTHER SERVICES COMBINED
917,EDAP,ELECTROMEDICAL &amp; ELECTROTHERAPEUTIC APPARATUS
918,EDD,Unknown
919,EDF,Unknown
920,EDN,ELECTRIC SERVICES
921,EDU,SERVICES-EDUCATIONAL SERVICES
922,EDUC,WHOLESALE-MISCELLANEOUS NONDURABLE GOODS
923,EEA,Unknown
924,EEFT,"FUNCTIONS RELATED TO DEPOSITORY BANKING, NEC"
925,EFOI,ELECTRIC LIGHTING &amp; WIRING EQUIPMENT
926,EFR,Unknown
927,EFSC,STATE COMMERCIAL BANKS
928,EFT,Unknown
929,EFX,"SERVICES-CONSUMER CREDIT REPORTING, COLLECTION AGENCIES"
930,EGAN,SERVICES-PREPACKAGED SOFTWARE
931,EGBN,STATE COMMERCIAL BANKS
932,EGF,Unknown
933,EGHT,SERVICES-COMPUTER PROCESSING &amp; DATA PREPARATION
934,EGO,GOLD &amp; SILVER ORES
935,EGOV,Unknown
936,EGP,REAL ESTATE INVESTMENT TRUSTS
937,EGY,CRUDE PETROLEUM &amp; NATURAL GAS
938,EHC,SERVICES-HOSPITALS
939,EHI,Unknown
940,EHTH,INSURANCE AGENTS BROKERS &amp; SERVICES
941,EIG,"FIRE, MARINE &amp; CASUALTY INSURANCE"
942,EIM,Unknown
943,EIX,ELECTRIC SERVICES
944,EL,"PERFUMES, COSMETICS &amp; OTHER TOILET PREPARATIONS"
945,ELA,RETAIL-JEWELRY STORES
946,ELLO,ELECTRIC SERVICES
947,ELMD,ELECTROMEDICAL &amp; ELECTROTHERAPEUTIC APPARATUS
948,ELOX,BIOLOGICAL PRODUCTS (NO DIAGNOSTIC SUBSTANCES)
949,ELP,ELECTRIC SERVICES
950,ELS,REAL ESTATE INVESTMENT TRUSTS
951,ELSE,"INDUSTRIAL INSTRUMENTS FOR MEASUREMENT, DISPLAY, AND CONTROL"
952,ELTK,PRINTED CIRCUIT BOARDS
953,ELY,Unknown
954,EMAN,SEMICONDUCTORS &amp; RELATED DEVICES
955,EMCF,NATIONAL COMMERCIAL BANKS
956,EMD,Unknown
957,EME,ELECTRICAL WORK
958,EMF,Unknown
959,EMKR,SEMICONDUCTORS &amp; RELATED DEVICES
960,EML,"CUTLERY, HANDTOOLS &amp; GENERAL HARDWARE"
961,EMN,"PLASTICS, MATERIALS, SYNTH RESINS &amp; NONVULCAN ELASTOMERS"
962,EMR,ELECTRONIC &amp; OTHER ELECTRICAL EQUIPMENT (NO COMPUTER EQUIP)
963,ENB,PIPE LINES (NO NATURAL GAS)
964,ENDP,Unknown
965,ENG,SERVICES-ENGINEERING SERVICES
966,ENIA,Unknown
967,ENS,"MISCELLANEOUS ELECTRICAL MACHINERY, EQUIPMENT &amp; SUPPLIES"
968,ENSG,SERVICES-SKILLED NURSING CARE FACILITIES
969,ENSV,"OIL, GAS FIELD SERVICES, NBC"
970,ENTG,"PLASTICS PRODUCTS, NEC"
971,ENV,"SERVICES-BUSINESS SERVICES, NEC"
972,ENVB,PHARMACEUTICAL PREPARATIONS
973,ENX,Unknown
974,ENZ,BIOLOGICAL PRODUCTS (NO DIAGNOSTIC SUBSTANCES)
975,EOD,Unknown
976,EOG,CRUDE PETROLEUM &amp; NATURAL GAS
977,EOI,Unknown
978,EOS,Unknown
979,EOT,Unknown
980,EPAC,MISC INDUSTRIAL &amp; COMMERCIAL MACHINERY &amp; EQUIPMENT
981,EPAY,Unknown
982,EPC,"PERFUMES, COSMETICS &amp; OTHER TOILET PREPARATIONS"
983,EPD,NATURAL GAS TRANSMISSION
984,EPM,CRUDE PETROLEUM &amp; NATURAL GAS
985,EPR,REAL ESTATE INVESTMENT TRUSTS
986,EPSN,CRUDE PETROLEUM &amp; NATURAL GAS
987,EQC,REAL ESTATE INVESTMENT TRUSTS
988,EQNR,PETROLEUM REFINING
989,EQR,REAL ESTATE INVESTMENT TRUSTS
990,EQS,Unknown
991,EQT,CRUDE PETROLEUM &amp; NATURAL GAS
992,ERC,Unknown
993,ERH,Unknown
994,ERIC,RADIO &amp; TV BROADCASTING &amp; COMMUNICATIONS EQUIPMENT
995,ERIE,INSURANCE AGENTS BROKERS &amp; SERVICES
996,ERII,"SPECIAL INDUSTRY MACHINERY, NEC"
997,ERJ,AIRCRAFT
998,ES,ELECTRIC SERVICES
999,ESCA,Unknown
1000,ESE,"COMMUNICATIONS EQUIPMENT, NEC"
1001,ESEA,DEEP SEA FOREIGN TRANSPORTATION OF FREIGHT
1002,ESGR,"FIRE, MARINE &amp; CASUALTY INSURANCE"
1003,ESLT,"AIRCRAFT PART &amp; AUXILIARY EQUIPMENT, NEC"
1004,ESP,"ELECTRONIC COMPONENTS, NEC"
1005,ESS,REAL ESTATE INVESTMENT TRUSTS
1006,ESSA,"SAVINGS INSTITUTIONS, NOT FEDERALLY CHARTERED"
1007,ESTE,CRUDE PETROLEUM &amp; NATURAL GAS
1008,ESXB,Unknown
1009,ET,NATURAL GAS TRANSMISSION
1010,ETB,Unknown
1011,ETD,"WOOD HOUSEHOLD FURNITURE, (NO UPHOLSTERED)"
1012,ETG,Unknown
1013,ETJ,Unknown
1014,ETN,MISC INDUSTRIAL &amp; COMMERCIAL MACHINERY &amp; EQUIPMENT
1015,ETO,Unknown
1016,ETR,ELECTRIC SERVICES
1017,ETV,Unknown
1018,ETW,Unknown
1019,ETY,Unknown
1020,EVBN,NATIONAL COMMERCIAL BANKS
1021,EVC,TELEVISION BROADCASTING STATIONS
1022,EVF,Unknown
1023,EVG,Unknown
1024,EVI,SERVICES-PERSONAL SERVICES
1025,EVK,APPAREL &amp; OTHER FINISHED PRODS OF FABRICS &amp; SIMILAR MATERIAL
1026,EVM,Unknown
1027,EVN,Unknown
1028,EVOL,SERVICES-COMPUTER PROGRAMMING SERVICES
1029,EVR,INVESTMENT ADVICE
1030,EVRI,SERVICES-MISCELLANEOUS AMUSEMENT &amp; RECREATION
1031,EVT,Unknown
1032,EVV,Unknown
1033,EVY,Unknown
1034,EW,"ORTHOPEDIC, PROSTHETIC &amp; SURGICAL APPLIANCES &amp; SUPPLIES"
1035,EWBC,STATE COMMERCIAL BANKS
1036,EXAS,SERVICES-MEDICAL LABORATORIES
1037,EXC,ELECTRIC &amp; OTHER SERVICES COMBINED
1038,EXD,Unknown
1039,EXEL,BIOLOGICAL PRODUCTS (NO DIAGNOSTIC SUBSTANCES)
1040,EXFO,Unknown
1041,EXG,Unknown
1042,EXK,GOLD &amp; SILVER ORES
1043,EXLS,"SERVICES-BUSINESS SERVICES, NEC"
1044,EXN,GOLD &amp; SILVER ORES
1045,EXP,"CEMENT, HYDRAULIC"
1046,EXPD,ARRANGEMENT OF TRANSPORTATION OF FREIGHT &amp; CARGO
1047,EXPE,TRANSPORTATION SERVICES
1048,EXPO,SERVICES-MANAGEMENT CONSULTING SERVICES
1049,EXPR,RETAIL-APPAREL &amp; ACCESSORY STORES
1050,EXR,REAL ESTATE INVESTMENT TRUSTS
1051,EXTR,COMPUTER COMMUNICATIONS EQUIPMENT
1052,EYPT,LABORATORY ANALYTICAL INSTRUMENTS
1053,EZPW,RETAIL-MISCELLANEOUS RETAIL
1054,F,MOTOR VEHICLES &amp; PASSENGER CAR BODIES
1055,FAF,TITLE INSURANCE
1056,FAM,Unknown
1057,FANH,INSURANCE AGENTS BROKERS &amp; SERVICES
1058,FARM,MISCELLANEOUS FOOD PREPARATIONS &amp; KINDRED PRODUCTS
1059,FARO,"MEASURING &amp; CONTROLLING DEVICES, NEC"
1060,FAST,"RETAIL-BUILDING MATERIALS, HARDWARE, GARDEN SUPPLY"
1061,FAX,Unknown
1062,FBC,"SAVINGS INSTITUTION, FEDERALLY CHARTERED"
1063,FBIZ,STATE COMMERCIAL BANKS
1064,FBMS,NATIONAL COMMERCIAL BANKS
1065,FBNC,STATE COMMERCIAL BANKS
1066,FBP,STATE COMMERCIAL BANKS
1067,FBSS,Unknown
1068,FC,SERVICES-MANAGEMENT SERVICES
1069,FCBC,STATE COMMERCIAL BANKS
1070,FCCO,STATE COMMERCIAL BANKS
1071,FCCY,Unknown
1072,FCEL,ELECTRICAL INDUSTRIAL APPARATUS
1073,FCF,NATIONAL COMMERCIAL BANKS
1074,FCFS,RETAIL-MISCELLANEOUS RETAIL
1075,FCN,SERVICES-MANAGEMENT CONSULTING SERVICES
1076,FCNCA,STATE COMMERCIAL BANKS
1077,FCO,Unknown
1078,FCRD,Unknown
1079,FCT,Unknown
1080,FCX,METAL MINING
1081,FDP,AGRICULTURE PRODUCTION - CROPS
1082,FDS,"SERVICES-COMPUTER PROGRAMMING, DATA PROCESSING, ETC."
1083,FDX,AIR COURIER SERVICES
1084,FE,ELECTRIC SERVICES
1085,FEIM,INSTRUMENTS FOR MEAS &amp; TESTING OF ELECTRICITY &amp; ELEC SIGNALS
1086,FELE,MOTORS &amp; GENERATORS
1087,FEN,Unknown
1088,FENC,BIOLOGICAL PRODUCTS (NO DIAGNOSTIC SUBSTANCES)
1089,FEO,Unknown
1090,FFA,Unknown
1091,FFBC,NATIONAL COMMERCIAL BANKS
1092,FFC,Unknown
1093,FFG,Unknown
1094,FFHL,SERVICES-PREPACKAGED SOFTWARE
1095,FFIC,STATE COMMERCIAL BANKS
1096,FFIN,STATE COMMERCIAL BANKS
1097,FFIV,COMPUTER COMMUNICATIONS EQUIPMENT
1098,FFNW,STATE COMMERCIAL BANKS
1099,FGB,Unknown
1100,FHI,INVESTMENT ADVICE
1101,FHN,NATIONAL COMMERCIAL BANKS
1102,FIBK,STATE COMMERCIAL BANKS
1103,FICO,"SERVICES-BUSINESS SERVICES, NEC"
1104,FIS,"SERVICES-BUSINESS SERVICES, NEC"
1105,FISI,NATIONAL COMMERCIAL BANKS
1106,FISV,"SERVICES-BUSINESS SERVICES, NEC"
1107,FITB,STATE COMMERCIAL BANKS
1108,FIX,ELECTRICAL WORK
1109,FIZZ,BOTTLED &amp; CANNED SOFT DRINKS CARBONATED WATERS
1110,FL,RETAIL-SHOE STORES
1111,FLC,Unknown
1112,FLEX,PRINTED CIRCUIT BOARDS
1113,FLIC,NATIONAL COMMERCIAL BANKS
1114,FLIR,Unknown
1115,FLL,HOTELS &amp; MOTELS
1116,FLNT,SERVICES-ADVERTISING
1117,FLO,FOOD &amp; KINDRED PRODUCTS
1118,FLR,HEAVY CONSTRUCTION OTHER THAN BUILDING CONST - CONTRACTORS
1119,FLS,PUMPS &amp; PUMPING EQUIPMENT
1120,FLT,"SERVICES-BUSINESS SERVICES, NEC"
1121,FLWS,"RETAIL-RETAIL STORES, NEC"
1122,FLXS,HOUSEHOLD FURNITURE
1123,FLY,Unknown
1124,FMAO,"SAVINGS INSTITUTION, FEDERALLY CHARTERED"
1125,FMBI,Unknown
1126,FMC,CHEMICALS &amp; ALLIED PRODUCTS
1127,FMN,Unknown
1128,FMNB,STATE COMMERCIAL BANKS
1129,FMO,Unknown
1130,FMS,"SERVICES-MISC HEALTH &amp; ALLIED SERVICES, NEC"
1131,FMX,BOTTLED &amp; CANNED SOFT DRINKS CARBONATED WATERS
1132,FMY,Unknown
1133,FN,TELEPHONE &amp; TELEGRAPH APPARATUS
1134,FNB,NATIONAL COMMERCIAL BANKS
1135,FNCB,NATIONAL COMMERCIAL BANKS
1136,FNHC,"FIRE, MARINE &amp; CASUALTY INSURANCE"
1137,FNLC,NATIONAL COMMERCIAL BANKS
1138,FNV,GOLD &amp; SILVER ORES
1139,FNWD,"SAVINGS INSTITUTION, FEDERALLY CHARTERED"
1140,FOE,Unknown
1141,FOF,Unknown
1142,FOLD,PHARMACEUTICAL PREPARATIONS
1143,FONR,ELECTROMEDICAL &amp; ELECTROTHERAPEUTIC APPARATUS
1144,FORD,FINANCE SERVICES
1145,FORM,SEMICONDUCTORS &amp; RELATED DEVICES
1146,FORR,"SERVICES-ENGINEERING, ACCOUNTING, RESEARCH, MANAGEMENT"
1147,FORTY,SERVICES-COMPUTER PROGRAMMING SERVICES
1148,FOSL,"WATCHES, CLOCKS, CLOCKWORK OPERATED DEVICES/PARTS"
1149,FR,REAL ESTATE INVESTMENT TRUSTS
1150,FRA,Unknown
1151,FRAF,STATE COMMERCIAL BANKS
1152,FRBA,Unknown
1153,FRBK,STATE COMMERCIAL BANKS
1154,FRC,Unknown
1155,FRD,"STEEL WORKS, BLAST FURNACES &amp; ROLLING &amp; FINISHING MILLS"
1156,FRHC,"SECURITY BROKERS, DEALERS &amp; FLOTATION COMPANIES"
1157,FRME,NATIONAL COMMERCIAL BANKS
1158,FRO,DEEP SEA FOREIGN TRANSPORTATION OF FREIGHT
1159,FRPH,REAL ESTATE
1160,FRST,STATE COMMERCIAL BANKS
1161,FRT,REAL ESTATE INVESTMENT TRUSTS
1162,FSD,Unknown
1163,FSFG,"SAVINGS INSTITUTION, FEDERALLY CHARTERED"
1164,FSI,MISCELLANEOUS CHEMICAL PRODUCTS
1165,FSLR,SEMICONDUCTORS &amp; RELATED DEVICES
1166,FSM,GOLD &amp; SILVER ORES
1167,FSP,REAL ESTATE INVESTMENT TRUSTS
1168,FSS,MOTOR VEHICLES &amp; PASSENGER CAR BODIES
1169,FSTR,WHOLESALE-METALS SERVICE CENTERS &amp; OFFICES
1170,FT,Unknown
1171,FTEK,INDUSTRIAL &amp; COMMERCIAL FANS &amp; BLOWERS &amp; AIR PURIFYING EQUIP
1172,FTF,Unknown
1173,FTFT,"SERVICES-BUSINESS SERVICES, NEC"
1174,FTK,MISCELLANEOUS CHEMICAL PRODUCTS
1175,FTNT,"COMPUTER PERIPHERAL EQUIPMENT, NEC"
1176,FUD,Unknown
1177,FUE,MISCELLANEOUS BUSINESS CREDIT INSTITUTION
1178,FUL,ADHESIVES &amp; SEALANTS
1179,FULT,NATIONAL COMMERCIAL BANKS
1180,FUN,SERVICES-MISCELLANEOUS AMUSEMENT &amp; RECREATION
1181,FUNC,NATIONAL COMMERCIAL BANKS
1182,FUND,Unknown
1183,FUSB,STATE COMMERCIAL BANKS
1184,FVE,Unknown
1185,FWRD,ARRANGEMENT OF TRANSPORTATION OF FREIGHT &amp; CARGO
1186,FXNC,STATE COMMERCIAL BANKS
1187,G,SERVICES-MANAGEMENT CONSULTING SERVICES
1188,GAB,Unknown
1189,GABC,STATE COMMERCIAL BANKS
1190,GAIA,SERVICES-MOTION PICTURE &amp; VIDEO TAPE PRODUCTION
1191,GAIN,Unknown
1192,GALT,PHARMACEUTICAL PREPARATIONS
1193,GAM,Unknown
1194,GASS,DEEP SEA FOREIGN TRANSPORTATION OF FREIGHT
1195,GATX,TRANSPORTATION SERVICES
1196,GAU,"MINING, QUARRYING OF NONMETALLIC MINERALS (NO FUELS)"
1197,GBAB,Unknown
1198,GBCI,STATE COMMERCIAL BANKS
1199,GBDC,Unknown
1200,GBL,"SECURITY BROKERS, DEALERS &amp; FLOTATION COMPANIES"
1201,GBX,RAILROAD EQUIPMENT
1202,GCBC,"SAVINGS INSTITUTIONS, NOT FEDERALLY CHARTERED"
1203,GCO,RETAIL-SHOE STORES
1204,GCV,Unknown
1205,GD,SHIP &amp; BOAT BUILDING &amp; REPAIRING
1206,GDEN,SERVICES-MISCELLANEOUS AMUSEMENT &amp; RECREATION
1207,GDL,Unknown
1208,GDO,Unknown
1209,GDOT,FINANCE SERVICES
1210,GDV,Unknown
1211,GE,ELECTRONIC &amp; OTHER ELECTRICAL EQUIPMENT (NO COMPUTER EQUIP)
1212,GEC,Unknown
1213,GEF,"METAL SHIPPING BARRELS, DRUMS, KEGS &amp; PAILS"
1214,GEF.B,Unknown
1215,GEL,PIPE LINES (NO NATURAL GAS)
1216,GEN,Unknown
1217,GENC,CONSTRUCTION MACHINERY &amp; EQUIP
1218,GENE,BIOLOGICAL PRODUCTS (NO DIAGNOSTIC SUBSTANCES)
1219,GEO,GEN BUILDING CONTRACTORS - RESIDENTIAL BUILDINGS
1220,GEOS,"MEASURING &amp; CONTROLLING DEVICES, NEC"
1221,GERN,PHARMACEUTICAL PREPARATIONS
1222,GES,"WOMEN&#39;S, MISSES&#39;, CHILDREN&#39;S &amp; INFANTS&#39; UNDERGARMENTS"
1223,GF,Unknown
1224,GFED,Unknown
1225,GFF,"METAL DOORS, SASH, FRAMES, MOLDING &amp; TRIM"
1226,GFI,GOLD &amp; SILVER ORES
1227,GFN,Unknown
1228,GGAL,"COMMERCIAL BANKS, NEC"
1229,GGB,"STEEL WORKS, BLAST FURNACES &amp; ROLLING &amp; FINISHING MILLS"
1230,GGG,PUMPS &amp; PUMPING EQUIPMENT
1231,GGMC,BLANK CHECKS
1232,GGN,Unknown
1233,GGT,Unknown
1234,GHC,SERVICES-EDUCATIONAL SERVICES
1235,GHL,"SECURITY BROKERS, DEALERS &amp; FLOTATION COMPANIES"
1236,GHM,GENERAL INDUSTRIAL MACHINERY &amp; EQUIPMENT
1237,GIB,SERVICES-MANAGEMENT CONSULTING SERVICES
1238,GIC,WHOLESALE-INDUSTRIAL MACHINERY &amp; EQUIPMENT
1239,GIFI,FABRICATED STRUCTURAL METAL PRODUCTS
1240,GIGM,"SERVICES-COMPUTER PROGRAMMING, DATA PROCESSING, ETC."
1241,GIII,APPAREL &amp; OTHER FINISHED PRODS OF FABRICS &amp; SIMILAR MATERIAL
1242,GIL,APPAREL &amp; OTHER FINISHED PRODS OF FABRICS &amp; SIMILAR MATERIAL
1243,GILD,BIOLOGICAL PRODUCTS (NO DIAGNOSTIC SUBSTANCES)
1244,GILT,RADIO &amp; TV BROADCASTING &amp; COMMUNICATIONS EQUIPMENT
1245,GIM,Unknown
1246,GIS,GRAIN MILL PRODUCTS
1247,GJH,ASSET-BACKED SECURITIES
1248,GJO,ASSET-BACKED SECURITIES
1249,GJP,ASSET-BACKED SECURITIES
1250,GJS,ASSET-BACKED SECURITIES
1251,GL,LIFE INSURANCE
1252,GLAD,Unknown
1253,GLBS,DEEP SEA FOREIGN TRANSPORTATION OF FREIGHT
1254,GLBZ,STATE COMMERCIAL BANKS
1255,GLDD,HEAVY CONSTRUCTION OTHER THAN BUILDING CONST - CONTRACTORS
1256,GLNG,WATER TRANSPORTATION
1257,GLO,Unknown
1258,GLP,WHOLESALE-PETROLEUM BULK STATIONS &amp; TERMINALS
1259,GLQ,Unknown
1260,GLRE,"FIRE, MARINE &amp; CASUALTY INSURANCE"
1261,GLT,PAPER MILLS
1262,GLU,Unknown
1263,GLUU,Unknown
1264,GLV,Unknown
1265,GLW,DRAWING AND INSULATING NONFERROUS WIRE
1266,GM,MOTOR VEHICLES &amp; PASSENGER CAR BODIES
1267,GMBL,SERVICES-AMUSEMENT &amp; RECREATION SERVICES
1268,GME,RETAIL-COMPUTER &amp; COMPUTER SOFTWARE STORES
1269,GNMK,Unknown
1270,GNRC,MOTORS &amp; GENERATORS
1271,GNSS,HOUSEHOLD AUDIO &amp; VIDEO EQUIPMENT
1272,GNTX,MOTOR VEHICLE PARTS &amp; ACCESSORIES
1273,GNW,LIFE INSURANCE
1274,GOF,Unknown
1275,GOGL,WATER TRANSPORTATION
1276,GOL,"AIR TRANSPORTATION, SCHEDULED"
1277,GOLD,GOLD &amp; SILVER ORES
1278,GOOD,"LESSORS OF REAL PROPERTY, NEC"
1279,GOOGL,"SERVICES-COMPUTER PROGRAMMING, DATA PROCESSING, ETC."
1280,GORO,GOLD &amp; SILVER ORES
1281,GOVX,PHARMACEUTICAL PREPARATIONS
1282,GPC,WHOLESALE-MOTOR VEHICLE SUPPLIES &amp; NEW PARTS
1283,GPI,RETAIL-AUTO DEALERS &amp; GASOLINE STATIONS
1284,GPK,PAPERBOARD CONTAINERS &amp; BOXES
1285,GPL,METAL MINING
1286,GPM,Unknown
1287,GPN,"SERVICES-BUSINESS SERVICES, NEC"
1288,GPRE,INDUSTRIAL ORGANIC CHEMICALS
1289,GPS,RETAIL-FAMILY CLOTHING STORES
1290,GPX,Unknown
1291,GRA,Unknown
1292,GRBK,OPERATIVE BUILDERS
1293,GRC,PUMPS &amp; PUMPING EQUIPMENT
1294,GRF,Unknown
1295,GRMN,"SEARCH, DETECTION, NAVIGATION, GUIDANCE, AERONAUTICAL SYS"
1296,GROW,INVESTMENT ADVICE
1297,GRU,MISCELLANEOUS BUSINESS CREDIT INSTITUTION
1298,GRVY,SERVICES-COMPUTER PROCESSING &amp; DATA PREPARATION
1299,GRX,Unknown
1300,GS,"SECURITY BROKERS, DEALERS &amp; FLOTATION COMPANIES"
1301,GSAT,"COMMUNICATION SERVICES, NEC"
1302,GSBC,STATE COMMERCIAL BANKS
1303,GSIT,SEMICONDUCTORS &amp; RELATED DEVICES
1304,GSK,PHARMACEUTICAL PREPARATIONS
1305,GSL,DEEP SEA FOREIGN TRANSPORTATION OF FREIGHT
1306,GSP,"COMMERCIAL BANKS, NEC"
1307,GSS,GOLD &amp; SILVER ORES
1308,GSV,"MINING, QUARRYING OF NONMETALLIC MINERALS (NO FUELS)"
1309,GT,TIRES AND INNER TUBES
1310,GTBP,PHARMACEUTICAL PREPARATIONS
1311,GTE,CRUDE PETROLEUM &amp; NATURAL GAS
1312,GTIM,RETAIL-EATING PLACES
1313,GTLS,FABRICATED PLATE WORK (BOILER SHOPS)
1314,GTN,TELEVISION BROADCASTING STATIONS
1315,GTN.A,Unknown
1316,GTS,Unknown
1317,GTY,REAL ESTATE
1318,GURE,CHEMICALS &amp; ALLIED PRODUCTS
1319,GUT,Unknown
1320,GV,Unknown
1321,GVA,HEAVY CONSTRUCTION OTHER THAN BUILDING CONST - CONTRACTORS
1322,GVP,SERVICES-PREPACKAGED SOFTWARE
1323,GWW,WHOLESALE-DURABLE GOODS
1324,GYC,Unknown
1325,H,HOTELS &amp; MOTELS
1326,HA,"AIR TRANSPORTATION, SCHEDULED"
1327,HAE,SURGICAL &amp; MEDICAL INSTRUMENTS &amp; APPARATUS
1328,HAFC,NATIONAL COMMERCIAL BANKS
1329,HAIN,FOOD &amp; KINDRED PRODUCTS
1330,HAL,"OIL, GAS FIELD SERVICES, NBC"
1331,HALL,"INSURANCE CARRIERS, NEC"
1332,HALO,BIOLOGICAL PRODUCTS (NO DIAGNOSTIC SUBSTANCES)
1333,HAS,"GAMES, TOYS &amp; CHILDREN&#39;S VEHICLES (NO DOLLS &amp; BICYCLES)"
1334,HAYN,"STEEL WORKS, BLAST FURNACES &amp; ROLLING &amp; FINISHING MILLS"
1335,HBAN,NATIONAL COMMERCIAL BANKS
1336,HBCP,"SAVINGS INSTITUTIONS, NOT FEDERALLY CHARTERED"
1337,HBI,RETAIL-APPAREL &amp; ACCESSORY STORES
1338,HBIO,LABORATORY ANALYTICAL INSTRUMENTS
1339,HBM,METAL MINING
1340,HBNC,STATE COMMERCIAL BANKS
1341,HBP,WHOLESALE-LUMBER &amp; OTHER CONSTRUCTION MATERIALS
1342,HCCI,SANITARY SERVICES
1343,HCHC,Unknown
1344,HCI,"FIRE, MARINE &amp; CASUALTY INSURANCE"
1345,HCKT,SERVICES-MANAGEMENT CONSULTING SERVICES
1346,HCSG,SERVICES-NURSING &amp; PERSONAL CARE FACILITIES
1347,HD,RETAIL-LUMBER &amp; OTHER BUILDING MATERIALS DEALERS
1348,HDB,"COMMERCIAL BANKS, NEC"
1349,HDSN,"WHOLESALE-MACHINERY, EQUIPMENT &amp; SUPPLIES"
1350,HE,ELECTRIC SERVICES
1351,HEAR,"COMMUNICATIONS EQUIPMENT, NEC"
1352,HEES,SERVICES-MISCELLANEOUS EQUIPMENT RENTAL &amp; LEASING
1353,HEI,AIRCRAFT ENGINES &amp; ENGINE PARTS
1354,HEI.A,Unknown
1355,HELE,ELECTRIC HOUSEWARES &amp; FANS
1356,HEP,PIPE LINES (NO NATURAL GAS)
1357,HES,PETROLEUM REFINING
1358,HFBL,"SAVINGS INSTITUTION, FEDERALLY CHARTERED"
1359,HFC,Unknown
1360,HFWA,"SAVINGS INSTITUTIONS, NOT FEDERALLY CHARTERED"
1361,HGSH,Unknown
1362,HHC,REAL ESTATE INVESTMENT TRUSTS
1363,HI,MISCELLANEOUS MANUFACTURING INDUSTRIES
1364,HIBB,RETAIL-MISCELLANEOUS SHOPPING GOODS STORES
1365,HIFS,Unknown
1366,HIG,"FIRE, MARINE &amp; CASUALTY INSURANCE"
1367,HIHO,MISCELLANEOUS FABRICATED METAL PRODUCTS
1368,HIL,SERVICES-ENGINEERING SERVICES
1369,HIMX,SEMICONDUCTORS &amp; RELATED DEVICES
1370,HIO,Unknown
1371,HIW,REAL ESTATE INVESTMENT TRUSTS
1372,HIX,Unknown
1373,HL,"MINING, QUARRYING OF NONMETALLIC MINERALS (NO FUELS)"
1374,HLF,WHOLESALE-DRUGS PROPRIETARIES &amp; DRUGGISTS&#39; SUNDRIES
1375,HLIO,MISCELLANEOUS FABRICATED METAL PRODUCTS
1376,HLIT,RADIO &amp; TV BROADCASTING &amp; COMMUNICATIONS EQUIPMENT
1377,HLX,"OIL, GAS FIELD SERVICES, NBC"
1378,HMC,MOTOR VEHICLES &amp; PASSENGER CAR BODIES
1379,HMG,Unknown
1380,HMN,"FIRE, MARINE &amp; CASUALTY INSURANCE"
1381,HMNF,"SAVINGS INSTITUTION, FEDERALLY CHARTERED"
1382,HMSY,Unknown
1383,HMY,GOLD &amp; SILVER ORES
1384,HNGR,"SERVICES-SPECIALTY OUTPATIENT FACILITIES, NEC"
1385,HNI,OFFICE FURNITURE (NO WOOD)
1386,HNNA,INVESTMENT ADVICE
1387,HNP,Unknown
1388,HNRG,ELECTRIC SERVICES
1389,HNW,Unknown
1390,HOFT,HOUSEHOLD FURNITURE
1391,HOG,"MOTORCYCLES, BICYCLES &amp; PARTS"
1392,HOLI,ELECTRICAL INDUSTRIAL APPARATUS
1393,HOLX,X-RAY APPARATUS &amp; TUBES &amp; RELATED IRRADIATION APPARATUS
1394,HOMB,STATE COMMERCIAL BANKS
1395,HON,AIRCRAFT ENGINES &amp; ENGINE PARTS
1396,HOPE,NATIONAL COMMERCIAL BANKS
1397,HOV,OPERATIVE BUILDERS
1398,HP,DRILLING OIL &amp; GAS WELLS
1399,HPF,Unknown
1400,HPI,Unknown
1401,HPP,REAL ESTATE
1402,HPQ,COMPUTER &amp; OFFICE EQUIPMENT
1403,HPR,Unknown
1404,HPS,Unknown
1405,HQH,Unknown
1406,HQI,SERVICES-HELP SUPPLY SERVICES
1407,HQL,Unknown
1408,HR,REAL ESTATE INVESTMENT TRUSTS
1409,HRB,SERVICES-PERSONAL SERVICES
1410,HRC,Unknown
1411,HRI,SERVICES-MISCELLANEOUS EQUIPMENT RENTAL &amp; LEASING
1412,HRL,MEAT PACKING PLANTS
1413,HRTX,PHARMACEUTICAL PREPARATIONS
1414,HRZN,Unknown
1415,HSBC,"SAVINGS INSTITUTION, FEDERALLY CHARTERED"
1416,HSC,"SERVICES-SERVICES, NEC"
1417,HSIC,"WHOLESALE-MEDICAL, DENTAL &amp; HOSPITAL EQUIPMENT &amp; SUPPLIES"
1418,HSII,SERVICES-EMPLOYMENT AGENCIES
1419,HSKA,IN VITRO &amp; IN VIVO DIAGNOSTIC SUBSTANCES
1420,HSON,SERVICES-HELP SUPPLY SERVICES
1421,HST,REAL ESTATE INVESTMENT TRUSTS
1422,HSTM,"SERVICES-COMPUTER PROGRAMMING, DATA PROCESSING, ETC."
1423,HSY,SUGAR &amp; CONFECTIONERY PRODUCTS
1424,HT,REAL ESTATE INVESTMENT TRUSTS
1425,HTBK,STATE COMMERCIAL BANKS
1426,HTD,Unknown
1427,HTGC,Unknown
1428,HTH,STATE COMMERCIAL BANKS
1429,HTHT,HOTELS &amp; MOTELS
1430,HTLD,TRUCKING (NO LOCAL)
1431,HTLF,STATE COMMERCIAL BANKS
1432,HTY,Unknown
1433,HUBG,ARRANGEMENT OF TRANSPORTATION OF FREIGHT &amp; CARGO
1434,HUM,HOSPITAL &amp; MEDICAL SERVICE PLANS
1435,HUN,CHEMICALS &amp; ALLIED PRODUCTS
1436,HURC,"INDUSTRIAL INSTRUMENTS FOR MEASUREMENT, DISPLAY, AND CONTROL"
1437,HURN,SERVICES-MANAGEMENT CONSULTING SERVICES
1438,HUSA,CRUDE PETROLEUM &amp; NATURAL GAS
1439,HVT,RETAIL-FURNITURE STORES
1440,HVT.A,Unknown
1441,HWBK,NATIONAL COMMERCIAL BANKS
1442,HWC,STATE COMMERCIAL BANKS
1443,HWCC,Unknown
1444,HWKN,WHOLESALE-CHEMICALS &amp; ALLIED PRODUCTS
1445,HWM,ROLLING DRAWING &amp; EXTRUDING OF NONFERROUS METALS
1446,HXL,"PLASTICS, MATERIALS, SYNTH RESINS &amp; NONVULCAN ELASTOMERS"
1447,HYB,Unknown
1448,HYI,Unknown
1449,HYT,Unknown
1450,HZO,RETAIL-AUTO &amp; HOME SUPPLY STORES
1451,IAE,Unknown
1452,IAF,Unknown
1453,IAG,GOLD &amp; SILVER ORES
1454,IART,SURGICAL &amp; MEDICAL INSTRUMENTS &amp; APPARATUS
1455,IBA,POULTRY SLAUGHTERING AND PROCESSING
1456,IBCP,STATE COMMERCIAL BANKS
1457,IBIO,PHARMACEUTICAL PREPARATIONS
1458,IBKR,"SECURITY BROKERS, DEALERS &amp; FLOTATION COMPANIES"
1459,IBM,COMPUTER &amp; OFFICE EQUIPMENT
1460,IBN,"COMMERCIAL BANKS, NEC"
1461,IBOC,STATE COMMERCIAL BANKS
1462,ICAD,SURGICAL &amp; MEDICAL INSTRUMENTS &amp; APPARATUS
1463,ICCC,IN VITRO &amp; IN VIVO DIAGNOSTIC SUBSTANCES
1464,ICE,"SECURITY &amp; COMMODITY BROKERS, DEALERS, EXCHANGES &amp; SERVICES"
1465,ICFI,SERVICES-MANAGEMENT CONSULTING SERVICES
1466,ICON,Unknown
1467,ICUI,SURGICAL &amp; MEDICAL INSTRUMENTS &amp; APPARATUS
1468,IDA,ELECTRIC SERVICES
1469,IDCC,PATENT OWNERS &amp; LESSORS
1470,IDE,Unknown
1471,IDEX,MOTOR VEHICLES &amp; PASSENGER CAR BODIES
1472,IDN,SERVICES-PREPACKAGED SOFTWARE
1473,IDRA,BIOLOGICAL PRODUCTS (NO DIAGNOSTIC SUBSTANCES)
1474,IDT,TELEPHONE COMMUNICATIONS (NO RADIO TELEPHONE)
1475,IDXG,SURGICAL &amp; MEDICAL INSTRUMENTS &amp; APPARATUS
1476,IDXX,IN VITRO &amp; IN VIVO DIAGNOSTIC SUBSTANCES
1477,IEC,Unknown
1478,IEP,PETROLEUM REFINING
1479,IESC,ELECTRICAL WORK
1480,IEX,PUMPS &amp; PUMPING EQUIPMENT
1481,IFF,INDUSTRIAL ORGANIC CHEMICALS
1482,IFN,Unknown
1483,IGA,Unknown
1484,IGC,PHARMACEUTICAL PREPARATIONS
1485,IGD,Unknown
1486,IGI,Unknown
1487,IGR,Unknown
1488,IHC,Unknown
1489,IHG,HOTELS &amp; MOTELS
1490,IHT,REAL ESTATE INVESTMENT TRUSTS
1491,IID,Unknown
1492,IIF,Unknown
1493,III,SERVICES-MANAGEMENT CONSULTING SERVICES
1494,IIIN,"STEEL WORKS, BLAST FURNACES &amp; ROLLING &amp; FINISHING MILLS"
1495,IIM,Unknown
1496,IIN,Unknown
1497,IIVI,OPTICAL INSTRUMENTS &amp; LENSES
1498,ILMN,LABORATORY ANALYTICAL INSTRUMENTS
1499,IMAX,PHOTOGRAPHIC EQUIPMENT &amp; SUPPLIES
1500,IMBI,RETAIL-CATALOG &amp; MAIL-ORDER HOUSES
1501,IMGN,PHARMACEUTICAL PREPARATIONS
1502,IMH,REAL ESTATE INVESTMENT TRUSTS
1503,IMKTA,RETAIL-GROCERY STORES
1504,IMMR,"COMPUTER PERIPHERAL EQUIPMENT, NEC"
1505,IMO,PETROLEUM REFINING
1506,INBK,STATE COMMERCIAL BANKS
1507,INCY,SERVICES-COMMERCIAL PHYSICAL &amp; BIOLOGICAL RESEARCH
1508,INDB,STATE COMMERCIAL BANKS
1509,INDT,REAL ESTATE
1510,INFI,PHARMACEUTICAL PREPARATIONS
1511,INFN,TELEPHONE &amp; TELEGRAPH APPARATUS
1512,INFU,SURGICAL &amp; MEDICAL INSTRUMENTS &amp; APPARATUS
1513,INFY,SERVICES-COMPUTER PROGRAMMING SERVICES
1514,ING,"COMMERCIAL BANKS, NEC"
1515,INO,PHARMACEUTICAL PREPARATIONS
1516,INOD,SERVICES-COMPUTER PROCESSING &amp; DATA PREPARATION
1517,INS,Unknown
1518,INSI,Unknown
1519,INSM,PHARMACEUTICAL PREPARATIONS
1520,INT,WHOLESALE-PETROLEUM &amp; PETROLEUM PRODUCTS (NO BULK STATIONS)
1521,INTC,SEMICONDUCTORS &amp; RELATED DEVICES
1522,INTG,OPERATORS OF APARTMENT BUILDINGS
1523,INTT,INSTRUMENTS FOR MEAS &amp; TESTING OF ELECTRICITY &amp; ELEC SIGNALS
1524,INTU,SERVICES-PREPACKAGED SOFTWARE
1525,INUV,SERVICES-ADVERTISING
1526,INVA,PHARMACEUTICAL PREPARATIONS
1527,INVE,"COMPUTER PERIPHERAL EQUIPMENT, NEC"
1528,INVO,SURGICAL &amp; MEDICAL INSTRUMENTS &amp; APPARATUS
1529,IO,Unknown
1530,IONS,PHARMACEUTICAL PREPARATIONS
1531,IOR,REAL ESTATE INVESTMENT TRUSTS
1532,IOSP,CHEMICALS &amp; ALLIED PRODUCTS
1533,IP,PAPER MILLS
1534,IPAR,"PERFUMES, COSMETICS &amp; OTHER TOILET PREPARATIONS"
1535,IPG,SERVICES-ADVERTISING AGENCIES
1536,IPGP,SEMICONDUCTORS &amp; RELATED DEVICES
1537,IPHI,Unknown
1538,IPI,"MINING, QUARRYING OF NONMETALLIC MINERALS (NO FUELS)"
1539,IQI,Unknown
1540,IRBT,HOUSEHOLD APPLIANCES
1541,IRCP,Unknown
1542,IRDM,"COMMUNICATION SERVICES, NEC"
1543,IRIX,ELECTROMEDICAL &amp; ELECTROTHERAPEUTIC APPARATUS
1544,IRL,Unknown
1545,IRR,Unknown
1546,IRS,LAND SUBDIVIDERS &amp; DEVELOPERS (NO CEMETERIES)
1547,IRWD,PHARMACEUTICAL PREPARATIONS
1548,ISIG,AGRICULTURE PRODUCTION - CROPS
1549,ISNS,Unknown
1550,ISR,PHARMACEUTICAL PREPARATIONS
1551,ISRG,"ORTHOPEDIC, PROSTHETIC &amp; SURGICAL APPLIANCES &amp; SUPPLIES"
1552,ISSC,SERVICES-COMPUTER PROGRAMMING SERVICES
1553,IT,SERVICES-MANAGEMENT SERVICES
1554,ITCB,"COMMERCIAL BANKS, NEC"
1555,ITGR,ELECTROMEDICAL &amp; ELECTROTHERAPEUTIC APPARATUS
1556,ITI,"COMMUNICATIONS EQUIPMENT, NEC"
1557,ITIC,TITLE INSURANCE
1558,ITP,CONVERTED PAPER &amp; PAPERBOARD PRODS (NO CONTAINERS/BOXES)
1559,ITRI,INSTRUMENTS FOR MEAS &amp; TESTING OF ELECTRICITY &amp; ELEC SIGNALS
1560,ITRN,"WHOLESALE-ELECTRONIC PARTS &amp; EQUIPMENT, NEC"
1561,ITUB,STATE COMMERCIAL BANKS
1562,ITW,GENERAL INDUSTRIAL MACHINERY &amp; EQUIPMENT
1563,IVAC,"SPECIAL INDUSTRY MACHINERY, NEC"
1564,IVC,"ORTHOPEDIC, PROSTHETIC &amp; SURGICAL APPLIANCES &amp; SUPPLIES"
1565,IVR,REAL ESTATE INVESTMENT TRUSTS
1566,IVZ,INVESTMENT ADVICE
1567,IX,MISCELLANEOUS BUSINESS CREDIT INSTITUTION
1568,J,HEAVY CONSTRUCTION OTHER THAN BUILDING CONST - CONTRACTORS
1569,JACK,RETAIL-EATING PLACES
1570,JAKK,"GAMES, TOYS &amp; CHILDREN&#39;S VEHICLES (NO DOLLS &amp; BICYCLES)"
1571,JAN,Unknown
1572,JAZZ,PHARMACEUTICAL PREPARATIONS
1573,JBHT,TRUCKING (NO LOCAL)
1574,JBK,ASSET-BACKED SECURITIES
1575,JBL,PRINTED CIRCUIT BOARDS
1576,JBLU,"AIR TRANSPORTATION, SCHEDULED"
1577,JBSS,SUGAR &amp; CONFECTIONERY PRODUCTS
1578,JBT,SPECIAL INDUSTRY MACHINERY (NO METALWORKING MACHINERY)
1579,JCE,Unknown
1580,JCI,AIR COND &amp; WARM AIR HEATING EQUIP &amp; COMM &amp; INDL REFRIG EQUIP
1581,JCS,Unknown
1582,JCTCF,RETAIL-LUMBER &amp; OTHER BUILDING MATERIALS DEALERS
1583,JDD,Unknown
1584,JEF,"SECURITY BROKERS, DEALERS &amp; FLOTATION COMPANIES"
1585,JEQ,Unknown
1586,JFR,Unknown
1587,JHI,Unknown
1588,JHS,Unknown
1589,JHX,"CONCRETE PRODUCTS, EXCEPT BLOCK &amp; BRICK"
1590,JJSF,COOKIES &amp; CRACKERS
1591,JKHY,SERVICES-COMPUTER INTEGRATED SYSTEMS DESIGN
1592,JKS,SEMICONDUCTORS &amp; RELATED DEVICES
1593,JLL,REAL ESTATE AGENTS &amp; MANAGERS (FOR OTHERS)
1594,JLS,Unknown
1595,JMM,Unknown
1596,JNJ,PHARMACEUTICAL PREPARATIONS
1597,JNPR,COMPUTER COMMUNICATIONS EQUIPMENT
1598,JOB,SERVICES-EMPLOYMENT AGENCIES
1599,JOBS,Unknown
1600,JOE,LAND SUBDIVIDERS &amp; DEVELOPERS (NO CEMETERIES)
1601,JOF,Unknown
1602,JOUT,Unknown
1603,JPC,Unknown
1604,JPM,NATIONAL COMMERCIAL BANKS
1605,JPS,Unknown
1606,JQC,Unknown
1607,JRJC,Unknown
1608,JRO,Unknown
1609,JRS,Unknown
1610,JTA,Unknown
1611,JTD,Unknown
1612,JVA,MISCELLANEOUS FOOD PREPARATIONS &amp; KINDRED PRODUCTS
1613,JW.A,Unknown
1614,JW.B,Unknown
1615,JWN,RETAIL-FAMILY CLOTHING STORES
1616,K,GRAIN MILL PRODUCTS
1617,KAI,SPECIAL INDUSTRY MACHINERY (NO METALWORKING MACHINERY)
1618,KALU,ROLLING DRAWING &amp; EXTRUDING OF NONFERROUS METALS
1619,KAMN,GUIDED MISSILES &amp; SPACE VEHICLES &amp; PARTS
1620,KAR,RETAIL-AUTO DEALERS &amp; GASOLINE STATIONS
1621,KB,"COMMERCIAL BANKS, NEC"
1622,KBAL,HOUSEHOLD FURNITURE
1623,KBH,OPERATIVE BUILDERS
1624,KBR,HEAVY CONSTRUCTION OTHER THAN BUILDING CONST - CONTRACTORS
1625,KDP,BEVERAGES
1626,KELYA,SERVICES-HELP SUPPLY SERVICES
1627,KEP,ELECTRIC SERVICES
1628,KEQU,LABORATORY APPARATUS &amp; FURNITURE
1629,KEX,WATER TRANSPORTATION
1630,KEY,NATIONAL COMMERCIAL BANKS
1631,KF,Unknown
1632,KFFB,"SAVINGS INSTITUTION, FEDERALLY CHARTERED"
1633,KFRC,SERVICES-HELP SUPPLY SERVICES
1634,KFS,"FIRE, MARINE &amp; CASUALTY INSURANCE"
1635,KFY,SERVICES-EMPLOYMENT AGENCIES
1636,KGC,GOLD &amp; SILVER ORES
1637,KIM,REAL ESTATE INVESTMENT TRUSTS
1638,KINS,"FIRE, MARINE &amp; CASUALTY INSURANCE"
1639,KIRK,"RETAIL-RETAIL STORES, NEC"
1640,KLAC,OPTICAL INSTRUMENTS &amp; LENSES
1641,KLIC,SEMICONDUCTORS &amp; RELATED DEVICES
1642,KMB,CONVERTED PAPER &amp; PAPERBOARD PRODS (NO CONTAINERS/BOXES)
1643,KMF,Unknown
1644,KMPR,"FIRE, MARINE &amp; CASUALTY INSURANCE"
1645,KMT,"MACHINE TOOLS, METAL CUTTING TYPES"
1646,KMX,RETAIL-AUTO DEALERS &amp; GASOLINE STATIONS
1647,KNDI,MOTOR VEHICLES &amp; PASSENGER CAR BODIES
1648,KNL,Unknown
1649,KNX,TRUCKING (NO LOCAL)
1650,KO,BEVERAGES
1651,KODK,PHOTOGRAPHIC EQUIPMENT &amp; SUPPLIES
1652,KOF,BOTTLED &amp; CANNED SOFT DRINKS CARBONATED WATERS
1653,KOP,LUMBER &amp; WOOD PRODUCTS (NO FURNITURE)
1654,KOPN,SEMICONDUCTORS &amp; RELATED DEVICES
1655,KOSS,HOUSEHOLD AUDIO &amp; VIDEO EQUIPMENT
1656,KR,RETAIL-GROCERY STORES
1657,KRA,Unknown
1658,KRC,REAL ESTATE INVESTMENT TRUSTS
1659,KRG,REAL ESTATE INVESTMENT TRUSTS
1660,KRMD,SURGICAL &amp; MEDICAL INSTRUMENTS &amp; APPARATUS
1661,KRO,INDUSTRIAL INORGANIC CHEMICALS
1662,KSM,Unknown
1663,KSPN,RETAIL- COMPUTER &amp; PRERECORDED TAPE STORES
1664,KSS,RETAIL-DEPARTMENT STORES
1665,KSU,Unknown
1666,KT,TELEPHONE COMMUNICATIONS (NO RADIO TELEPHONE)
1667,KTCC,PRINTED CIRCUIT BOARDS
1668,KTF,Unknown
1669,KTN,ASSET-BACKED SECURITIES
1670,KTOS,GUIDED MISSILES &amp; SPACE VEHICLES &amp; PARTS
1671,KVHI,"COMMUNICATION SERVICES, NEC"
1672,KW,REAL ESTATE
1673,KWR,MISCELLANEOUS PRODUCTS OF PETROLEUM &amp;  COAL
1674,KYN,Unknown
1675,KZIA,PHARMACEUTICAL PREPARATIONS
1676,L,"FIRE, MARINE &amp; CASUALTY INSURANCE"
1677,LAC,METAL MINING
1678,LAD,RETAIL-AUTO DEALERS &amp; GASOLINE STATIONS
1679,LAKE,"ORTHOPEDIC, PROSTHETIC &amp; SURGICAL APPLIANCES &amp; SUPPLIES"
1680,LANC,"CANNED, FROZEN &amp; PRESERVED FRUIT, VEG &amp; FOOD SPECIALTIES"
1681,LARK,NATIONAL COMMERCIAL BANKS
1682,LAWS,Unknown
1683,LAZ,INVESTMENT ADVICE
1684,LB,Unknown
1685,LBAI,STATE COMMERCIAL BANKS
1686,LBTYA,CABLE &amp; OTHER PAY TELEVISION SERVICES
1687,LBTYK,CABLE &amp; OTHER PAY TELEVISION SERVICES
1688,LCI,PHARMACEUTICAL PREPARATIONS
1689,LCII,MOTOR VEHICLE PARTS &amp; ACCESSORIES
1690,LCNB,NATIONAL COMMERCIAL BANKS
1691,LCTX,BIOLOGICAL PRODUCTS (NO DIAGNOSTIC SUBSTANCES)
1692,LCUT,"CUTLERY, HANDTOOLS &amp; GENERAL HARDWARE"
1693,LD,"COMMERCIAL BANKS, NEC"
1694,LDL,Unknown
1695,LDOS,SERVICES-COMPUTER INTEGRATED SYSTEMS DESIGN
1696,LEA,MOTOR VEHICLE PARTS &amp; ACCESSORIES
1697,LECO,METALWORKING MACHINERY &amp; EQUIPMENT
1698,LEDS,SEMICONDUCTORS &amp; RELATED DEVICES
1699,LEE,NEWSPAPERS:  PUBLISHING OR PUBLISHING &amp; PRINTING
1700,LEG,HOUSEHOLD FURNITURE
1701,LEN,GEN BUILDING CONTRACTORS - RESIDENTIAL BUILDINGS
1702,LEN.B,Unknown
1703,LEO,Unknown
1704,LEXX,PHARMACEUTICAL PREPARATIONS
1705,LFC,LIFE INSURANCE
1706,LFUS,SWITCHGEAR &amp; SWITCHBOARD APPARATUS
1707,LFVN,PHARMACEUTICAL PREPARATIONS
1708,LGI,Unknown
1709,LGL,"ELECTRONIC COMPONENTS, NEC"
1710,LGND,PHARMACEUTICAL PREPARATIONS
1711,LH,SERVICES-MEDICAL LABORATORIES
1712,LHCG,SERVICES-HOME HEALTH CARE SERVICES
1713,LHX,"SEARCH, DETECTION, NAVIGATION, GUIDANCE, AERONAUTICAL SYS"
1714,LII,AIR COND &amp; WARM AIR HEATING EQUIP &amp; COMM &amp; INDL REFRIG EQUIP
1715,LINC,SERVICES-EDUCATIONAL SERVICES
1716,LIVE,RETAIL-MISCELLANEOUS RETAIL
1717,LJPC,Unknown
1718,LKFN,STATE COMMERCIAL BANKS
1719,LKQ,WHOLESALE-MOTOR VEHICLES &amp; MOTOR VEHICLE PARTS &amp; SUPPLIES
1720,LL,RETAIL-LUMBER &amp; OTHER BUILDING MATERIALS DEALERS
1721,LLNW,Unknown
1722,LLY,PHARMACEUTICAL PREPARATIONS
1723,LMAT,SURGICAL &amp; MEDICAL INSTRUMENTS &amp; APPARATUS
1724,LMNR,AGRICULTURE PRODUCTION - CROPS
1725,LMST,NATIONAL COMMERCIAL BANKS
1726,LMT,GUIDED MISSILES &amp; SPACE VEHICLES &amp; PARTS
1727,LNC,LIFE INSURANCE
1728,LNDC,PHARMACEUTICAL PREPARATIONS
1729,LNN,FARM MACHINERY &amp; EQUIPMENT
1730,LNT,ELECTRIC &amp; OTHER SERVICES COMBINED
1731,LOAN,REAL ESTATE INVESTMENT TRUSTS
1732,LODE,INDUSTRIAL ORGANIC CHEMICALS
1733,LOGI,"COMPUTER PERIPHERAL EQUIPMENT, NEC"
1734,LOPE,SERVICES-EDUCATIONAL SERVICES
1735,LORL,Unknown
1736,LOW,RETAIL-LUMBER &amp; OTHER BUILDING MATERIALS DEALERS
1737,LPL,"ELECTRONIC COMPONENTS, NEC"
1738,LPLA,"SECURITY &amp; COMMODITY BROKERS, DEALERS, EXCHANGES &amp; SERVICES"
1739,LPSN,SERVICES-PREPACKAGED SOFTWARE
1740,LPTH,SEMICONDUCTORS &amp; RELATED DEVICES
1741,LPX,LUMBER &amp; WOOD PRODUCTS (NO FURNITURE)
1742,LQDT,"SERVICES-BUSINESS SERVICES, NEC"
1743,LRCX,"SPECIAL INDUSTRY MACHINERY, NEC"
1744,LRN,SERVICES-EDUCATIONAL SERVICES
1745,LSCC,SEMICONDUCTORS &amp; RELATED DEVICES
1746,LSI,REAL ESTATE INVESTMENT TRUSTS
1747,LSTR,TRUCKING (NO LOCAL)
1748,LTBR,INDUSTRIAL INORGANIC CHEMICALS
1749,LTC,REAL ESTATE INVESTMENT TRUSTS
1750,LTRX,COMPUTER COMMUNICATIONS EQUIPMENT
1751,LUB,Unknown
1752,LULU,APPAREL &amp; OTHER FINISHED PRODS OF FABRICS &amp; SIMILAR MATERIAL
1753,LUMN,TELEPHONE COMMUNICATIONS (NO RADIO TELEPHONE)
1754,LUNA,SERVICES-COMMERCIAL PHYSICAL &amp; BIOLOGICAL RESEARCH
1755,LUV,"AIR TRANSPORTATION, SCHEDULED"
1756,LVS,HOTELS &amp; MOTELS
1757,LWAY,DAIRY PRODUCTS
1758,LXP,REAL ESTATE INVESTMENT TRUSTS
1759,LXRX,PHARMACEUTICAL PREPARATIONS
1760,LXU,INDUSTRIAL INORGANIC CHEMICALS
1761,LYB,INDUSTRIAL ORGANIC CHEMICALS
1762,LYG,"COMMERCIAL BANKS, NEC"
1763,LYTS,ELECTRIC LIGHTING &amp; WIRING EQUIPMENT
1764,LYV,SERVICES-AMUSEMENT &amp; RECREATION SERVICES
1765,LZB,HOUSEHOLD FURNITURE
1766,M,RETAIL-DEPARTMENT STORES
1767,MA,"SERVICES-BUSINESS SERVICES, NEC"
1768,MAA,REAL ESTATE INVESTMENT TRUSTS
1769,MAC,REAL ESTATE INVESTMENT TRUSTS
1770,MAG,GOLD &amp; SILVER ORES
1771,MAIN,Unknown
1772,MAN,SERVICES-HELP SUPPLY SERVICES
1773,MANH,SERVICES-PREPACKAGED SOFTWARE
1774,MANT,SERVICES-MANAGEMENT SERVICES
1775,MAR,HOTELS &amp; MOTELS
1776,MARK,"COMMUNICATION SERVICES, NEC"
1777,MAS,"HEATING EQUIP, EXCEPT ELEC &amp; WARM AIR &amp; PLUMBING FIXTURES"
1778,MASI,ELECTROMEDICAL &amp; ELECTROTHERAPEUTIC APPARATUS
1779,MAT,DOLLS &amp; STUFFED TOYS
1780,MATW,NONFERROUS FOUNDRIES (CASTINGS)
1781,MATX,WATER TRANSPORTATION
1782,MAV,Unknown
1783,MAYS,OPERATORS OF NONRESIDENTIAL BUILDINGS
1784,MBCN,STATE COMMERCIAL BANKS
1785,MBI,SURETY INSURANCE
1786,MBOT,SURGICAL &amp; MEDICAL INSTRUMENTS &amp; APPARATUS
1787,MBT,Unknown
1788,MBWM,STATE COMMERCIAL BANKS
1789,MCA,Unknown
1790,MCBC,STATE COMMERCIAL BANKS
1791,MCD,RETAIL-EATING PLACES
1792,MCF,Unknown
1793,MCHP,SEMICONDUCTORS &amp; RELATED DEVICES
1794,MCHX,SERVICES-PREPACKAGED SOFTWARE
1795,MCI,Unknown
1796,MCK,WHOLESALE-DRUGS PROPRIETARIES &amp; DRUGGISTS&#39; SUNDRIES
1797,MCN,Unknown
1798,MCO,"SERVICES-CONSUMER CREDIT REPORTING, COLLECTION AGENCIES"
1799,MCR,Unknown
1800,MCRI,HOTELS &amp; MOTELS
1801,MCS,SERVICES-MOTION PICTURE THEATERS
1802,MCY,"FIRE, MARINE &amp; CASUALTY INSURANCE"
1803,MD,SERVICES-HOSPITALS
1804,MDC,OPERATIVE BUILDERS
1805,MDCA,Unknown
1806,MDGL,PHARMACEUTICAL PREPARATIONS
1807,MDLZ,FOOD &amp; KINDRED PRODUCTS
1808,MDP,Unknown
1809,MDRX,SERVICES-COMPUTER INTEGRATED SYSTEMS DESIGN
1810,MDT,ELECTROMEDICAL &amp; ELECTROTHERAPEUTIC APPARATUS
1811,MDXG,SURGICAL &amp; MEDICAL INSTRUMENTS &amp; APPARATUS
1812,MED,MISCELLANEOUS FOOD PREPARATIONS &amp; KINDRED PRODUCTS
1813,MEDS,PHARMACEUTICAL PREPARATIONS
1814,MEI,ELECTRONIC CONNECTORS
1815,MEIP,PHARMACEUTICAL PREPARATIONS
1816,MELI,"SERVICES-BUSINESS SERVICES, NEC"
1817,MEN,Unknown
1818,MEOH,INDUSTRIAL ORGANIC CHEMICALS
1819,MERC,PULP MILLS
1820,MESO,BIOLOGICAL PRODUCTS (NO DIAGNOSTIC SUBSTANCES)
1821,MET,LIFE INSURANCE
1822,MFA,REAL ESTATE INVESTMENT TRUSTS
1823,MFC,LIFE INSURANCE
1824,MFD,Unknown
1825,MFG,NATIONAL COMMERCIAL BANKS
1826,MFIN,FINANCE SERVICES
1827,MFL,Unknown
1828,MFM,Unknown
1829,MFNC,Unknown
1830,MFT,Unknown
1831,MFV,Unknown
1832,MG,SERVICES-ENGINEERING SERVICES
1833,MGA,MOTOR VEHICLE PARTS &amp; ACCESSORIES
1834,MGEE,"ELECTRIC, GAS &amp; SANITARY SERVICES"
1835,MGF,Unknown
1836,MGI,"SERVICES-BUSINESS SERVICES, NEC"
1837,MGIC,SERVICES-PREPACKAGED SOFTWARE
1838,MGLN,Unknown
1839,MGM,HOTELS &amp; MOTELS
1840,MGPI,"WHOLESALE-BEER, WINE &amp; DISTILLED ALCOHOLIC BEVERAGES"
1841,MGRC,"SERVICES-EQUIPMENT RENTAL &amp; LEASING, NEC"
1842,MGU,Unknown
1843,MGYR,"SAVINGS INSTITUTION, FEDERALLY CHARTERED"
1844,MHD,Unknown
1845,MHE,Unknown
1846,MHF,Unknown
1847,MHH,SERVICES-MANAGEMENT CONSULTING SERVICES
1848,MHI,Unknown
1849,MHK,CARPETS AND RUGS
1850,MHLD,"FIRE, MARINE &amp; CASUALTY INSURANCE"
1851,MHN,Unknown
1852,MHO,OPERATIVE BUILDERS
1853,MIDD,REFRIGERATION &amp; SERVICE INDUSTRY MACHINERY
1854,MIN,Unknown
1855,MIND,"SEARCH, DETECTION, NAVIGATION, GUIDANCE, AERONAUTICAL SYS"
1856,MITK,"COMPUTER PERIPHERAL EQUIPMENT, NEC"
1857,MIY,Unknown
1858,MKC,MISCELLANEOUS FOOD PREPARATIONS &amp; KINDRED PRODUCTS
1859,MKC.V,Unknown
1860,MKL,"FIRE, MARINE &amp; CASUALTY INSURANCE"
1861,MKSI,"INDUSTRIAL INSTRUMENTS FOR MEASUREMENT, DISPLAY, AND CONTROL"
1862,MKTX,"SECURITY BROKERS, DEALERS &amp; FLOTATION COMPANIES"
1863,MLAB,"INDUSTRIAL INSTRUMENTS FOR MEASUREMENT, DISPLAY, AND CONTROL"
1864,MLCO,HOTELS &amp; MOTELS
1865,MLHR,Unknown
1866,MLI,ROLLING DRAWING &amp; EXTRUDING OF NONFERROUS METALS
1867,MLKN,OFFICE FURNITURE
1868,MLM,"MINING, QUARRYING OF NONMETALLIC MINERALS (NO FUELS)"
1869,MLP,REAL ESTATE
1870,MLR,TRUCK &amp; BUS BODIES
1871,MLSS,"ORTHOPEDIC, PROSTHETIC &amp; SURGICAL APPLIANCES &amp; SUPPLIES"
1872,MMAT,SEMICONDUCTORS &amp; RELATED DEVICES
1873,MMC,INSURANCE AGENTS BROKERS &amp; SERVICES
1874,MMLP,WHOLESALE-PETROLEUM BULK STATIONS &amp; TERMINALS
1875,MMM,SURGICAL &amp; MEDICAL INSTRUMENTS &amp; APPARATUS
1876,MMP,PIPE LINES (NO NATURAL GAS)
1877,MMS,"SERVICES-BUSINESS SERVICES, NEC"
1878,MMSI,SURGICAL &amp; MEDICAL INSTRUMENTS &amp; APPARATUS
1879,MMT,Unknown
1880,MMU,Unknown
1881,MMYT,TRANSPORTATION SERVICES
1882,MNDO,SERVICES-COMPUTER PROGRAMMING SERVICES
1883,MNKD,PHARMACEUTICAL PREPARATIONS
1884,MNOV,PHARMACEUTICAL PREPARATIONS
1885,MNP,Unknown
1886,MNR,Unknown
1887,MNRO,"SERVICES-AUTOMOTIVE REPAIR, SERVICES &amp; PARKING"
1888,MNTX,"SPECIAL INDUSTRY MACHINERY, NEC"
1889,MO,CIGARETTES
1890,MOD,MOTOR VEHICLE PARTS &amp; ACCESSORIES
1891,MOFG,STATE COMMERCIAL BANKS
1892,MOG.A,Unknown
1893,MOG.B,Unknown
1894,MOH,HOSPITAL &amp; MEDICAL SERVICE PLANS
1895,MORN,INVESTMENT ADVICE
1896,MOV,"WATCHES, CLOCKS, CLOCKWORK OPERATED DEVICES/PARTS"
1897,MPA,Unknown
1898,MPAA,MOTOR VEHICLE PARTS &amp; ACCESSORIES
1899,MPV,Unknown
1900,MPW,REAL ESTATE INVESTMENT TRUSTS
1901,MPWR,SEMICONDUCTORS &amp; RELATED DEVICES
1902,MPX,SHIP &amp; BOAT BUILDING &amp; REPAIRING
1903,MQT,Unknown
1904,MQY,Unknown
1905,MRCY,ELECTRONIC COMPONENTS &amp; ACCESSORIES
1906,MRK,PHARMACEUTICAL PREPARATIONS
1907,MRKR,PHARMACEUTICAL PREPARATIONS
1908,MRLN,Unknown
1909,MRO,CRUDE PETROLEUM &amp; NATURAL GAS
1910,MRTN,TRUCKING (NO LOCAL)
1911,MRVL,SEMICONDUCTORS &amp; RELATED DEVICES
1912,MS,"SECURITY BROKERS, DEALERS &amp; FLOTATION COMPANIES"
1913,MSB,MINERAL ROYALTY TRADERS
1914,MSD,Unknown
1915,MSEX,WATER SUPPLY
1916,MSFT,SERVICES-PREPACKAGED SOFTWARE
1917,MSGN,Unknown
1918,MSI,RADIO &amp; TV BROADCASTING &amp; COMMUNICATIONS EQUIPMENT
1919,MSM,WHOLESALE-INDUSTRIAL MACHINERY &amp; EQUIPMENT
1920,MSN,HOUSEHOLD AUDIO &amp; VIDEO EQUIPMENT
1921,MSTR,FINANCE SERVICES
1922,MT,"STEEL WORKS, BLAST FURNACES  ROLLING MILLS (COKE OVENS)"
1923,MTB,STATE COMMERCIAL BANKS
1924,MTD,LABORATORY ANALYTICAL INSTRUMENTS
1925,MTEM,PHARMACEUTICAL PREPARATIONS
1926,MTEX,MEDICINAL CHEMICALS &amp; BOTANICAL PRODUCTS
1927,MTG,SURETY INSURANCE
1928,MTH,OPERATIVE BUILDERS
1929,MTL,"STEEL WORKS, BLAST FURNACES  ROLLING MILLS (COKE OVENS)"
1930,MTN,SERVICES-MISCELLANEOUS AMUSEMENT &amp; RECREATION
1931,MTOR,Unknown
1932,MTR,OIL ROYALTY TRADERS
1933,MTRN,METAL FORGING &amp; STAMPINGS
1934,MTRX,CONSTRUCTION SPECIAL TRADE CONTRACTORS
1935,MTSC,Unknown
1936,MTT,Unknown
1937,MTW,CONSTRUCTION MACHINERY &amp; EQUIP
1938,MTX,INDUSTRIAL INORGANIC CHEMICALS
1939,MTZ,"WATER, SEWER, PIPELINE, COMM AND POWER LINE CONSTRUCTION"
1940,MU,SEMICONDUCTORS &amp; RELATED DEVICES
1941,MUA,Unknown
1942,MUC,Unknown
1943,MUE,Unknown
1944,MUFG,"COMMERCIAL BANKS, NEC"
1945,MUH,Unknown
1946,MUI,Unknown
1947,MUJ,Unknown
1948,MUR,CRUDE PETROLEUM &amp; NATURAL GAS
1949,MUS,Unknown
1950,MUX,GOLD &amp; SILVER ORES
1951,MVC,Unknown
1952,MVF,Unknown
1953,MVIS,"ELECTRONIC COMPONENTS, NEC"
1954,MVO,CRUDE PETROLEUM &amp; NATURAL GAS
1955,MVT,Unknown
1956,MWA,MISCELLANEOUS FABRICATED METAL PRODUCTS
1957,MXC,CRUDE PETROLEUM &amp; NATURAL GAS
1958,MXE,Unknown
1959,MXF,Unknown
1960,MXIM,Unknown
1961,MYC,Unknown
1962,MYD,Unknown
1963,MYE,"PLASTICS PRODUCTS, NEC"
1964,MYF,Unknown
1965,MYGN,IN VITRO &amp; IN VIVO DIAGNOSTIC SUBSTANCES
1966,MYI,Unknown
1967,MYJ,Unknown
1968,MYN,Unknown
1969,MYRG,"WATER, SEWER, PIPELINE, COMM AND POWER LINE CONSTRUCTION"
1970,MZA,Unknown
1971,NAC,Unknown
1972,NAD,Unknown
1973,NAII,MEDICINAL CHEMICALS &amp; BOTANICAL PRODUCTS
1974,NAK,GOLD &amp; SILVER ORES
1975,NAN,Unknown
1976,NAT,WATER TRANSPORTATION
1977,NATH,RETAIL-EATING PLACES
1978,NATI,SERVICES-PREPACKAGED SOFTWARE
1979,NATR,PHARMACEUTICAL PREPARATIONS
1980,NAV,Unknown
1981,NAVB,IN VITRO &amp; IN VIVO DIAGNOSTIC SUBSTANCES
1982,NAZ,Unknown
1983,NBB,Unknown
1984,NBH,Unknown
1985,NBIX,BIOLOGICAL PRODUCTS (NO DIAGNOSTIC SUBSTANCES)
1986,NBO,Unknown
1987,NBR,DRILLING OIL &amp; GAS WELLS
1988,NBSE,PHARMACEUTICAL PREPARATIONS
1989,NBTB,NATIONAL COMMERCIAL BANKS
1990,NBW,Unknown
1991,NBY,PHARMACEUTICAL PREPARATIONS
1992,NC,BITUMINOUS COAL &amp; LIGNITE SURFACE MINING
1993,NCA,Unknown
1994,NCB,Unknown
1995,NCMI,SERVICES-ADVERTISING
1996,NCR,CALCULATING &amp; ACCOUNTING MACHINES (NO ELECTRONIC COMPUTERS)
1997,NCTY,FINANCE SERVICES
1998,NCV,Unknown
1999,NCZ,Unknown
2000,NDAQ,"SECURITY &amp; COMMODITY BROKERS, DEALERS, EXCHANGES &amp; SERVICES"
2001,NDSN,"GENERAL INDUSTRIAL MACHINERY &amp; EQUIPMENT, NEC"
2002,NEA,Unknown
2003,NEE,ELECTRIC SERVICES
2004,NEGG,"RETAIL-RETAIL STORES, NEC"
2005,NEM,GOLD &amp; SILVER ORES
2006,NEN,OPERATORS OF APARTMENT BUILDINGS
2007,NEO,SERVICES-TESTING LABORATORIES
2008,NEOG,IN VITRO &amp; IN VIVO DIAGNOSTIC SUBSTANCES
2009,NEON,"ELECTRONIC COMPONENTS, NEC"
2010,NEPH,SURGICAL &amp; MEDICAL INSTRUMENTS &amp; APPARATUS
2011,NEPT,PHARMACEUTICAL PREPARATIONS
2012,NEU,INDUSTRIAL ORGANIC CHEMICALS
2013,NEV,Unknown
2014,NEWT,NATIONAL COMMERCIAL BANKS
2015,NFG,NATURAL GAS DISTRIBUTION
2016,NFJ,LOAN BROKERS
2017,NFLX,SERVICES-VIDEO TAPE RENTAL
2018,NG,GOLD &amp; SILVER ORES
2019,NGD,METAL MINING
2020,NGG,NATURAL GAS TRANSMISSION
2021,NGS,"OIL, GAS FIELD SERVICES, NBC"
2022,NHC,SERVICES-SKILLED NURSING CARE FACILITIES
2023,NHF,Unknown
2024,NHI,REAL ESTATE INVESTMENT TRUSTS
2025,NHS,Unknown
2026,NHTC,WHOLESALE-MISCELLANEOUS NONDURABLE GOODS
2027,NI,ELECTRIC &amp; OTHER SERVICES COMBINED
2028,NIB,"COMMERCIAL BANKS, NEC"
2029,NICE,SERVICES-PREPACKAGED SOFTWARE
2030,NICK,SHORT-TERM BUSINESS CREDIT INSTITUTIONS
2031,NIE,Unknown
2032,NIM,Unknown
2033,NJR,NATURAL GAS DISTRIBUTION
2034,NJV,Unknown
2035,NKE,RUBBER &amp; PLASTICS FOOTWEAR
2036,NKG,Unknown
2037,NKSH,NATIONAL COMMERCIAL BANKS
2038,NKTR,PHARMACEUTICAL PREPARATIONS
2039,NKX,Unknown
2040,NL,INDUSTRIAL INORGANIC CHEMICALS
2041,NLOK,SERVICES-PREPACKAGED SOFTWARE
2042,NLS,Unknown
2043,NLY,REAL ESTATE INVESTMENT TRUSTS
2044,NM,DEEP SEA FOREIGN TRANSPORTATION OF FREIGHT
2045,NMI,Unknown
2046,NMM,DEEP SEA FOREIGN TRANSPORTATION OF FREIGHT
2047,NMR,"SECURITY BROKERS, DEALERS &amp; FLOTATION COMPANIES"
2048,NMT,Unknown
2049,NMY,Unknown
2050,NMZ,Unknown
2051,NNA,Unknown
2052,NNBR,METALWORKING MACHINERY &amp; EQUIPMENT
2053,NNI,PERSONAL CREDIT INSTITUTIONS
2054,NNN,REAL ESTATE INVESTMENT TRUSTS
2055,NNVC,PHARMACEUTICAL PREPARATIONS
2056,NNY,Unknown
2057,NOA,"OIL, GAS FIELD SERVICES, NBC"
2058,NOAH,INVESTMENT ADVICE
2059,NOC,"SEARCH, DETECTION, NAVIGATION, GUIDANCE, AERONAUTICAL SYS"
2060,NOG,CRUDE PETROLEUM &amp; NATURAL GAS
2061,NOK,RADIO &amp; TV BROADCASTING &amp; COMMUNICATIONS EQUIPMENT
2062,NOM,Unknown
2063,NOTV,SERVICES-COMMERCIAL PHYSICAL &amp; BIOLOGICAL RESEARCH
2064,NOV,OIL &amp; GAS FILED MACHINERY &amp; EQUIPMENT
2065,NOVT,"MISCELLANEOUS ELECTRICAL MACHINERY, EQUIPMENT &amp; SUPPLIES"
2066,NP,Unknown
2067,NPK,"ORDNANCE &amp; ACCESSORIES, (NO VEHICLES/GUIDED MISSILES)"
2068,NPO,"GASKETS, PACKAGING AND SEALING DEVICES &amp; RUBBER &amp; PLASTIC HOSE"
2069,NPV,Unknown
2070,NQP,Unknown
2071,NR,SERVICES-MISCELLANEOUS EQUIPMENT RENTAL &amp; LEASING
2072,NRG,ELECTRIC SERVICES
2073,NRIM,"SAVINGS INSTITUTION, FEDERALLY CHARTERED"
2074,NRK,Unknown
2075,NRO,Unknown
2076,NRP,BITUMINOUS COAL &amp; LIGNITE SURFACE MINING
2077,NRT,OIL ROYALTY TRADERS
2078,NS,PIPE LINES (NO NATURAL GAS)
2079,NSC,"RAILROADS, LINE-HAUL OPERATING"
2080,NSEC,Unknown
2081,NSIT,RETAIL-CATALOG &amp; MAIL-ORDER HOUSES
2082,NSL,Unknown
2083,NSSC,"COMMUNICATIONS EQUIPMENT, NEC"
2084,NTAP,COMPUTER STORAGE DEVICES
2085,NTCT,SERVICES-COMPUTER INTEGRATED SYSTEMS DESIGN
2086,NTES,SERVICES-PREPACKAGED SOFTWARE
2087,NTGR,TELEPHONE &amp; TELEGRAPH APPARATUS
2088,NTIC,"COATING, ENGRAVING &amp; ALLIED SERVICES"
2089,NTIP,PATENT OWNERS &amp; LESSORS
2090,NTP,REAL ESTATE
2091,NTRS,STATE COMMERCIAL BANKS
2092,NTUS,Unknown
2093,NTWK,SERVICES-PREPACKAGED SOFTWARE
2094,NTZ,HOUSEHOLD FURNITURE
2095,NUAN,SERVICES-PREPACKAGED SOFTWARE
2096,NUE,"STEEL WORKS, BLAST FURNACES  ROLLING MILLS (COKE OVENS)"
2097,NUM,Unknown
2098,NUO,Unknown
2099,NURO,SURGICAL &amp; MEDICAL INSTRUMENTS &amp; APPARATUS
2100,NUS,WHOLESALE-DRUGS PROPRIETARIES &amp; DRUGGISTS&#39; SUNDRIES
2101,NUV,Unknown
2102,NUVA,SURGICAL &amp; MEDICAL INSTRUMENTS &amp; APPARATUS
2103,NUW,Unknown
2104,NVAX,BIOLOGICAL PRODUCTS (NO DIAGNOSTIC SUBSTANCES)
2105,NVDA,SEMICONDUCTORS &amp; RELATED DEVICES
2106,NVEC,SEMICONDUCTORS &amp; RELATED DEVICES
2107,NVG,Unknown
2108,NVIV,SURGICAL &amp; MEDICAL INSTRUMENTS &amp; APPARATUS
2109,NVMI,OPTICAL INSTRUMENTS &amp; LENSES
2110,NVO,PHARMACEUTICAL PREPARATIONS
2111,NVR,OPERATIVE BUILDERS
2112,NVS,PHARMACEUTICAL PREPARATIONS
2113,NWBI,NATIONAL COMMERCIAL BANKS
2114,NWE,ELECTRIC &amp; OTHER SERVICES COMBINED
2115,NWFL,STATE COMMERCIAL BANKS
2116,NWG,"COMMERCIAL BANKS, NEC"
2117,NWL,"PLASTICS PRODUCTS, NEC"
2118,NWPX,STEEL PIPE &amp; TUBES
2119,NX,ROLLING DRAWING &amp; EXTRUDING OF NONFERROUS METALS
2120,NXC,Unknown
2121,NXGN,SERVICES-COMPUTER INTEGRATED SYSTEMS DESIGN
2122,NXJ,Unknown
2123,NXN,Unknown
2124,NXP,Unknown
2125,NXPI,SEMICONDUCTORS &amp; RELATED DEVICES
2126,NXQ,Unknown
2127,NXR,Unknown
2128,NXST,TELEVISION BROADCASTING STATIONS
2129,NXTP,FINANCE SERVICES
2130,NYCB,"SAVINGS INSTITUTIONS, NOT FEDERALLY CHARTERED"
2131,NYMT,REAL ESTATE INVESTMENT TRUSTS
2132,NYMX,IN VITRO &amp; IN VIVO DIAGNOSTIC SUBSTANCES
2133,NYT,NEWSPAPERS:  PUBLISHING OR PUBLISHING &amp; PRINTING
2134,NYV,Unknown
2135,NZF,Unknown
2136,O,REAL ESTATE INVESTMENT TRUSTS
2137,OBAS,Unknown
2138,OBCI,Unknown
2139,OBLG,"SERVICES-COMPUTER PROGRAMMING, DATA PROCESSING, ETC."
2140,OC,ABRASIVE ASBESTOS &amp; MISC NONMETALLIC MINERAL PRODUCTS
2141,OCC,DRAWING AND INSULATING NONFERROUS WIRE
2142,OCFC,NATIONAL COMMERCIAL BANKS
2143,OCN,MORTGAGE BANKERS &amp; LOAN CORRESPONDENTS
2144,OCSL,Unknown
2145,OCUP,PHARMACEUTICAL PREPARATIONS
2146,ODC,MISCELLANEOUS MANUFACTURING INDUSTRIES
2147,ODFL,TRUCKING (NO LOCAL)
2148,ODP,RETAIL-MISCELLANEOUS SHOPPING GOODS STORES
2149,OEG,Unknown
2150,OESX,ELECTRIC LIGHTING &amp; WIRING EQUIPMENT
2151,OFC,REAL ESTATE INVESTMENT TRUSTS
2152,OFG,STATE COMMERCIAL BANKS
2153,OFIX,SURGICAL &amp; MEDICAL INSTRUMENTS &amp; APPARATUS
2154,OFLX,"HEATING EQUIP, EXCEPT ELEC &amp; WARM AIR &amp; PLUMBING FIXTURES"
2155,OGE,ELECTRIC SERVICES
2156,OHI,REAL ESTATE INVESTMENT TRUSTS
2157,OI,GLASS CONTAINERS
2158,OIA,Unknown
2159,OIBR.C,Unknown
2160,OII,"OIL, GAS FIELD SERVICES, NBC"
2161,OIIM,SEMICONDUCTORS &amp; RELATED DEVICES
2162,OIS,OIL &amp; GAS FILED MACHINERY &amp; EQUIPMENT
2163,OKE,NATURAL GAS TRANSMISSION &amp; DISTRIBUTION
2164,OLED,ELECTRONIC COMPONENTS &amp; ACCESSORIES
2165,OLN,CHEMICALS &amp; ALLIED PRODUCTS
2166,OLP,REAL ESTATE INVESTMENT TRUSTS
2167,OMAB,"AIRPORTS, FLYING FIELDS &amp; AIRPORT TERMINAL SERVICES"
2168,OMC,SERVICES-ADVERTISING AGENCIES
2169,OMCL,ELECTRONIC COMPUTERS
2170,OMER,PHARMACEUTICAL PREPARATIONS
2171,OMEX,WATER TRANSPORTATION
2172,OMI,"WHOLESALE-MEDICAL, DENTAL &amp; HOSPITAL EQUIPMENT &amp; SUPPLIES"
2173,ON,SEMICONDUCTORS &amp; RELATED DEVICES
2174,ONB,NATIONAL COMMERCIAL BANKS
2175,ONCT,PHARMACEUTICAL PREPARATIONS
2176,ONCY,PHARMACEUTICAL PREPARATIONS
2177,ONTO,"MEASURING &amp; CONTROLLING DEVICES, NEC"
2178,OPCH,SERVICES-HOME HEALTH CARE SERVICES
2179,OPI,REAL ESTATE
2180,OPK,PHARMACEUTICAL PREPARATIONS
2181,OPOF,NATIONAL COMMERCIAL BANKS
2182,OPRX,"SERVICES-BUSINESS SERVICES, NEC"
2183,OPTT,ELECTRIC SERVICES
2184,OPY,"SECURITY BROKERS, DEALERS &amp; FLOTATION COMPANIES"
2185,ORA,ELECTRIC SERVICES
2186,ORAN,TELEPHONE COMMUNICATIONS (NO RADIO TELEPHONE)
2187,ORBC,Unknown
2188,ORCL,SERVICES-PREPACKAGED SOFTWARE
2189,ORI,SURETY INSURANCE
2190,ORLY,RETAIL-AUTO &amp; HOME SUPPLY STORES
2191,ORMP,PHARMACEUTICAL PREPARATIONS
2192,ORN,HEAVY CONSTRUCTION OTHER THAN BUILDING CONST - CONTRACTORS
2193,ORRF,STATE COMMERCIAL BANKS
2194,OSB,Unknown
2195,OSBC,STATE COMMERCIAL BANKS
2196,OSIS,SEMICONDUCTORS &amp; RELATED DEVICES
2197,OSK,MOTOR VEHICLES &amp; PASSENGER CAR BODIES
2198,OSN,Unknown
2199,OSPN,SERVICES-COMPUTER INTEGRATED SYSTEMS DESIGN
2200,OSTK,RETAIL-CATALOG &amp; MAIL-ORDER HOUSES
2201,OSUR,SURGICAL &amp; MEDICAL INSTRUMENTS &amp; APPARATUS
2202,OTEX,SERVICES-COMPUTER INTEGRATED SYSTEMS DESIGN
2203,OTRK,"SERVICES-MISC HEALTH &amp; ALLIED SERVICES, NEC"
2204,OTTR,ELECTRIC SERVICES
2205,OVBC,STATE COMMERCIAL BANKS
2206,OVLY,STATE COMMERCIAL BANKS
2207,OVV,CRUDE PETROLEUM &amp; NATURAL GAS
2208,OXM,"MEN&#39;S &amp; BOYS&#39; FURNISHINGS, WORK CLOTHING, AND ALLIED GARMENTS"
2209,OXSQ,Unknown
2210,OXY,CRUDE PETROLEUM &amp; NATURAL GAS
2211,PAA,PIPE LINES (NO NATURAL GAS)
2212,PAAS,GOLD &amp; SILVER ORES
2213,PAC,"AIRPORTS, FLYING FIELDS &amp; AIRPORT TERMINAL SERVICES"
2214,PACB,LABORATORY ANALYTICAL INSTRUMENTS
2215,PACW,NATIONAL COMMERCIAL BANKS
2216,PAG,RETAIL-AUTO DEALERS &amp; GASOLINE STATIONS
2217,PAI,Unknown
2218,PALI,BIOLOGICAL PRODUCTS (NO DIAGNOSTIC SUBSTANCES)
2219,PAM,ELECTRIC SERVICES
2220,PAR,CALCULATING &amp; ACCOUNTING MACHINES (NO ELECTRONIC COMPUTERS)
2221,PATK,MOTOR VEHICLE PARTS &amp; ACCESSORIES
2222,PAYX,"SERVICES-ENGINEERING, ACCOUNTING, RESEARCH, MANAGEMENT"
2223,PB,STATE COMMERCIAL BANKS
2224,PBCT,Unknown
2225,PBH,PHARMACEUTICAL PREPARATIONS
2226,PBI,"OFFICE MACHINES, NEC"
2227,PBR,CRUDE PETROLEUM &amp; NATURAL GAS
2228,PBR.A,Unknown
2229,PBT,OIL ROYALTY TRADERS
2230,PCAR,MOTOR VEHICLES &amp; PASSENGER CAR BODIES
2231,PCF,Unknown
2232,PCG,ELECTRIC &amp; OTHER SERVICES COMBINED
2233,PCH,REAL ESTATE INVESTMENT TRUSTS
2234,PCK,Unknown
2235,PCM,Unknown
2236,PCN,Unknown
2237,PCOM,Unknown
2238,PCQ,Unknown
2239,PCTI,RADIO &amp; TV BROADCASTING &amp; COMMUNICATIONS EQUIPMENT
2240,PCYG,SERVICES-COMPUTER PROCESSING &amp; DATA PREPARATION
2241,PCYO,WATER SUPPLY
2242,PDCE,CRUDE PETROLEUM &amp; NATURAL GAS
2243,PDCO,"WHOLESALE-MEDICAL, DENTAL &amp; HOSPITAL EQUIPMENT &amp; SUPPLIES"
2244,PDEX,SURGICAL &amp; MEDICAL INSTRUMENTS &amp; APPARATUS
2245,PDFS,SERVICES-PREPACKAGED SOFTWARE
2246,PDLI,Unknown
2247,PDM,OPERATORS OF NONRESIDENTIAL BUILDINGS
2248,PDS,DRILLING OIL &amp; GAS WELLS
2249,PDT,Unknown
2250,PEAK,REAL ESTATE INVESTMENT TRUSTS
2251,PEB,REAL ESTATE INVESTMENT TRUSTS
2252,PEBK,STATE COMMERCIAL BANKS
2253,PEBO,STATE COMMERCIAL BANKS
2254,PED,CRUDE PETROLEUM &amp; NATURAL GAS
2255,PEG,ELECTRIC &amp; OTHER SERVICES COMBINED
2256,PEGA,SERVICES-COMPUTER PROCESSING &amp; DATA PREPARATION
2257,PEI,REAL ESTATE INVESTMENT TRUSTS
2258,PENN,HOTELS &amp; MOTELS
2259,PEO,Unknown
2260,PEP,BEVERAGES
2261,PERI,SERVICES-COMPUTER PROGRAMMING SERVICES
2262,PESI,HAZARDOUS WASTE MANAGEMENT
2263,PETS,RETAIL-DRUG STORES AND PROPRIETARY STORES
2264,PFBC,Unknown
2265,PFBI,Unknown
2266,PFC,STATE COMMERCIAL BANKS
2267,PFD,Unknown
2268,PFE,PHARMACEUTICAL PREPARATIONS
2269,PFG,ACCIDENT &amp; HEALTH INSURANCE
2270,PFIN,METALWORKING MACHINERY &amp; EQUIPMENT
2271,PFL,Unknown
2272,PFN,Unknown
2273,PFO,Unknown
2274,PFS,"SAVINGS INSTITUTION, FEDERALLY CHARTERED"
2275,PFSW,"SERVICES-BUSINESS SERVICES, NEC"
2276,PG,"SOAP, DETERGENT, CLEANING PREPARATIONS, PERFUMES, COSMETICS"
2277,PGC,"COMMERCIAL BANKS, NEC"
2278,PGP,Unknown
2279,PGR,"FIRE, MARINE &amp; CASUALTY INSURANCE"
2280,PGTI,"METAL DOORS, SASH, FRAMES, MOLDING &amp; TRIM"
2281,PH,MISCELLANEOUS FABRICATED METAL PRODUCTS
2282,PHD,Unknown
2283,PHG,X-RAY APPARATUS &amp; TUBES &amp; RELATED IRRADIATION APPARATUS
2284,PHI,TELEPHONE COMMUNICATIONS (NO RADIO TELEPHONE)
2285,PHK,Unknown
2286,PHM,OPERATIVE BUILDERS
2287,PHT,Unknown
2288,PHX,CRUDE PETROLEUM &amp; NATURAL GAS
2289,PII,MISCELLANEOUS TRANSPORTATION EQUIPMENT
2290,PIM,Unknown
2291,PIPR,"SECURITY BROKERS, DEALERS &amp; FLOTATION COMPANIES"
2292,PKBK,STATE COMMERCIAL BANKS
2293,PKE,"AIRCRAFT PART &amp; AUXILIARY EQUIPMENT, NEC"
2294,PKG,PAPERBOARD CONTAINERS &amp; BOXES
2295,PKI,LABORATORY ANALYTICAL INSTRUMENTS
2296,PKO,Unknown
2297,PKOH,METAL FORGING &amp; STAMPINGS
2298,PKX,"STEEL WORKS, BLAST FURNACES  ROLLING MILLS (COKE OVENS)"
2299,PLAB,SEMICONDUCTORS &amp; RELATED DEVICES
2300,PLCE,RETAIL-FAMILY CLOTHING STORES
2301,PLD,REAL ESTATE INVESTMENT TRUSTS
2302,PLG,GOLD &amp; SILVER ORES
2303,PLM,METAL MINING
2304,PLOW,CONSTRUCTION MACHINERY &amp; EQUIP
2305,PLPC,"WATER, SEWER, PIPELINE, COMM AND POWER LINE CONSTRUCTION"
2306,PLUG,ELECTRICAL INDUSTRIAL APPARATUS
2307,PLUS,WHOLESALE-COMPUTER &amp; PERIPHERAL EQUIPMENT &amp; SOFTWARE
2308,PLX,BIOLOGICAL PRODUCTS (NO DIAGNOSTIC SUBSTANCES)
2309,PLXS,PRINTED CIRCUIT BOARDS
2310,PM,CIGARETTES
2311,PMBC,Unknown
2312,PMCB,BIOLOGICAL PRODUCTS (NO DIAGNOSTIC SUBSTANCES)
2313,PMD,SERVICES-MEDICAL LABORATORIES
2314,PMF,Unknown
2315,PML,Unknown
2316,PMM,Unknown
2317,PMO,Unknown
2318,PMT,REAL ESTATE INVESTMENT TRUSTS
2319,PMX,Unknown
2320,PNBK,NATIONAL COMMERCIAL BANKS
2321,PNC,NATIONAL COMMERCIAL BANKS
2322,PNF,Unknown
2323,PNFP,NATIONAL COMMERCIAL BANKS
2324,PNI,Unknown
2325,PNM,ELECTRIC SERVICES
2326,PNNT,Unknown
2327,PNRG,CRUDE PETROLEUM &amp; NATURAL GAS
2328,PNW,ELECTRIC SERVICES
2329,PODD,SURGICAL &amp; MEDICAL INSTRUMENTS &amp; APPARATUS
2330,POOL,WHOLESALE-MISC DURABLE GOODS
2331,POR,ELECTRIC SERVICES
2332,POWI,SEMICONDUCTORS &amp; RELATED DEVICES
2333,POWL,SWITCHGEAR &amp; SWITCHBOARD APPARATUS
2334,PPBI,STATE COMMERCIAL BANKS
2335,PPC,POULTRY SLAUGHTERING AND PROCESSING
2336,PPG,"PAINTS, VARNISHES, LACQUERS, ENAMELS &amp; ALLIED PRODUCTS"
2337,PPIH,INDUSTRIAL &amp; COMMERCIAL FANS &amp; BLOWERS &amp; AIR PURIFYING EQUIP
2338,PPL,ELECTRIC SERVICES
2339,PPT,Unknown
2340,PRA,"FIRE, MARINE &amp; CASUALTY INSURANCE"
2341,PRAA,SHORT-TERM BUSINESS CREDIT INSTITUTIONS
2342,PRCP,Unknown
2343,PRDO,SERVICES-EDUCATIONAL SERVICES
2344,PRFT,SERVICES-COMPUTER PROGRAMMING SERVICES
2345,PRGO,PHARMACEUTICAL PREPARATIONS
2346,PRGS,SERVICES-PREPACKAGED SOFTWARE
2347,PRGX,Unknown
2348,PRI,LIFE INSURANCE
2349,PRIM,"WATER, SEWER, PIPELINE, COMM AND POWER LINE CONSTRUCTION"
2350,PRK,NATIONAL COMMERCIAL BANKS
2351,PRMW,BOTTLED &amp; CANNED SOFT DRINKS CARBONATED WATERS
2352,PRO,SERVICES-COMPUTER PROGRAMMING SERVICES
2353,PROV,"SAVINGS INSTITUTION, FEDERALLY CHARTERED"
2354,PRPH,PHARMACEUTICAL PREPARATIONS
2355,PRPO,LABORATORY ANALYTICAL INSTRUMENTS
2356,PRSC,Unknown
2357,PRTK,PHARMACEUTICAL PREPARATIONS
2358,PRTS,RETAIL-AUTO &amp; HOME SUPPLY STORES
2359,PRU,LIFE INSURANCE
2360,PSA,REAL ESTATE INVESTMENT TRUSTS
2361,PSB,Unknown
2362,PSEC,Unknown
2363,PSF,Unknown
2364,PSHG,DEEP SEA FOREIGN TRANSPORTATION OF FREIGHT
2365,PSMT,RETAIL-VARIETY STORES
2366,PSO,BOOKS: PUBLISHING OR PUBLISHING AND PRINTING
2367,PSTI,Unknown
2368,PSTV,SURGICAL &amp; MEDICAL INSTRUMENTS &amp; APPARATUS
2369,PTC,SERVICES-PREPACKAGED SOFTWARE
2370,PTE,BIOLOGICAL PRODUCTS (NO DIAGNOSTIC SUBSTANCES)
2371,PTEN,DRILLING OIL &amp; GAS WELLS
2372,PTMN,Unknown
2373,PTN,PHARMACEUTICAL PREPARATIONS
2374,PTNR,RADIO TELEPHONE COMMUNICATIONS
2375,PTR,CRUDE PETROLEUM &amp; NATURAL GAS
2376,PTSI,TRUCKING (NO LOCAL)
2377,PTVCB,Unknown
2378,PTY,Unknown
2379,PUK,LIFE INSURANCE
2380,PVH,"MEN&#39;S &amp; BOYS&#39; FURNISHINGS, WORK CLOTHING, AND ALLIED GARMENTS"
2381,PW,REAL ESTATE INVESTMENT TRUSTS
2382,PWOD,STATE COMMERCIAL BANKS
2383,PWR,ELECTRICAL WORK
2384,PXD,CRUDE PETROLEUM &amp; NATURAL GAS
2385,PXLW,SEMICONDUCTORS &amp; RELATED DEVICES
2386,PYN,Unknown
2387,PYS,Unknown
2388,PZC,Unknown
2389,PZN,INVESTMENT ADVICE
2390,PZZA,RETAIL-EATING PLACES
2391,QADA,Unknown
2392,QADB,Unknown
2393,QCOM,RADIO &amp; TV BROADCASTING &amp; COMMUNICATIONS EQUIPMENT
2394,QCRH,STATE COMMERCIAL BANKS
2395,QDEL,IN VITRO &amp; IN VIVO DIAGNOSTIC SUBSTANCES
2396,QEP,Unknown
2397,QGEN,BIOLOGICAL PRODUCTS (NO DIAGNOSTIC SUBSTANCES)
2398,QNST,"SERVICES-BUSINESS SERVICES, NEC"
2399,QQQX,Unknown
2400,QRHC,REFUSE SYSTEMS
2401,QRTEA,RETAIL-CATALOG &amp; MAIL-ORDER HOUSES
2402,QRTEB,RETAIL-CATALOG &amp; MAIL-ORDER HOUSES
2403,QUAD,COMMERCIAL PRINTING
2404,QUIK,SEMICONDUCTORS &amp; RELATED DEVICES
2405,QUMU,SERVICES-PREPACKAGED SOFTWARE
2406,R,SERVICES-AUTO RENTAL &amp; LEASING (NO DRIVERS)
2407,RAD,RETAIL-DRUG STORES AND PROPRIETARY STORES
2408,RADA,"WHOLESALE-ELECTRONIC PARTS &amp; EQUIPMENT, NEC"
2409,RAIL,RAILROAD EQUIPMENT
2410,RAVE,WHOLESALE-GROCERIES &amp; RELATED PRODUCTS
2411,RAVN,Unknown
2412,RBA,"SERVICES-BUSINESS SERVICES, NEC"
2413,RBC,Unknown
2414,RBCAA,STATE COMMERCIAL BANKS
2415,RBCN,SEMICONDUCTORS &amp; RELATED DEVICES
2416,RCG,Unknown
2417,RCI,CABLE &amp; OTHER PAY TELEVISION SERVICES
2418,RCII,"SERVICES-EQUIPMENT RENTAL &amp; LEASING, NEC"
2419,RCKY,"FOOTWEAR, (NO RUBBER)"
2420,RCL,WATER TRANSPORTATION
2421,RCM,SERVICES-MANAGEMENT SERVICES
2422,RCMT,SERVICES-HELP SUPPLY SERVICES
2423,RCON,"OIL, GAS FIELD SERVICES, NBC"
2424,RCS,Unknown
2425,RDCM,"COMPUTER PERIPHERAL EQUIPMENT, NEC"
2426,RDI,SERVICES-MOTION PICTURE THEATERS
2427,RDN,SURETY INSURANCE
2428,RDNT,SERVICES-MEDICAL LABORATORIES
2429,RDS.A,Unknown
2430,RDS.B,Unknown
2431,RDWR,"SERVICES-BUSINESS SERVICES, NEC"
2432,RDY,PHARMACEUTICAL PREPARATIONS
2433,RE,"FIRE, MARINE &amp; CASUALTY INSURANCE"
2434,REED,BOTTLED &amp; CANNED SOFT DRINKS CARBONATED WATERS
2435,REFR,PATENT OWNERS &amp; LESSORS
2436,REG,REAL ESTATE INVESTMENT TRUSTS
2437,REGN,PHARMACEUTICAL PREPARATIONS
2438,RELL,"WHOLESALE-ELECTRONIC PARTS &amp; EQUIPMENT, NEC"
2439,RELV,PHARMACEUTICAL PREPARATIONS
2440,RELX,"SERVICES-BUSINESS SERVICES, NEC"
2441,REPX,CRUDE PETROLEUM &amp; NATURAL GAS
2442,RES,"OIL, GAS FIELD SERVICES, NBC"
2443,REV,"PERFUMES, COSMETICS &amp; OTHER TOILET PREPARATIONS"
2444,REX,INDUSTRIAL ORGANIC CHEMICALS
2445,RF,NATIONAL COMMERCIAL BANKS
2446,RFI,Unknown
2447,RFIL,ELECTRONIC CONNECTORS
2448,RFP,PAPER MILLS
2449,RGA,LIFE INSURANCE
2450,RGEN,BIOLOGICAL PRODUCTS (NO DIAGNOSTIC SUBSTANCES)
2451,RGLD,MINERAL ROYALTY TRADERS
2452,RGP,"SERVICES-BUSINESS SERVICES, NEC"
2453,RGR,"ORDNANCE &amp; ACCESSORIES, (NO VEHICLES/GUIDED MISSILES)"
2454,RGS,SERVICES-PERSONAL SERVICES
2455,RHI,SERVICES-HELP SUPPLY SERVICES
2456,RHP,REAL ESTATE INVESTMENT TRUSTS
2457,RIBT,GRAIN MILL PRODUCTS
2458,RICK,RETAIL-EATING PLACES
2459,RIG,DRILLING OIL &amp; GAS WELLS
2460,RIGL,PHARMACEUTICAL PREPARATIONS
2461,RILY,INVESTMENT ADVICE
2462,RIO,METAL MINING
2463,RIOT,FINANCE SERVICES
2464,RJA,MISCELLANEOUS BUSINESS CREDIT INSTITUTION
2465,RJF,"SECURITY BROKERS, DEALERS &amp; FLOTATION COMPANIES"
2466,RJI,MISCELLANEOUS BUSINESS CREDIT INSTITUTION
2467,RJN,MISCELLANEOUS BUSINESS CREDIT INSTITUTION
2468,RJZ,MISCELLANEOUS BUSINESS CREDIT INSTITUTION
2469,RL,"MEN&#39;S &amp; BOYS&#39; FURNISHINGS, WORK CLOTHING, AND ALLIED GARMENTS"
2470,RLGT,ARRANGEMENT OF TRANSPORTATION OF FREIGHT &amp; CARGO
2471,RLH,Unknown
2472,RLI,"FIRE, MARINE &amp; CASUALTY INSURANCE"
2473,RMBS,SEMICONDUCTORS &amp; RELATED DEVICES
2474,RMD,SURGICAL &amp; MEDICAL INSTRUMENTS &amp; APPARATUS
2475,RMRM,Unknown
2476,RMT,Unknown
2477,RMTI,PHARMACEUTICAL PREPARATIONS
2478,RNET,Unknown
2479,RNP,Unknown
2480,RNR,"FIRE, MARINE &amp; CASUALTY INSURANCE"
2481,RNST,STATE COMMERCIAL BANKS
2482,RNWK,SERVICES-COMPUTER PROGRAMMING SERVICES
2483,ROCK,"STEEL WORKS, BLAST FURNACES &amp; ROLLING &amp; FINISHING MILLS"
2484,ROG,"PLASTICS, MATERIALS, SYNTH RESINS &amp; NONVULCAN ELASTOMERS"
2485,ROIC,REAL ESTATE INVESTMENT TRUSTS
2486,ROK,"MEASURING &amp; CONTROLLING DEVICES, NEC"
2487,ROL,SERVICES-TO DWELLINGS &amp; OTHER BUILDINGS
2488,ROLL,BALL &amp; ROLLER BEARINGS
2489,ROP,"INDUSTRIAL INSTRUMENTS FOR MEASUREMENT, DISPLAY, AND CONTROL"
2490,ROST,RETAIL-FAMILY CLOTHING STORES
2491,RP,Unknown
2492,RPM,"PAINTS, VARNISHES, LACQUERS, ENAMELS &amp; ALLIED PRODUCTS"
2493,RPT,REAL ESTATE INVESTMENT TRUSTS
2494,RQI,Unknown
2495,RRC,CRUDE PETROLEUM &amp; NATURAL GAS
2496,RRD,Unknown
2497,RRGB,RETAIL-EATING PLACES
2498,RRX,"GENERAL INDUSTRIAL MACHINERY &amp; EQUIPMENT, NEC"
2499,RS,WHOLESALE-METALS SERVICE CENTERS &amp; OFFICES
2500,RSG,REFUSE SYSTEMS
2501,RSSS,"SERVICES-BUSINESS SERVICES, NEC"
2502,RTX,AIRCRAFT ENGINES &amp; ENGINE PARTS
2503,RUSHA,RETAIL-AUTO DEALERS &amp; GASOLINE STATIONS
2504,RUSHB,RETAIL-AUTO DEALERS &amp; GASOLINE STATIONS
2505,RUTH,RETAIL-EATING PLACES
2506,RVP,SURGICAL &amp; MEDICAL INSTRUMENTS &amp; APPARATUS
2507,RVSB,"SAVINGS INSTITUTION, FEDERALLY CHARTERED"
2508,RVT,Unknown
2509,RWT,REAL ESTATE INVESTMENT TRUSTS
2510,RY,"COMMERCIAL BANKS, NEC"
2511,RYAAY,"AIR TRANSPORTATION, SCHEDULED"
2512,RYN,REAL ESTATE INVESTMENT TRUSTS
2513,SA,GOLD &amp; SILVER ORES
2514,SAFM,Unknown
2515,SAFT,"FIRE, MARINE &amp; CASUALTY INSURANCE"
2516,SAH,RETAIL-AUTO DEALERS &amp; GASOLINE STATIONS
2517,SAIA,TRUCKING (NO LOCAL)
2518,SAL,"SAVINGS INSTITUTION, FEDERALLY CHARTERED"
2519,SALM,RADIO BROADCASTING STATIONS
2520,SAM,MALT BEVERAGES
2521,SAN,"COMMERCIAL BANKS, NEC"
2522,SANM,PRINTED CIRCUIT BOARDS
2523,SANW,AGRICULTURE PRODUCTION - CROPS
2524,SAP,SERVICES-PREPACKAGED SOFTWARE
2525,SAR,Unknown
2526,SASR,NATIONAL COMMERCIAL BANKS
2527,SATS,"COMMUNICATION SERVICES, NEC"
2528,SAVA,PHARMACEUTICAL PREPARATIONS
2529,SB,DEEP SEA FOREIGN TRANSPORTATION OF FREIGHT
2530,SBCF,STATE COMMERCIAL BANKS
2531,SBET,SERVICES-PREPACKAGED SOFTWARE
2532,SBGI,TELEVISION BROADCASTING STATIONS
2533,SBH,"RETAIL-RETAIL STORES, NEC"
2534,SBI,Unknown
2535,SBLK,DEEP SEA FOREIGN TRANSPORTATION OF FREIGHT
2536,SBNY,STATE COMMERCIAL BANKS
2537,SBOW,CRUDE PETROLEUM &amp; NATURAL GAS
2538,SBR,OIL ROYALTY TRADERS
2539,SBRA,REAL ESTATE INVESTMENT TRUSTS
2540,SBS,WATER SUPPLY
2541,SBSI,STATE COMMERCIAL BANKS
2542,SBUX,RETAIL-EATING &amp; DRINKING PLACES
2543,SCCO,METAL MINING
2544,SCD,Unknown
2545,SCHL,BOOKS: PUBLISHING OR PUBLISHING AND PRINTING
2546,SCHN,WHOLESALE-MISC DURABLE GOODS
2547,SCHW,"SECURITY BROKERS, DEALERS &amp; FLOTATION COMPANIES"
2548,SCI,SERVICES-PERSONAL SERVICES
2549,SCKT,ELECTRONIC COMPUTERS
2550,SCL,"SOAP, DETERGENT, CLEANING PREPARATIONS, PERFUMES, COSMETICS"
2551,SCOR,"SERVICES-BUSINESS SERVICES, NEC"
2552,SCS,OFFICE FURNITURE (NO WOOD)
2553,SCSC,WHOLESALE-COMPUTER &amp; PERIPHERAL EQUIPMENT &amp; SOFTWARE
2554,SCVL,RETAIL-SHOE STORES
2555,SCX,"CUTLERY, HANDTOOLS &amp; GENERAL HARDWARE"
2556,SEAC,SERVICES-PREPACKAGED SOFTWARE
2557,SEB,WHOLESALE-FARM PRODUCT RAW MATERIALS
2558,SEE,"PLASTIC MATERIAL, SYNTH RESIN/RUBBER, CELLULOS (NO GLASS)"
2559,SEED,AGRICULTURE PRODUCTION - CROPS
2560,SEEL,PHARMACEUTICAL PREPARATIONS
2561,SEIC,"SECURITY BROKERS, DEALERS &amp; FLOTATION COMPANIES"
2562,SELF,REAL ESTATE INVESTMENT TRUSTS
2563,SEM,SERVICES-HOSPITALS
2564,SENEA,"CANNED, FRUITS, VEG &amp; PRESERVES, JAMS &amp; JELLIES"
2565,SENEB,"CANNED, FRUITS, VEG &amp; PRESERVES, JAMS &amp; JELLIES"
2566,SF,"SECURITY BROKERS, DEALERS &amp; FLOTATION COMPANIES"
2567,SFE,"INVESTORS, NEC"
2568,SFL,DEEP SEA FOREIGN TRANSPORTATION OF FREIGHT
2569,SFNC,NATIONAL COMMERCIAL BANKS
2570,SFUN,Unknown
2571,SGA,RADIO BROADCASTING STATIONS
2572,SGC,APPAREL &amp; OTHER FINISHED PRODS OF FABRICS &amp; SIMILAR MATERIAL
2573,SGEN,BIOLOGICAL PRODUCTS (NO DIAGNOSTIC SUBSTANCES)
2574,SGLB,Unknown
2575,SGMA,PRINTED CIRCUIT BOARDS
2576,SGMO,BIOLOGICAL PRODUCTS (NO DIAGNOSTIC SUBSTANCES)
2577,SGMS,Unknown
2578,SGRP,"SERVICES-BUSINESS SERVICES, NEC"
2579,SGU,"RETAIL-RETAIL STORES, NEC"
2580,SHBI,NATIONAL COMMERCIAL BANKS
2581,SHEN,TELEPHONE COMMUNICATIONS (NO RADIO TELEPHONE)
2582,SHG,NATIONAL COMMERCIAL BANKS
2583,SHI,"PLASTICS, MATERIALS, SYNTH RESINS &amp; NONVULCAN ELASTOMERS"
2584,SHIP,DEEP SEA FOREIGN TRANSPORTATION OF FREIGHT
2585,SHO,HOTELS &amp; MOTELS
2586,SHOO,"FOOTWEAR, (NO RUBBER)"
2587,SHW,"RETAIL-BUILDING MATERIALS, HARDWARE, GARDEN SUPPLY"
2588,SHYF,CONSTRUCTION MACHINERY &amp; EQUIP
2589,SID,"STEEL WORKS, BLAST FURNACES &amp; ROLLING &amp; FINISHING MILLS"
2590,SIF,AIRCRAFT ENGINES &amp; ENGINE PARTS
2591,SIFY,"SERVICES-COMPUTER PROGRAMMING, DATA PROCESSING, ETC."
2592,SIG,RETAIL-JEWELRY STORES
2593,SIGA,PHARMACEUTICAL PREPARATIONS
2594,SIGI,"FIRE, MARINE &amp; CASUALTY INSURANCE"
2595,SILC,COMPUTER COMMUNICATIONS EQUIPMENT
2596,SIM,"STEEL WORKS, BLAST FURNACES  ROLLING MILLS (COKE OVENS)"
2597,SIMO,SEMICONDUCTORS &amp; RELATED DEVICES
2598,SINA,Unknown
2599,SIRI,RADIO BROADCASTING STATIONS
2600,SITC,REAL ESTATE INVESTMENT TRUSTS
2601,SIVB,STATE COMMERCIAL BANKS
2602,SIX,SERVICES-MISCELLANEOUS AMUSEMENT &amp; RECREATION
2603,SJI,NATURAL GAS DISTRIBUTION
2604,SJM,"CANNED, FRUITS, VEG &amp; PRESERVES, JAMS &amp; JELLIES"
2605,SJR,CABLE &amp; OTHER PAY TELEVISION SERVICES
2606,SJT,OIL ROYALTY TRADERS
2607,SJW,WATER SUPPLY
2608,SKM,RADIO TELEPHONE COMMUNICATIONS
2609,SKT,REAL ESTATE INVESTMENT TRUSTS
2610,SKX,"FOOTWEAR, (NO RUBBER)"
2611,SKY,MOBILE HOMES
2612,SKYW,"AIR TRANSPORTATION, SCHEDULED"
2613,SLAB,SEMICONDUCTORS &amp; RELATED DEVICES
2614,SLB,"OIL, GAS FIELD SERVICES, NBC"
2615,SLCT,Unknown
2616,SLF,LIFE INSURANCE
2617,SLG,REAL ESTATE INVESTMENT TRUSTS
2618,SLGN,METAL CANS
2619,SLM,PERSONAL CREDIT INSTITUTIONS
2620,SLP,SERVICES-COMPUTER INTEGRATED SYSTEMS DESIGN
2621,SLRC,Unknown
2622,SLS,PHARMACEUTICAL PREPARATIONS
2623,SM,CRUDE PETROLEUM &amp; NATURAL GAS
2624,SMBC,"SAVINGS INSTITUTIONS, NOT FEDERALLY CHARTERED"
2625,SMBK,NATIONAL COMMERCIAL BANKS
2626,SMCI,ELECTRONIC COMPUTERS
2627,SMED,Unknown
2628,SMFG,"COMMERCIAL BANKS, NEC"
2629,SMG,AGRICULTURE CHEMICALS
2630,SMID,"CONCRETE PRODUCTS, EXCEPT BLOCK &amp; BRICK"
2631,SMMF,STATE COMMERCIAL BANKS
2632,SMP,MOTOR VEHICLE PARTS &amp; ACCESSORIES
2633,SMSI,SERVICES-PREPACKAGED SOFTWARE
2634,SMTC,SEMICONDUCTORS &amp; RELATED DEVICES
2635,SMTI,"ORTHOPEDIC, PROSTHETIC &amp; SURGICAL APPLIANCES &amp; SUPPLIES"
2636,SMTX,Unknown
2637,SNA,"CUTLERY, HANDTOOLS &amp; GENERAL HARDWARE"
2638,SNBR,HOUSEHOLD FURNITURE
2639,SNCR,SERVICES-COMPUTER PROGRAMMING SERVICES
2640,SNEX,"SECURITY &amp; COMMODITY BROKERS, DEALERS, EXCHANGES &amp; SERVICES"
2641,SNFCA,FINANCE SERVICES
2642,SNGX,PHARMACEUTICAL PREPARATIONS
2643,SNN,"ORTHOPEDIC, PROSTHETIC &amp; SURGICAL APPLIANCES &amp; SUPPLIES"
2644,SNOA,SURGICAL &amp; MEDICAL INSTRUMENTS &amp; APPARATUS
2645,SNP,PETROLEUM REFINING
2646,SNPS,SERVICES-PREPACKAGED SOFTWARE
2647,SNV,NATIONAL COMMERCIAL BANKS
2648,SNX,WHOLESALE-COMPUTER &amp; PERIPHERAL EQUIPMENT &amp; SOFTWARE
2649,SNY,PHARMACEUTICAL PREPARATIONS
2650,SO,ELECTRIC SERVICES
2651,SOHO,REAL ESTATE INVESTMENT TRUSTS
2652,SOL,ELECTRIC &amp; OTHER SERVICES COMBINED
2653,SON,PAPERBOARD CONTAINERS &amp; BOXES
2654,SONY,HOUSEHOLD AUDIO &amp; VIDEO EQUIPMENT
2655,SOR,Unknown
2656,SP,SERVICES-AUTO RENTAL &amp; LEASING (NO DRIVERS)
2657,SPB,"MISCELLANEOUS ELECTRICAL MACHINERY, EQUIPMENT &amp; SUPPLIES"
2658,SPCB,SEMICONDUCTORS &amp; RELATED DEVICES
2659,SPE,Unknown
2660,SPG,REAL ESTATE INVESTMENT TRUSTS
2661,SPGI,"SERVICES-CONSUMER CREDIT REPORTING, COLLECTION AGENCIES"
2662,SPH,RETAIL-MISCELLANEOUS RETAIL
2663,SPNS,SERVICES-PREPACKAGED SOFTWARE
2664,SPOK,RADIO TELEPHONE COMMUNICATIONS
2665,SPPI,PHARMACEUTICAL PREPARATIONS
2666,SPR,"AIRCRAFT PART &amp; AUXILIARY EQUIPMENT, NEC"
2667,SPRT,Unknown
2668,SPSC,SERVICES-PREPACKAGED SOFTWARE
2669,SPTN,WHOLESALE-GROCERIES &amp; GENERAL LINE
2670,SPXC,METALWORKING MACHINERY &amp; EQUIPMENT
2671,SPXX,Unknown
2672,SQM,"MINING, QUARRYING OF NONMETALLIC MINERALS (NO FUELS)"
2673,SR,NATURAL GAS DISTRIBUTION
2674,SRCE,STATE COMMERCIAL BANKS
2675,SRCL,HAZARDOUS WASTE MANAGEMENT
2676,SRDX,SURGICAL &amp; MEDICAL INSTRUMENTS &amp; APPARATUS
2677,SRE,GAS &amp; OTHER SERVICES COMBINED
2678,SRI,MOTOR VEHICLE PARTS &amp; ACCESSORIES
2679,SRPT,PHARMACEUTICAL PREPARATIONS
2680,SRT,SERVICES-HELP SUPPLY SERVICES
2681,SRV,Unknown
2682,SSBI,Unknown
2683,SSD,"CUTLERY, HANDTOOLS &amp; GENERAL HARDWARE"
2684,SSKN,SURGICAL &amp; MEDICAL INSTRUMENTS &amp; APPARATUS
2685,SSL,CRUDE PETROLEUM &amp; NATURAL GAS
2686,SSNC,SERVICES-PREPACKAGED SOFTWARE
2687,SSNT,WHOLESALE-LUMBER &amp; OTHER CONSTRUCTION MATERIALS
2688,SSP,TELEVISION BROADCASTING STATIONS
2689,SSRM,MINERAL ROYALTY TRADERS
2690,SSY,"SERVICES-GENERAL MEDICAL &amp; SURGICAL HOSPITALS, NEC"
2691,STAA,OPHTHALMIC GOODS
2692,STAR,REAL ESTATE INVESTMENT TRUSTS
2693,STBA,STATE COMMERCIAL BANKS
2694,STC,TITLE INSURANCE
2695,STCN,"SERVICES-BUSINESS SERVICES, NEC"
2696,STFC,Unknown
2697,STK,Unknown
2698,STKL,BEVERAGES
2699,STL,Unknown
2700,STLD,"STEEL WORKS, BLAST FURNACES  ROLLING MILLS (COKE OVENS)"
2701,STM,SEMICONDUCTORS &amp; RELATED DEVICES
2702,STMP,Unknown
2703,STN,SERVICES-ENGINEERING SERVICES
2704,STND,Unknown
2705,STNG,DEEP SEA FOREIGN TRANSPORTATION OF FREIGHT
2706,STRA,SERVICES-EDUCATIONAL SERVICES
2707,STRL,HEAVY CONSTRUCTION OTHER THAN BUILDING CONST - CONTRACTORS
2708,STRM,SERVICES-COMPUTER INTEGRATED SYSTEMS DESIGN
2709,STRS,LAND SUBDIVIDERS &amp; DEVELOPERS (NO CEMETERIES)
2710,STRT,MOTOR VEHICLE PARTS &amp; ACCESSORIES
2711,STT,STATE COMMERCIAL BANKS
2712,STWD,REAL ESTATE INVESTMENT TRUSTS
2713,STX,COMPUTER STORAGE DEVICES
2714,STXS,ELECTROMEDICAL &amp; ELECTROTHERAPEUTIC APPARATUS
2715,STZ,BEVERAGES
2716,STZ.B,Unknown
2717,SU,PETROLEUM REFINING
2718,SUI,REAL ESTATE INVESTMENT TRUSTS
2719,SUMR,Unknown
2720,SUP,MOTOR VEHICLE PARTS &amp; ACCESSORIES
2721,SVA,PHARMACEUTICAL PREPARATIONS
2722,SVBI,Unknown
2723,SVC,REAL ESTATE INVESTMENT TRUSTS
2724,SVM,GOLD &amp; SILVER ORES
2725,SVRA,PHARMACEUTICAL PREPARATIONS
2726,SWBI,"ORDNANCE &amp; ACCESSORIES, (NO VEHICLES/GUIDED MISSILES)"
2727,SWIR,RADIO &amp; TV BROADCASTING &amp; COMMUNICATIONS EQUIPMENT
2728,SWK,"CUTLERY, HANDTOOLS &amp; GENERAL HARDWARE"
2729,SWKH,MISCELLANEOUS BUSINESS CREDIT INSTITUTION
2730,SWKS,SEMICONDUCTORS &amp; RELATED DEVICES
2731,SWM,Unknown
2732,SWN,CRUDE PETROLEUM &amp; NATURAL GAS
2733,SWZ,Unknown
2734,SXI,REFRIGERATION &amp; SERVICE INDUSTRY MACHINERY
2735,SXT,INDUSTRIAL ORGANIC CHEMICALS
2736,SYBT,STATE COMMERCIAL BANKS
2737,SYK,SURGICAL &amp; MEDICAL INSTRUMENTS &amp; APPARATUS
2738,SYKE,Unknown
2739,SYN,PHARMACEUTICAL PREPARATIONS
2740,SYNA,SEMICONDUCTORS &amp; RELATED DEVICES
2741,SYNL,Unknown
2742,SYPR,"INDUSTRIAL INSTRUMENTS FOR MEASUREMENT, DISPLAY, AND CONTROL"
2743,SYY,WHOLESALE-GROCERIES &amp; RELATED PRODUCTS
2744,T,TELEPHONE COMMUNICATIONS (NO RADIO TELEPHONE)
2745,TAC,ELECTRIC SERVICES
2746,TACT,"COMPUTER PERIPHERAL EQUIPMENT, NEC"
2747,TAIT,"WHOLESALE-ELECTRONIC PARTS &amp; EQUIPMENT, NEC"
2748,TAK,PHARMACEUTICAL PREPARATIONS
2749,TAL,SERVICES-EDUCATIONAL SERVICES
2750,TAOP,SERVICES-PREPACKAGED SOFTWARE
2751,TAP,MALT BEVERAGES
2752,TAP.A,Unknown
2753,TARO,PHARMACEUTICAL PREPARATIONS
2754,TAT,Unknown
2755,TATT,AIRCRAFT ENGINES &amp; ENGINE PARTS
2756,TAYD,"GENERAL INDUSTRIAL MACHINERY &amp; EQUIPMENT, NEC"
2757,TBBK,NATIONAL COMMERCIAL BANKS
2758,TBI,SERVICES-HELP SUPPLY SERVICES
2759,TBNK,"SAVINGS INSTITUTION, FEDERALLY CHARTERED"
2760,TCBI,STATE COMMERCIAL BANKS
2761,TCBK,STATE COMMERCIAL BANKS
2762,TCCO,RADIO &amp; TV BROADCASTING &amp; COMMUNICATIONS EQUIPMENT
2763,TCF,Unknown
2764,TCI,REAL ESTATE INVESTMENT TRUSTS
2765,TCO,Unknown
2766,TCOM,"SERVICES-BUSINESS SERVICES, NEC"
2767,TCX,SERVICES-COMPUTER PROCESSING &amp; DATA PREPARATION
2768,TD,"COMMERCIAL BANKS, NEC"
2769,TDC,SERVICES-PREPACKAGED SOFTWARE
2770,TDF,Unknown
2771,TDG,"AIRCRAFT PART &amp; AUXILIARY EQUIPMENT, NEC"
2772,TDY,"SEARCH, DETECTION, NAVIGATION, GUIDANCE, AERONAUTICAL SYS"
2773,TECH,BIOLOGICAL PRODUCTS (NO DIAGNOSTIC SUBSTANCES)
2774,TECK,"MINING, QUARRYING OF NONMETALLIC MINERALS (NO FUELS)"
2775,TEF,TELEPHONE COMMUNICATIONS (NO RADIO TELEPHONE)
2776,TEI,Unknown
2777,TEL,"WHOLESALE-ELECTRONIC PARTS &amp; EQUIPMENT, NEC"
2778,TELL,CRUDE PETROLEUM &amp; NATURAL GAS
2779,TEN,MOTOR VEHICLE PARTS &amp; ACCESSORIES
2780,TENX,PHARMACEUTICAL PREPARATIONS
2781,TEO,TELEPHONE COMMUNICATIONS (NO RADIO TELEPHONE)
2782,TER,INSTRUMENTS FOR MEAS &amp; TESTING OF ELECTRICITY &amp; ELEC SIGNALS
2783,TESS,"WHOLESALE-ELECTRONIC PARTS &amp; EQUIPMENT, NEC"
2784,TEVA,PHARMACEUTICAL PREPARATIONS
2785,TEX,INDUSTRIAL TRUCKS TRACTORS TRAILERS &amp; STACKERS
2786,TFC,NATIONAL COMMERCIAL BANKS
2787,TFSL,"SAVINGS INSTITUTION, FEDERALLY CHARTERED"
2788,TFX,SURGICAL &amp; MEDICAL INSTRUMENTS &amp; APPARATUS
2789,TG,ROLLING DRAWING &amp; EXTRUDING OF NONFERROUS METALS
2790,TGA,CRUDE PETROLEUM &amp; NATURAL GAS
2791,TGB,GOLD &amp; SILVER ORES
2792,TGH,"SERVICES-EQUIPMENT RENTAL &amp; LEASING, NEC"
2793,TGI,AIRCRAFT &amp; PARTS
2794,TGNA,TELEVISION BROADCASTING STATIONS
2795,TGP,Unknown
2796,TGS,NATURAL GAS TRANSMISSION
2797,TGT,RETAIL-VARIETY STORES
2798,TGTX,PHARMACEUTICAL PREPARATIONS
2799,THC,"SERVICES-GENERAL MEDICAL &amp; SURGICAL HOSPITALS, NEC"
2800,THFF,STATE COMMERCIAL BANKS
2801,THG,"FIRE, MARINE &amp; CASUALTY INSURANCE"
2802,THM,METAL MINING
2803,THMO,LABORATORY APPARATUS &amp; FURNITURE
2804,THO,MOTOR HOMES
2805,THRM,MOTOR VEHICLE PARTS &amp; ACCESSORIES
2806,THS,"CANNED, FROZEN &amp; PRESERVED FRUIT, VEG &amp; FOOD SPECIALTIES"
2807,THTX,PHARMACEUTICAL PREPARATIONS
2808,TIF,Unknown
2809,TIGO,RADIO TELEPHONE COMMUNICATIONS
2810,TISI,SERVICES-MISCELLANEOUS REPAIR SERVICES
2811,TITN,"RETAIL-RETAIL STORES, NEC"
2812,TJX,RETAIL-FAMILY CLOTHING STORES
2813,TK,DEEP SEA FOREIGN TRANSPORTATION OF FREIGHT
2814,TKC,TELEPHONE COMMUNICATIONS (NO RADIO TELEPHONE)
2815,TKR,BALL &amp; ROLLER BEARINGS
2816,TLGT,Unknown
2817,TLK,TELEPHONE COMMUNICATIONS (NO RADIO TELEPHONE)
2818,TM,MOTOR VEHICLES &amp; PASSENGER CAR BODIES
2819,TMDI,SURGICAL &amp; MEDICAL INSTRUMENTS &amp; APPARATUS
2820,TMO,"MEASURING &amp; CONTROLLING DEVICES, NEC"
2821,TMP,STATE COMMERCIAL BANKS
2822,TNAV,Unknown
2823,TNC,REFRIGERATION &amp; SERVICE INDUSTRY MACHINERY
2824,TNK,WATER TRANSPORTATION
2825,TNL,HOTELS &amp; MOTELS
2826,TNP,DEEP SEA FOREIGN TRANSPORTATION OF FREIGHT
2827,TOL,OPERATIVE BUILDERS
2828,TOPS,DEEP SEA FOREIGN TRANSPORTATION OF FREIGHT
2829,TOWN,Unknown
2830,TPC,GENERAL BUILDING CONTRACTORS - NONRESIDENTIAL BUILDINGS
2831,TPL,OIL ROYALTY TRADERS
2832,TPR,LEATHER &amp; LEATHER PRODUCTS
2833,TPX,HOUSEHOLD FURNITURE
2834,TR,SUGAR &amp; CONFECTIONERY PRODUCTS
2835,TRC,REAL ESTATE
2836,TRCH,Unknown
2837,TREC,Unknown
2838,TREE,LOAN BROKERS
2839,TREX,LUMBER &amp; WOOD PRODUCTS (NO FURNITURE)
2840,TRGP,NATURAL GAS TRANSMISSION
2841,TRI,MISCELLANEOUS PUBLISHING
2842,TRIB,IN VITRO &amp; IN VIVO DIAGNOSTIC SUBSTANCES
2843,TRMB,"MEASURING &amp; CONTROLLING DEVICES, NEC"
2844,TRMK,NATIONAL COMMERCIAL BANKS
2845,TRN,RAILROAD EQUIPMENT
2846,TRNO,REAL ESTATE
2847,TRNS,INSTRUMENTS FOR MEAS &amp; TESTING OF ELECTRICITY &amp; ELEC SIGNALS
2848,TROW,INVESTMENT ADVICE
2849,TRP,NATURAL GAS TRANSMISSION
2850,TRQ,METAL MINING
2851,TRS,METAL FORGING &amp; STAMPINGS
2852,TRST,STATE COMMERCIAL BANKS
2853,TRT,"SPECIAL INDUSTRY MACHINERY, NEC"
2854,TRV,"FIRE, MARINE &amp; CASUALTY INSURANCE"
2855,TRX,GOLD &amp; SILVER ORES
2856,TS,"STEEL WORKS, BLAST FURNACES  ROLLING MILLS (COKE OVENS)"
2857,TSBK,"SAVINGS INSTITUTIONS, NOT FEDERALLY CHARTERED"
2858,TSCO,"RETAIL-BUILDING MATERIALS, HARDWARE, GARDEN SUPPLY"
2859,TSEM,SEMICONDUCTORS &amp; RELATED DEVICES
2860,TSI,Unknown
2861,TSLA,MOTOR VEHICLES &amp; PASSENGER CAR BODIES
2862,TSM,SEMICONDUCTORS &amp; RELATED DEVICES
2863,TSN,POULTRY SLAUGHTERING AND PROCESSING
2864,TSRI,SERVICES-COMPUTER PROGRAMMING SERVICES
2865,TT,AUTO CONTROLS FOR REGULATING RESIDENTIAL &amp; COMML ENVIRONMENT
2866,TTC,LAWN &amp; GARDEN TRACTORS &amp; HOME LAWN &amp; GARDEN EQUIPMENT
2867,TTE,CRUDE PETROLEUM &amp; NATURAL GAS
2868,TTEC,SERVICES-HELP SUPPLY SERVICES
2869,TTEK,SERVICES-ENGINEERING SERVICES
2870,TTGT,TELEGRAPH &amp; OTHER MESSAGE COMMUNICATIONS
2871,TTI,CRUDE PETROLEUM &amp; NATURAL GAS
2872,TTM,MOTOR VEHICLES &amp; PASSENGER CAR BODIES
2873,TTMI,PRINTED CIRCUIT BOARDS
2874,TTNP,BIOLOGICAL PRODUCTS (NO DIAGNOSTIC SUBSTANCES)
2875,TTWO,SERVICES-PREPACKAGED SOFTWARE
2876,TUP,"PLASTICS PRODUCTS, NEC"
2877,TURN,INVESTMENT ADVICE
2878,TV,TELEVISION BROADCASTING STATIONS
2879,TVTY,Unknown
2880,TWI,"STEEL WORKS, BLAST FURNACES  ROLLING MILLS (COKE OVENS)"
2881,TWIN,GENERAL INDUSTRIAL MACHINERY &amp; EQUIPMENT
2882,TWN,Unknown
2883,TWO,REAL ESTATE INVESTMENT TRUSTS
2884,TX,"STEEL WORKS, BLAST FURNACES  ROLLING MILLS (COKE OVENS)"
2885,TXMD,PHARMACEUTICAL PREPARATIONS
2886,TXN,SEMICONDUCTORS &amp; RELATED DEVICES
2887,TXRH,RETAIL-EATING PLACES
2888,TXT,AIRCRAFT &amp; PARTS
2889,TY,Unknown
2890,TYG,Unknown
2891,TYL,SERVICES-PREPACKAGED SOFTWARE
2892,TZOO,SERVICES-ADVERTISING
2893,UAA,APPAREL &amp; OTHER FINISHED PRODS OF FABRICS &amp; SIMILAR MATERIAL
2894,UAG,Unknown
2895,UAL,"AIR TRANSPORTATION, SCHEDULED"
2896,UAMY,PRIMARY SMELTING &amp; REFINING OF NONFERROUS METALS
2897,UAVS,AIRCRAFT
2898,UBA,REAL ESTATE INVESTMENT TRUSTS
2899,UBCP,STATE COMMERCIAL BANKS
2900,UBFO,NATIONAL COMMERCIAL BANKS
2901,UBOH,NATIONAL COMMERCIAL BANKS
2902,UBP,REAL ESTATE INVESTMENT TRUSTS
2903,UBSI,STATE COMMERCIAL BANKS
2904,UCBI,STATE COMMERCIAL BANKS
2905,UCTT,SEMICONDUCTORS &amp; RELATED DEVICES
2906,UDR,REAL ESTATE INVESTMENT TRUSTS
2907,UEC,MISCELLANEOUS METAL ORES
2908,UEIC,HOUSEHOLD AUDIO &amp; VIDEO EQUIPMENT
2909,UEPS,Unknown
2910,UFCS,"FIRE, MARINE &amp; CASUALTY INSURANCE"
2911,UFI,TEXTILE MILL PRODUCTS
2912,UFPI,"SAWMILLS, PLANNING MILLS, GENERAL"
2913,UFPT,SURGICAL &amp; MEDICAL INSTRUMENTS &amp; APPARATUS
2914,UFS,Unknown
2915,UG,"PERFUMES, COSMETICS &amp; OTHER TOILET PREPARATIONS"
2916,UGI,GAS &amp; OTHER SERVICES COMBINED
2917,UGP,NATURAL GAS DISTRIBUTION
2918,UHAL,SERVICES-AUTO RENTAL &amp; LEASING (NO DRIVERS)
2919,UHS,"SERVICES-GENERAL MEDICAL &amp; SURGICAL HOSPITALS, NEC"
2920,UHT,REAL ESTATE INVESTMENT TRUSTS
2921,UIS,SERVICES-COMPUTER INTEGRATED SYSTEMS DESIGN
2922,UL,"SOAP, DETERGENT, CLEANING PREPARATIONS, PERFUMES, COSMETICS"
2923,ULBI,"MISCELLANEOUS ELECTRICAL MACHINERY, EQUIPMENT &amp; SUPPLIES"
2924,ULH,TRUCKING (NO LOCAL)
2925,UMBF,NATIONAL COMMERCIAL BANKS
2926,UMC,SEMICONDUCTORS &amp; RELATED DEVICES
2927,UMH,REAL ESTATE INVESTMENT TRUSTS
2928,UMPQ,"SAVINGS INSTITUTION, FEDERALLY CHARTERED"
2929,UNAM,"FIRE, MARINE &amp; CASUALTY INSURANCE"
2930,UNB,STATE COMMERCIAL BANKS
2931,UNF,SERVICES-PERSONAL SERVICES
2932,UNFI,WHOLESALE-GROCERIES &amp; GENERAL LINE
2933,UNH,HOSPITAL &amp; MEDICAL SERVICE PLANS
2934,UNM,ACCIDENT &amp; HEALTH INSURANCE
2935,UNP,"RAILROADS, LINE-HAUL OPERATING"
2936,UNTY,STATE COMMERCIAL BANKS
2937,UONE,RADIO BROADCASTING STATIONS
2938,UONEK,RADIO BROADCASTING STATIONS
2939,UPS,TRUCKING &amp; COURIER SERVICES (NO AIR)
2940,URBN,RETAIL-FAMILY CLOTHING STORES
2941,URG,GOLD &amp; SILVER ORES
2942,URI,"SERVICES-EQUIPMENT RENTAL &amp; LEASING, NEC"
2943,USA,Unknown
2944,USAK,TRUCKING (NO LOCAL)
2945,USAP,"STEEL WORKS, BLAST FURNACES  ROLLING MILLS (COKE OVENS)"
2946,USAT,Unknown
2947,USAU,METAL MINING
2948,USB,NATIONAL COMMERCIAL BANKS
2949,USCR,Unknown
2950,USEG,CRUDE PETROLEUM &amp; NATURAL GAS
2951,USIO,"FUNCTIONS RELATED TO DEPOSITORY BANKING, NEC"
2952,USLM,"MINING, QUARRYING OF NONMETALLIC MINERALS (NO FUELS)"
2953,USM,RADIO TELEPHONE COMMUNICATIONS
2954,USNA,MEDICINAL CHEMICALS &amp; BOTANICAL PRODUCTS
2955,USPH,SERVICES-HEALTH SERVICES
2956,USV,Unknown
2957,UTF,Unknown
2958,UTG,Unknown
2959,UTHR,PHARMACEUTICAL PREPARATIONS
2960,UTI,SERVICES-EDUCATIONAL SERVICES
2961,UTL,ELECTRIC &amp; OTHER SERVICES COMBINED
2962,UTMD,SURGICAL &amp; MEDICAL INSTRUMENTS &amp; APPARATUS
2963,UTSI,"COMMUNICATIONS EQUIPMENT, NEC"
2964,UUU,"WHOLESALE-ELECTRONIC PARTS &amp; EQUIPMENT, NEC"
2965,UVE,"FIRE, MARINE &amp; CASUALTY INSURANCE"
2966,UVSP,STATE COMMERCIAL BANKS
2967,UVV,WHOLESALE-FARM PRODUCT RAW MATERIALS
2968,V,"SERVICES-BUSINESS SERVICES, NEC"
2969,VABK,NATIONAL COMMERCIAL BANKS
2970,VALE,METAL MINING
2971,VALU,INVESTMENT ADVICE
2972,VAR,Unknown
2973,VBF,Unknown
2974,VBFC,STATE COMMERCIAL BANKS
2975,VC,MOTOR VEHICLE PARTS &amp; ACCESSORIES
2976,VCEL,BIOLOGICAL PRODUCTS (NO DIAGNOSTIC SUBSTANCES)
2977,VCF,Unknown
2978,VCV,Unknown
2979,VECO,"SPECIAL INDUSTRY MACHINERY, NEC"
2980,VEON,RADIO TELEPHONE COMMUNICATIONS
2981,VERU,PHARMACEUTICAL PREPARATIONS
2982,VET,CRUDE PETROLEUM &amp; NATURAL GAS
2983,VFC,"MEN&#39;S &amp; BOYS&#39; FURNISHINGS, WORK CLOTHING, AND ALLIED GARMENTS"
2984,VFL,Unknown
2985,VG,Unknown
2986,VGM,Unknown
2987,VGR,CIGARETTES
2988,VGZ,GOLD &amp; SILVER ORES
2989,VHC,PATENT OWNERS &amp; LESSORS
2990,VHI,INDUSTRIAL INORGANIC CHEMICALS
2991,VIAC,Unknown
2992,VIACA,Unknown
2993,VIAV,SEMICONDUCTORS &amp; RELATED DEVICES
2994,VICR,"ELECTRONIC COMPONENTS, NEC"
2995,VIRC,PUBLIC BUILDING AND RELATED FURNITURE
2996,VIRX,PHARMACEUTICAL PREPARATIONS
2997,VIVE,ELECTROMEDICAL &amp; ELECTROTHERAPEUTIC APPARATUS
2998,VIVO,IN VITRO &amp; IN VIVO DIAGNOSTIC SUBSTANCES
2999,VKI,Unknown
3000,VKQ,Unknown
3001,VLGEA,RETAIL-GROCERY STORES
3002,VLO,PETROLEUM REFINING
3003,VLT,Unknown
3004,VLY,NATIONAL COMMERCIAL BANKS
3005,VMC,"MINING, QUARRYING OF NONMETALLIC MINERALS (NO FUELS)"
3006,VMI,FABRICATED STRUCTURAL METAL PRODUCTS
3007,VMM,Unknown
3008,VMO,Unknown
3009,VMW,SERVICES-PREPACKAGED SOFTWARE
3010,VNDA,PHARMACEUTICAL PREPARATIONS
3011,VNO,REAL ESTATE INVESTMENT TRUSTS
3012,VOD,RADIO TELEPHONE COMMUNICATIONS
3013,VOXX,"WHOLESALE-ELECTRONIC PARTS &amp; EQUIPMENT, NEC"
3014,VPG,ELECTRONIC COMPONENTS &amp; ACCESSORIES
3015,VPV,Unknown
3016,VRA,LEATHER &amp; LEATHER PRODUCTS
3017,VRME,SERVICES-COMPUTER INTEGRATED SYSTEMS DESIGN
3018,VRNT,SERVICES-COMPUTER INTEGRATED SYSTEMS DESIGN
3019,VRSK,SERVICES-COMPUTER PROCESSING &amp; DATA PREPARATION
3020,VRSN,SERVICES-COMPUTER PROGRAMMING SERVICES
3021,VRTS,INVESTMENT ADVICE
3022,VRTU,Unknown
3023,VRTX,PHARMACEUTICAL PREPARATIONS
3024,VSAT,"COMMUNICATION SERVICES, NEC"
3025,VSEC,SERVICES-ENGINEERING SERVICES
3026,VSH,ELECTRONIC COMPONENTS &amp; ACCESSORIES
3027,VTA,Unknown
3028,VTN,Unknown
3029,VTNR,PETROLEUM REFINING
3030,VTR,REAL ESTATE INVESTMENT TRUSTS
3031,VTSI,MISCELLANEOUS MANUFACTURING INDUSTRIES
3032,VVI,SERVICES-MISCELLANEOUS AMUSEMENT &amp; RECREATION
3033,VVR,Unknown
3034,VXRT,BIOLOGICAL PRODUCTS (NO DIAGNOSTIC SUBSTANCES)
3035,VZ,TELEPHONE COMMUNICATIONS (NO RADIO TELEPHONE)
3036,WAB,RAILROAD EQUIPMENT
3037,WABC,NATIONAL COMMERCIAL BANKS
3038,WAFD,NATIONAL COMMERCIAL BANKS
3039,WAL,STATE COMMERCIAL BANKS
3040,WASH,STATE COMMERCIAL BANKS
3041,WAT,LABORATORY ANALYTICAL INSTRUMENTS
3042,WBK,Unknown
3043,WBS,NATIONAL COMMERCIAL BANKS
3044,WCC,"WHOLESALE-ELECTRICAL APPARATUS &amp; EQUIPMENT, WIRING SUPPLIES"
3045,WCN,REFUSE SYSTEMS
3046,WD,FINANCE SERVICES
3047,WDC,COMPUTER STORAGE DEVICES
3048,WDFC,MISCELLANEOUS CHEMICAL PRODUCTS
3049,WDR,Unknown
3050,WEA,Unknown
3051,WEC,ELECTRIC &amp; OTHER SERVICES COMBINED
3052,WELL,REAL ESTATE INVESTMENT TRUSTS
3053,WEN,RETAIL-EATING &amp; DRINKING PLACES
3054,WERN,TRUCKING (NO LOCAL)
3055,WETF,"SECURITY BROKERS, DEALERS &amp; FLOTATION COMPANIES"
3056,WEX,"SERVICES-BUSINESS SERVICES, NEC"
3057,WEYS,"WHOLESALE-APPAREL, PIECE GOODS &amp; NOTIONS"
3058,WFC,NATIONAL COMMERCIAL BANKS
3059,WGO,MOTOR HOMES
3060,WHG,INVESTMENT ADVICE
3061,WHLM,SERVICES-MANAGEMENT CONSULTING SERVICES
3062,WHR,HOUSEHOLD APPLIANCES
3063,WIA,Unknown
3064,WILC,WHOLESALE-GROCERIES &amp; GENERAL LINE
3065,WINA,RETAIL-MISCELLANEOUS RETAIL
3066,WINT,BIOLOGICAL PRODUCTS (NO DIAGNOSTIC SUBSTANCES)
3067,WIRE,ROLLING DRAWING &amp; EXTRUDING OF NONFERROUS METALS
3068,WIT,SERVICES-COMPUTER PROGRAMMING SERVICES
3069,WIW,Unknown
3070,WKHS,MOTOR VEHICLES &amp; PASSENGER CAR BODIES
3071,WLDN,SERVICES-ENGINEERING SERVICES
3072,WLFC,"WHOLESALE-MACHINERY, EQUIPMENT &amp; SUPPLIES"
3073,WLK,INDUSTRIAL ORGANIC CHEMICALS
3074,WM,REFUSE SYSTEMS
3075,WMB,NATURAL GAS TRANSMISSION
3076,WMK,RETAIL-GROCERY STORES
3077,WMT,RETAIL-VARIETY STORES
3078,WNC,TRUCK TRAILERS
3079,WNEB,"SAVINGS INSTITUTION, FEDERALLY CHARTERED"
3080,WNS,"SERVICES-BUSINESS SERVICES, NEC"
3081,WOR,"STEEL WORKS, BLAST FURNACES &amp; ROLLING &amp; FINISHING MILLS"
3082,WPC,REAL ESTATE INVESTMENT TRUSTS
3083,WPM,GOLD &amp; SILVER ORES
3084,WPRT,ENGINES &amp; TURBINES
3085,WRB,"FIRE, MARINE &amp; CASUALTY INSURANCE"
3086,WRE,REAL ESTATE INVESTMENT TRUSTS
3087,WRI,Unknown
3088,WRLD,PERSONAL CREDIT INSTITUTIONS
3089,WSBC,NATIONAL COMMERCIAL BANKS
3090,WSFS,NATIONAL COMMERCIAL BANKS
3091,WSM,"RETAIL-HOME FURNITURE, FURNISHINGS &amp; EQUIPMENT STORES"
3092,WSO,WHOLESALE-HARDWARE &amp; PLUMBING &amp; HEATING EQUIPMENT &amp; SUPPLIES
3093,WSR,REAL ESTATE INVESTMENT TRUSTS
3094,WST,SURGICAL &amp; MEDICAL INSTRUMENTS &amp; APPARATUS
3095,WSTG,WHOLESALE-COMPUTER &amp; PERIPHERAL EQUIPMENT &amp; SOFTWARE
3096,WTBA,STATE COMMERCIAL BANKS
3097,WTFC,STATE COMMERCIAL BANKS
3098,WTI,CRUDE PETROLEUM &amp; NATURAL GAS
3099,WTM,"FIRE, MARINE &amp; CASUALTY INSURANCE"
3100,WTRG,WATER SUPPLY
3101,WTS,MISCELLANEOUS FABRICATED METAL PRODUCTS
3102,WTT,"COMMUNICATIONS EQUIPMENT, NEC"
3103,WU,"SERVICES-BUSINESS SERVICES, NEC"
3104,WVVI,BEVERAGES
3105,WW,SERVICES-PERSONAL SERVICES
3106,WWD,ELECTRICAL INDUSTRIAL APPARATUS
3107,WWE,SERVICES-MOTION PICTURE &amp; VIDEO TAPE PRODUCTION
3108,WWR,METAL MINING
3109,WWW,"FOOTWEAR, (NO RUBBER)"
3110,WY,REAL ESTATE INVESTMENT TRUSTS
3111,WYNN,HOTELS &amp; MOTELS
3112,WYY,SERVICES-COMPUTER INTEGRATED SYSTEMS DESIGN
3113,X,"STEEL WORKS, BLAST FURNACES  ROLLING MILLS (COKE OVENS)"
3114,XEC,Unknown
3115,XEL,ELECTRIC &amp; OTHER SERVICES COMBINED
3116,XELB,PATENT OWNERS &amp; LESSORS
3117,XIN,GEN BUILDING CONTRACTORS - RESIDENTIAL BUILDINGS
3118,XLNX,Unknown
3119,XOM,PETROLEUM REFINING
3120,XOMA,PHARMACEUTICAL PREPARATIONS
3121,XPL,GOLD &amp; SILVER ORES
3122,XPO,TRANSPORTATION SERVICES
3123,XRAY,DENTAL EQUIPMENT &amp; SUPPLIES
3124,XSPA,SERVICES-PERSONAL SERVICES
3125,XTLB,PHARMACEUTICAL PREPARATIONS
3126,XTNT,SURGICAL &amp; MEDICAL INSTRUMENTS &amp; APPARATUS
3127,Y,"FIRE, MARINE &amp; CASUALTY INSURANCE"
3128,YELL,TRUCKING (NO LOCAL)
3129,YGYI,RETAIL-CATALOG &amp; MAIL-ORDER HOUSES
3130,YORW,WATER SUPPLY
3131,YPF,PETROLEUM REFINING
3132,YTEN,AGRICULTURE PRODUCTION - CROPS
3133,YUM,RETAIL-EATING PLACES
3134,YVR,SERVICES-PREPACKAGED SOFTWARE
3135,ZAGG,Unknown
3136,ZBH,"ORTHOPEDIC, PROSTHETIC &amp; SURGICAL APPLIANCES &amp; SUPPLIES"
3137,ZBRA,GENERAL INDUSTRIAL MACHINERY &amp; EQUIPMENT
3138,ZEUS,WHOLESALE-METALS SERVICE CENTERS &amp; OFFICES
3139,ZGNX,Unknown
3140,ZIOP,Unknown
3141,ZIXI,Unknown
3142,ZNH,"AIR TRANSPORTATION, SCHEDULED"
3143,ZTR,Unknown
3144,ZUMZ,RETAIL-APPAREL &amp; ACCESSORY STORES
3145,ZVO,SERVICES-EDUCATIONAL SERVICES
3146,ZYXI,ELECTROMEDICAL &amp; ELECTROTHERAPEUTIC APPARATUS
3147,ABST,SERVICES-PREPACKAGED SOFTWARE
3148,AGM.A,Unknown
3149,BCDA,BIOLOGICAL PRODUCTS (NO DIAGNOSTIC SUBSTANCES)
3150,BDL,RETAIL-EATING PLACES
3151,BPTH,PHARMACEUTICAL PREPARATIONS
3152,BRBS,STATE COMMERCIAL BANKS
3153,CIXX,INVESTMENT ADVICE
3154,CKX,CRUDE PETROLEUM &amp; NATURAL GAS
3155,CSBR,BIOLOGICAL PRODUCTS (NO DIAGNOSTIC SUBSTANCES)
3156,DISCB,Unknown
3157,DLHC,SERVICES-HELP SUPPLY SERVICES
3158,DLPN,SERVICES-PERSONAL SERVICES
3159,EDSA,PHARMACEUTICAL PREPARATIONS
3160,EMX,METAL MINING
3161,ERF,CRUDE PETROLEUM &amp; NATURAL GAS
3162,ESBK,Unknown
3163,GBR,CRUDE PETROLEUM &amp; NATURAL GAS
3164,GJR,Unknown
3165,GJT,ASSET-BACKED SECURITIES
3166,HROW,PHARMACEUTICAL PREPARATIONS
3167,IDW,SERVICES-ADVERTISING
3168,INTZ,COMPUTER COMMUNICATIONS EQUIPMENT
3169,ISDR,SERVICES-MANAGEMENT CONSULTING SERVICES
3170,KOR,GOLD &amp; SILVER ORES
3171,KTH,ASSET-BACKED SECURITIES
3172,NHLD,Unknown
3173,NPN,Unknown
3174,OBT,STATE COMMERCIAL BANKS
3175,OGEN,PHARMACEUTICAL PREPARATIONS
3176,OPHC,NATIONAL COMMERCIAL BANKS
3177,OPNT,PHARMACEUTICAL PREPARATIONS
3178,PBA,OIL AND GAS FIELD EXPLORATION SERVICES
3179,PFIE,OIL &amp; GAS FILED MACHINERY &amp; EQUIPMENT
3180,PFIS,NATIONAL COMMERCIAL BANKS
3181,PLBC,SHORT-TERM BUSINESS CREDIT INSTITUTIONS
3182,POAI,"ORTHOPEDIC, PROSTHETIC &amp; SURGICAL APPLIANCES &amp; SUPPLIES"
3183,PYT,Unknown
3184,RAND,Unknown
3185,RGCO,NATURAL GAS TRANSMISSION &amp; DISTRIBUTION
3186,SAND,GOLD &amp; SILVER ORES
3187,SBFG,STATE COMMERCIAL BANKS
3188,SFST,NATIONAL COMMERCIAL BANKS
3189,SIEB,"SECURITY BROKERS, DEALERS &amp; FLOTATION COMPANIES"
3190,SII,FINANCE SERVICES
3191,SMIT,"INDUSTRIAL INSTRUMENTS FOR MEASUREMENT, DISPLAY, AND CONTROL"
3192,SMTS,METAL MINING
3193,TFII,TRUCKING &amp; COURIER SERVICES (NO AIR)
3194,TOMZ,INDUSTRIAL ORGANIC CHEMICALS
3195,TRXC,Unknown
3196,TU,RADIO TELEPHONE COMMUNICATIONS
3197,UBG,Unknown
3198,USAS,METAL MINING
3199,UUUU,"MINING, QUARRYING OF NONMETALLIC MINERALS (NO FUELS)"
3200,VBIV,PHARMACEUTICAL PREPARATIONS
3201,VUZI,RADIO &amp; TV BROADCASTING &amp; COMMUNICATIONS EQUIPMENT
3202,WFCF,SERVICES-PREPACKAGED SOFTWARE
3203,WRN,METAL MINING
3204,WSO.B,Unknown
3205,BCML,STATE COMMERCIAL BANKS
3206,BFC,NATIONAL COMMERCIAL BANKS
3207,CATC,STATE COMMERCIAL BANKS
3208,DMAC,PHARMACEUTICAL PREPARATIONS
3209,DOOR,"MILLWOOD, VENEER, PLYWOOD &amp; STRUCTURAL WOOD MEMBERS"
3210,EEH,Unknown
3211,FF,INDUSTRIAL ORGANIC CHEMICALS
3212,GLPG,PHARMACEUTICAL PREPARATIONS
3213,GPRK,CRUDE PETROLEUM &amp; NATURAL GAS
3214,LFMD,SERVICES-OFFICES &amp; CLINICS OF DOCTORS OF MEDICINE
3215,MTA,GOLD &amp; SILVER ORES
3216,NSYS,"ELECTRONIC COMPONENTS, NEC"
3217,NVGS,DEEP SEA FOREIGN TRANSPORTATION OF FREIGHT
3218,ORGN,INDUSTRIAL ORGANIC CHEMICALS
3219,SUNW,"MISCELLANEOUS ELECTRICAL MACHINERY, EQUIPMENT &amp; SUPPLIES"
3220,SVT,"CUTLERY, HANDTOOLS &amp; GENERAL HARDWARE"
3221,WVFC,"SAVINGS INSTITUTIONS, NOT FEDERALLY CHARTERED"
3222,XPEL,"COATING, ENGRAVING &amp; ALLIED SERVICES"
3223,CGAU,GOLD &amp; SILVER ORES
3224,CLDB,Unknown
3225,CODA,"SEARCH, DETECTION, NAVIGATION, GUIDANCE, AERONAUTICAL SYS"
3226,FDBC,NATIONAL COMMERCIAL BANKS
3227,FGBI,"SAVINGS INSTITUTION, FEDERALLY CHARTERED"
3228,GTT,Unknown
3229,IOVA,BIOLOGICAL PRODUCTS (NO DIAGNOSTIC SUBSTANCES)
3230,LBTYB,CABLE &amp; OTHER PAY TELEVISION SERVICES
3231,LSBK,"SAVINGS INSTITUTION, FEDERALLY CHARTERED"
3232,MNSB,STATE COMMERCIAL BANKS
3233,SRNE,BIOLOGICAL PRODUCTS (NO DIAGNOSTIC SUBSTANCES)
3234,SUZ,PAPER MILLS
3235,CUEN,WHOLESALE-GROCERIES &amp; RELATED PRODUCTS
3236,HGBL,"SERVICES-BUSINESS SERVICES, NEC"
3237,IMV,PHARMACEUTICAL PREPARATIONS
3238,SONN,PHARMACEUTICAL PREPARATIONS
3239,SYTA,RADIO TELEPHONE COMMUNICATIONS
3240,APTO,BIOLOGICAL PRODUCTS (NO DIAGNOSTIC SUBSTANCES)
3241,CTGO,GOLD &amp; SILVER ORES
3242,HBMD,Unknown
3243,KIQ,RAILROAD EQUIPMENT
3244,LMNL,PHARMACEUTICAL PREPARATIONS
3245,RDIB,SERVICES-MOTION PICTURE THEATERS
3246,FCAP,"SAVINGS INSTITUTION, FEDERALLY CHARTERED"
3247,FMBH,STATE COMMERCIAL BANKS
3248,FTS,ELECTRIC SERVICES
3249,KMDA,PHARMACEUTICAL PREPARATIONS
3250,MPB,STATE COMMERCIAL BANKS
3251,MRTX,PHARMACEUTICAL PREPARATIONS
3252,NVCN,SURGICAL &amp; MEDICAL INSTRUMENTS &amp; APPARATUS
3253,PPSI,"POWER, DISTRIBUTION &amp; SPECIALTY TRANSFORMERS"
3254,RIVE,Unknown
3255,TCFC,STATE COMMERCIAL BANKS
3256,AAT,REAL ESTATE INVESTMENT TRUSTS
3257,MVBF,STATE COMMERCIAL BANKS
3258,OFED,"SAVINGS INSTITUTION, FEDERALLY CHARTERED"
3259,PTVCA,Unknown
3260,UIHC,"FIRE, MARINE &amp; CASUALTY INSURANCE"
3261,DGICB,"FIRE, MARINE &amp; CASUALTY INSURANCE"
3262,KELYB,SERVICES-HELP SUPPLY SERVICES
3263,VFF,AGRICULTURE PRODUCTION - CROPS
3264,MCC,Unknown
3265,OXLC,Unknown
3266,PVG,Unknown
3267,WFG,"SAWMILLS, PLANNING MILLS, GENERAL"
3268,OPBK,STATE COMMERCIAL BANKS
3269,REI,CRUDE PETROLEUM &amp; NATURAL GAS
3270,INPX,SERVICES-COMPUTER PROGRAMMING SERVICES
3271,PAYS,"SERVICES-BUSINESS SERVICES, NEC"
3272,LEAF,Unknown
3273,LND,AGRICULTURE PRODUCTION - CROPS
3274,NLSN,"SERVICES-BUSINESS SERVICES, NEC"
3275,XXII,CIGARETTES
3276,ACP,Unknown
3277,BGX,Unknown
3278,GNT,Unknown
3279,AGRO,AGRICULTURE PRODUCTION - CROPS
3280,BKU,"SAVINGS INSTITUTION, FEDERALLY CHARTERED"
3281,ELYS,SERVICES-PREPACKAGED SOFTWARE
3282,PTRS,STATE COMMERCIAL BANKS
3283,RBNC,Unknown
3284,AUPH,PHARMACEUTICAL PREPARATIONS
3285,NPTN,Unknown
3286,ONCS,PHARMACEUTICAL PREPARATIONS
3287,ORGS,PHARMACEUTICAL PREPARATIONS
3288,PCRX,PHARMACEUTICAL PREPARATIONS
3289,GEVO,INDUSTRIAL ORGANIC CHEMICALS
3290,INN,REAL ESTATE INVESTMENT TRUSTS
3291,FLDM,Unknown
3292,ACRX,PHARMACEUTICAL PREPARATIONS
3293,KMI,NATURAL GAS TRANSMISSION
3294,LIXT,PHARMACEUTICAL PREPARATIONS
3295,FPAY,"SERVICES-EQUIPMENT RENTAL &amp; LEASING, NEC"
3296,GNUS,SERVICES-MOTION PICTURE &amp; VIDEO TAPE PRODUCTION
3297,OMNT,Unknown
3298,BWFG,STATE COMMERCIAL BANKS
3299,BTTR,BEVERAGES
3300,NVOS,ENGINES &amp; TURBINES
3301,PALT,"SERVICES-COMPUTER PROGRAMMING, DATA PROCESSING, ETC."
3302,SOTK,"SPECIAL INDUSTRY MACHINERY, NEC"
3303,CCEL,"SERVICES-MISC HEALTH &amp; ALLIED SERVICES, NEC"
3304,GBOX,SERVICES-MANAGEMENT CONSULTING SERVICES
3305,IAIC,Unknown
3306,MOBQ,SERVICES-ADVERTISING
3307,NETE,Unknown
3308,SURG,TELEPHONE COMMUNICATIONS (NO RADIO TELEPHONE)
3309,AFT,Unknown
3310,EMMA,PHARMACEUTICAL PREPARATIONS
3311,JHG,INVESTMENT ADVICE
3312,OLB,"SERVICES-BUSINESS SERVICES, NEC"
3313,SUNS,Unknown
3314,POWW,"ORDNANCE &amp; ACCESSORIES, (NO VEHICLES/GUIDED MISSILES)"
3315,MDVL,RETAIL-DRUG STORES AND PROPRIETARY STORES
3316,PCB,STATE COMMERCIAL BANKS
3317,NSP,SERVICES-HELP SUPPLY SERVICES
3318,HCA,"SERVICES-GENERAL MEDICAL &amp; SURGICAL HOSPITALS, NEC"
3319,FURY,GOLD &amp; SILVER ORES
3320,MX,SEMICONDUCTORS &amp; RELATED DEVICES
3321,TVTX,PHARMACEUTICAL PREPARATIONS
3322,CSOD,Unknown
3323,MLPY,Unknown
3324,IVDA,SERVICES-PREPACKAGED SOFTWARE
3325,SREV,Unknown
3326,TDJ,Unknown
3327,BCX,Unknown
3328,HII,SHIP &amp; BOAT BUILDING &amp; REPAIRING
3329,APTS,REAL ESTATE INVESTMENT TRUSTS
3330,EURN,DEEP SEA FOREIGN TRANSPORTATION OF FREIGHT
3331,MICT,FOOD &amp; KINDRED PRODUCTS
3332,ABVC,PHARMACEUTICAL PREPARATIONS
3333,MKTY,Unknown
3334,QUBT,SERVICES-PREPACKAGED SOFTWARE
3335,SPHS,Unknown
3336,WCFB,Unknown
3337,KAVL,RETAIL-NONSTORE RETAILERS
3338,DTST,SERVICES-COMPUTER PROCESSING &amp; DATA PREPARATION
3339,GMLP,Unknown
3340,LINK,"COMPUTER PERIPHERAL EQUIPMENT, NEC"
3341,PFLT,Unknown
3342,UAN,AGRICULTURE CHEMICALS
3343,NSPR,SURGICAL &amp; MEDICAL INSTRUMENTS &amp; APPARATUS
3344,CVLB,Unknown
3345,ARCO,RETAIL-EATING PLACES
3346,SQNS,SEMICONDUCTORS &amp; RELATED DEVICES
3347,STAG,REAL ESTATE INVESTMENT TRUSTS
3348,INM,PHARMACEUTICAL PREPARATIONS
3349,AL,"SERVICES-EQUIPMENT RENTAL &amp; LEASING, NEC"
3350,SPLP,MISCELLANEOUS PRIMARY METAL PRODUCTS
3351,SVVC,Unknown
3352,RCAT,SERVICES-PREPACKAGED SOFTWARE
3353,BCM,"COMMERCIAL BANKS, NEC"
3354,OIL,"COMMERCIAL BANKS, NEC"
3355,VNET,"SERVICES-COMPUTER PROGRAMMING, DATA PROCESSING, ETC."
3356,IHD,Unknown
3357,SSSS,Unknown
3358,SHSP,Unknown
3359,ESGC,Unknown
3360,RENN,SERVICES-PREPACKAGED SOFTWARE
3361,WIFI,Unknown
3362,CASA,RADIO &amp; TV BROADCASTING &amp; COMMUNICATIONS EQUIPMENT
3363,CDK,Unknown
3364,ELC,ELECTRIC SERVICES
3365,IMMP,PHARMACEUTICAL PREPARATIONS
3366,JSM,"SECURITY BROKERS, DEALERS &amp; FLOTATION COMPANIES"
3367,THR,ELECTRICAL INDUSTRIAL APPARATUS
3368,VOC,CRUDE PETROLEUM &amp; NATURAL GAS
3369,EYES,ELECTROMEDICAL &amp; ELECTROTHERAPEUTIC APPARATUS
3370,INSE,SERVICES-PREPACKAGED SOFTWARE
3371,PBHC,STATE COMMERCIAL BANKS
3372,CALB,STATE COMMERCIAL BANKS
3373,RACE,MOTOR VEHICLES &amp; PASSENGER CAR BODIES
3374,SMHI,DEEP SEA FOREIGN TRANSPORTATION OF FREIGHT
3375,GYRO,OPERATORS OF NONRESIDENTIAL BUILDINGS
3376,KOS,CRUDE PETROLEUM &amp; NATURAL GAS
3377,RLJ,REAL ESTATE INVESTMENT TRUSTS
3378,FENG,TELEVISION BROADCASTING STATIONS
3379,NGL,NATURAL GAS TRANSMISSION
3380,CSWI,ADHESIVES &amp; SEALANTS
3381,UZA,Unknown
3382,ACST,PHARMACEUTICAL PREPARATIONS
3383,COCP,PHARMACEUTICAL PREPARATIONS
3384,NMFC,Unknown
3385,NSR,Unknown
3386,CXDO,TELEPHONE COMMUNICATIONS (NO RADIO TELEPHONE)
3387,YNDX,"SERVICES-COMPUTER PROGRAMMING, DATA PROCESSING, ETC."
3388,CIIG,BLANK CHECKS
3389,DDD,SERVICES-PREPACKAGED SOFTWARE
3390,HEQ,Unknown
3391,JSD,Unknown
3392,SAVE,"AIR TRANSPORTATION, SCHEDULED"
3393,MOS,AGRICULTURE CHEMICALS
3394,ATNM,PHARMACEUTICAL PREPARATIONS
3395,GRFS,PHARMACEUTICAL PREPARATIONS
3396,IZEA,SERVICES-ADVERTISING
3397,EMO,Unknown
3398,CCLP,"OIL, GAS FIELD SERVICES, NBC"
3399,AMCX,CABLE &amp; OTHER PAY TELEVISION SERVICES
3400,FDUS,Unknown
3401,VTGN,PHARMACEUTICAL PREPARATIONS
3402,MYMD,IN VITRO &amp; IN VIVO DIAGNOSTIC SUBSTANCES
3403,JE,Unknown
3404,ASPU,SERVICES-EDUCATIONAL SERVICES
3405,MITT,REAL ESTATE INVESTMENT TRUSTS
3406,NTG,Unknown
3407,MPC,PETROLEUM REFINING
3408,GLDG,GOLD &amp; SILVER ORES
3409,IROQ,"SAVINGS INSTITUTION, FEDERALLY CHARTERED"
3410,DFVL,Unknown
3411,DFVS,Unknown
3412,DSS,PAPERBOARD CONTAINERS &amp; BOXES
3413,VISL,"COMMUNICATIONS EQUIPMENT, NEC"
3414,SXC,"STEEL WORKS, BLAST FURNACES  ROLLING MILLS (COKE OVENS)"
3415,FRAN,Unknown
3416,BLRX,PHARMACEUTICAL PREPARATIONS
3417,NVFY,HOUSEHOLD FURNITURE
3418,DNKN,Unknown
3419,DPG,Unknown
3420,CHEF,WHOLESALE-GROCERIES &amp; GENERAL LINE
3421,HZNP,PHARMACEUTICAL PREPARATIONS
3422,PME,"FISHING, HUNTING &amp; TRAPPING"
3423,GMAB,PHARMACEUTICAL PREPARATIONS
3424,XVZ,Unknown
3425,LIQT,MISC INDUSTRIAL &amp; COMMERCIAL MACHINERY &amp; EQUIPMENT
3426,VER,Unknown
3427,FIF,Unknown
3428,FBHS,"MILLWOOD, VENEER, PLYWOOD &amp; STRUCTURAL WOOD MEMBERS"
3429,VNRX,IN VITRO &amp; IN VIVO DIAGNOSTIC SUBSTANCES
3430,ENOV,"ORTHOPEDIC, PROSTHETIC &amp; SURGICAL APPLIANCES &amp; SUPPLIES"
3431,UI,RADIO &amp; TV BROADCASTING &amp; COMMUNICATIONS EQUIPMENT
3432,BTCS,FINANCE SERVICES
3433,FLUX,"MISCELLANEOUS ELECTRICAL MACHINERY, EQUIPMENT &amp; SUPPLIES"
3434,LIVX,Unknown
3435,TTP,Unknown
3436,GNE,ELECTRIC &amp; OTHER SERVICES COMBINED
3437,ACHC,"SERVICES-SPECIALTY OUTPATIENT FACILITIES, NEC"
3438,XYL,PUMPS &amp; PUMPING EQUIPMENT
3439,PTIX,PHARMACEUTICAL PREPARATIONS
3440,PVL,CRUDE PETROLEUM &amp; NATURAL GAS
3441,LUMO,PHARMACEUTICAL PREPARATIONS
3442,CLVS,PHARMACEUTICAL PREPARATIONS
3443,APTV,MOTOR VEHICLE PARTS &amp; ACCESSORIES
3444,FBIO,PHARMACEUTICAL PREPARATIONS
3445,SPWR,SEMICONDUCTORS &amp; RELATED DEVICES
3446,MN,INVESTMENT ADVICE
3447,VAC,REAL ESTATE AGENTS &amp; MANAGERS (FOR OTHERS)
3448,BUI,Unknown
3449,BEP,ELECTRIC SERVICES
3450,TRIP,"SERVICES-COMPUTER PROGRAMMING, DATA PROCESSING, ETC."
3451,TCP,Unknown
3452,CPRI,LEATHER &amp; LEATHER PRODUCTS
3453,LPI,CRUDE PETROLEUM &amp; NATURAL GAS
3454,MCEP,Unknown
3455,ZNGA,Unknown
3456,AMT,REAL ESTATE INVESTMENT TRUSTS
3457,CRY,Unknown
3458,WPX,Unknown
3459,ANGI,SERVICES-ADVERTISING
3460,CIVI,CRUDE PETROLEUM &amp; NATURAL GAS
3461,GRPN,SERVICES-ADVERTISING AGENCIES
3462,MNST,BOTTLED &amp; CANNED SOFT DRINKS CARBONATED WATERS
3463,SAGE,PHARMACEUTICAL PREPARATIONS
3464,SGBX,WHOLESALE-LUMBER &amp; OTHER CONSTRUCTION MATERIALS
3465,Z,"SERVICES-BUSINESS SERVICES, NEC"
3466,REGI,INDUSTRIAL ORGANIC CHEMICALS
3467,TDS,TELEPHONE COMMUNICATIONS (NO RADIO TELEPHONE)
3468,GWRE,SERVICES-PREPACKAGED SOFTWARE
3469,DBL,Unknown
3470,VSTM,PHARMACEUTICAL PREPARATIONS
3471,SLCA,"MINING, QUARRYING OF NONMETALLIC MINERALS (NO FUELS)"
3472,MTDR,CRUDE PETROLEUM &amp; NATURAL GAS
3473,TNXP,PHARMACEUTICAL PREPARATIONS
3474,POST,GRAIN MILL PRODUCTS
3475,CCXI,PHARMACEUTICAL PREPARATIONS
3476,CPAC,"CEMENT, HYDRAULIC"
3477,EPAM,SERVICES-COMPUTER PROGRAMMING SERVICES
3478,MARA,FINANCE SERVICES
3479,HMST,STATE COMMERCIAL BANKS
3480,SYNC,Unknown
3481,ONVO,BIOLOGICAL PRODUCTS (NO DIAGNOSTIC SUBSTANCES)
3482,NUWE,ELECTROMEDICAL &amp; ELECTROTHERAPEUTIC APPARATUS
3483,BCOV,SERVICES-COMPUTER PROCESSING &amp; DATA PREPARATION
3484,CUBI,STATE COMMERCIAL BANKS
3485,PRLB,FABRICATED STRUCTURAL METAL PRODUCTS
3486,VGI,Unknown
3487,BBDO,STATE COMMERCIAL BANKS
3488,ALSN,MOTOR VEHICLE PARTS &amp; ACCESSORIES
3489,MTSI,SEMICONDUCTORS &amp; RELATED DEVICES
3490,MMX,GOLD &amp; SILVER ORES
3491,CSTE,CUT STONE &amp; STONE PRODUCTS
3492,VIPS,RETAIL-CATALOG &amp; MAIL-ORDER HOUSES
3493,BWG,Unknown
3494,COOP,FINANCE SERVICES
3495,RM,PERSONAL CREDIT INSTITUTIONS
3496,VCRA,Unknown
3497,MACK,PHARMACEUTICAL PREPARATIONS
3498,ZWS,GENERAL INDUSTRIAL MACHINERY &amp; EQUIPMENT
3499,ENPH,SEMICONDUCTORS &amp; RELATED DEVICES
3500,GLOG,Unknown
3501,TCPC,Unknown
3502,RPAI,Unknown
3503,SQBG,Unknown
3504,YELP,SERVICES-PERSONAL SERVICES
3505,FET,OIL &amp; GAS FILED MACHINERY &amp; EQUIPMENT
3506,MRC,WHOLESALE-INDUSTRIAL MACHINERY &amp; EQUIPMENT
3507,OPT,BIOLOGICAL PRODUCTS (NO DIAGNOSTIC SUBSTANCES)
3508,MFO,Unknown
3509,SPLK,SERVICES-PREPACKAGED SOFTWARE
3510,AMPY,CRUDE PETROLEUM &amp; NATURAL GAS
3511,PBYI,PHARMACEUTICAL PREPARATIONS
3512,PFPT,Unknown
3513,CLIR,"INDUSTRIAL INSTRUMENTS FOR MEASUREMENT, DISPLAY, AND CONTROL"
3514,HGH,Unknown
3515,ACRE,REAL ESTATE INVESTMENT TRUSTS
3516,FRGI,RETAIL-EATING PLACES
3517,ISD,Unknown
3518,JRI,Unknown
3519,PSX,PETROLEUM REFINING
3520,SUPN,PHARMACEUTICAL PREPARATIONS
3521,TMQ,GOLD &amp; SILVER ORES
3522,KLR,SERVICES-COMPUTER PROCESSING &amp; DATA PREPARATION
3523,TLYS,RETAIL-APPAREL &amp; ACCESSORY STORES
3524,RZLT,PHARMACEUTICAL PREPARATIONS
3525,PHIO,PHARMACEUTICAL PREPARATIONS
3526,TGLS,FLAT GLASS
3527,WMC,REAL ESTATE INVESTMENT TRUSTS
3528,TILE,CARPETS AND RUGS
3529,CLPT,SURGICAL &amp; MEDICAL INSTRUMENTS &amp; APPARATUS
3530,PDI,Unknown
3531,SMM,Unknown
3532,MSCI,"SERVICES-BUSINESS SERVICES, NEC"
3533,INGR,GRAIN MILL PRODUCTS
3534,HTA,Unknown
3535,FRG,PATENT OWNERS &amp; LESSORS
3536,LPCN,PHARMACEUTICAL PREPARATIONS
3537,TROX,INDUSTRIAL INORGANIC CHEMICALS
3538,XBIO,PHARMACEUTICAL PREPARATIONS
3539,QMCO,COMPUTER STORAGE DEVICES
3540,CTR,Unknown
3541,EUFX,Unknown
3542,MMD,Unknown
3543,NOW,SERVICES-PREPACKAGED SOFTWARE
3544,ELJ,Unknown
3545,FSBW,"SAVINGS INSTITUTIONS, NOT FEDERALLY CHARTERED"
3546,HTBI,"SAVINGS INSTITUTION, FEDERALLY CHARTERED"
3547,CLSK,FINANCE SERVICES
3548,CROC,Unknown
3549,FIVE,RETAIL-VARIETY STORES
3550,PANW,"COMPUTER PERIPHERAL EQUIPMENT, NEC"
3551,ADYX,SURGICAL &amp; MEDICAL INSTRUMENTS &amp; APPARATUS
3552,LWLG,MISCELLANEOUS PLASTIC PRODUCTS
3553,RTNB,Unknown
3554,CHUY,RETAIL-EATING PLACES
3555,OMQS,SERVICES-COMPUTER INTEGRATED SYSTEMS DESIGN
3556,YRIV,REAL ESTATE
3557,NGVC,RETAIL-GROCERY STORES
3558,JPI,Unknown
3559,LDP,Unknown
3560,NDP,Unknown
3561,BRFH,"CANNED, FROZEN &amp; PRESERVED FRUIT, VEG &amp; FOOD SPECIALTIES"
3562,GMED,SURGICAL &amp; MEDICAL INSTRUMENTS &amp; APPARATUS
3563,INNV,SERVICES-HEALTH SERVICES
3564,BLMN,RETAIL-EATING PLACES
3565,MANU,SERVICES-AMUSEMENT &amp; RECREATION SERVICES
3566,PFMT,SERVICES-MISCELLANEOUS BUSINESS SERVICES
3567,TTSH,"RETAIL-HOME FURNITURE, FURNISHINGS &amp; EQUIPMENT STORES"
3568,SFBC,"SAVINGS INSTITUTION, FEDERALLY CHARTERED"
3569,RZA,LIFE INSURANCE
3570,BTT,Unknown
3571,PARR,CRUDE PETROLEUM &amp; NATURAL GAS
3572,RCRT,SERVICES-COMPUTER PROGRAMMING SERVICES
3573,NBHC,NATIONAL COMMERCIAL BANKS
3574,SUN,PETROLEUM REFINING
3575,ZIVO,BIOLOGICAL PRODUCTS (NO DIAGNOSTIC SUBSTANCES)
3576,BGB,Unknown
3577,SZC,Unknown
3578,TPHS,OPERATORS OF NONRESIDENTIAL BUILDINGS
3579,PNR,SPECIAL INDUSTRY MACHINERY (NO METALWORKING MACHINERY)
3580,QLYS,SERVICES-PREPACKAGED SOFTWARE
3581,SMLP,NATURAL GAS TRANSMISSION
3582,HY,INDUSTRIAL TRUCKS TRACTORS TRAILERS &amp; STACKERS
3583,BERY,"PLASTICS PRODUCTS, NEC"
3584,RGLS,PHARMACEUTICAL PREPARATIONS
3585,GRPH,BIOLOGICAL PRODUCTS (NO DIAGNOSTIC SUBSTANCES)
3586,AMBA,SEMICONDUCTORS &amp; RELATED DEVICES
3587,CRTD,SERVICES-ALLIED TO MOTION PICTURE PRODUCTION
3588,ICPT,PHARMACEUTICAL PREPARATIONS
3589,RLGY,Unknown
3590,SSTK,SERVICES-COMPUTER PROCESSING &amp; DATA PREPARATION
3591,FANG,CRUDE PETROLEUM &amp; NATURAL GAS
3592,MLVF,"SAVINGS INSTITUTION, FEDERALLY CHARTERED"
3593,SRAX,SERVICES-ADVERTISING AGENCIES
3594,WDAY,SERVICES-COMPUTER PROCESSING &amp; DATA PREPARATION
3595,CAPL,WHOLESALE-PETROLEUM &amp; PETROLEUM PRODUCTS (NO BULK STATIONS)
3596,MRCC,Unknown
3597,BGH,Unknown
3598,EDI,Unknown
3599,MPLX,PIPE LINES (NO NATURAL GAS)
3600,CANF,PHARMACEUTICAL PREPARATIONS
3601,DKL,PIPE LINES (NO NATURAL GAS)
3602,RH,RETAIL-FURNITURE STORES
3603,CGEM,BIOLOGICAL PRODUCTS (NO DIAGNOSTIC SUBSTANCES)
3604,ATOS,PHARMACEUTICAL PREPARATIONS
3605,OFS,Unknown
3606,SCM,Unknown
3607,TPST,PHARMACEUTICAL PREPARATIONS
3608,WHLR,REAL ESTATE INVESTMENT TRUSTS
3609,YY,SERVICES-COMPUTER PROCESSING &amp; DATA PREPARATION
3610,ARDC,Unknown
3611,FEI,Unknown
3612,WHF,Unknown
3613,NID,Unknown
3614,WES,NATURAL GAS TRANSMISSION
3615,AAMC,REAL ESTATE
3616,PBF,PETROLEUM REFINING
3617,SSYS,"COMPUTER PERIPHERAL EQUIPMENT, NEC"
3618,GHY,Unknown
3619,PRTA,PHARMACEUTICAL PREPARATIONS
3620,INDP,PHARMACEUTICAL PREPARATIONS
3621,NTEC,Unknown
3622,ABBV,PHARMACEUTICAL PREPARATIONS
3623,CLI,Unknown
3624,DPW,Unknown
3625,IKNX,Unknown
3626,MOSY,Unknown
3627,SINO,Unknown
3628,WLTW,Unknown
3629,WPP,SERVICES-ADVERTISING AGENCIES
3630,IMLP,"COMMERCIAL BANKS, NEC"
3631,RDHL,PHARMACEUTICAL PREPARATIONS
3632,USAC,NATURAL GAS TRANSMISSION
3633,SWET,BLANK CHECKS
3634,CONE,Unknown
3635,NCLH,WATER TRANSPORTATION
3636,NFBK,"SAVINGS INSTITUTION, FEDERALLY CHARTERED"
3637,BFAM,SERVICES-CHILD DAY CARE SERVICES
3638,LAND,REAL ESTATE INVESTMENT TRUSTS
3639,NSS,PIPE LINES (NO NATURAL GAS)
3640,HGEN,PHARMACEUTICAL PREPARATIONS
3641,VTOL,"AIR TRANSPORTATION, NONSCHEDULED"
3642,ZTS,PHARMACEUTICAL PREPARATIONS
3643,ICLR,SERVICES-COMMERCIAL PHYSICAL &amp; BIOLOGICAL RESEARCH
3644,BCC,WHOLESALE-LUMBER &amp; OTHER CONSTRUCTION MATERIALS
3645,NIQ,Unknown
3646,RC,REAL ESTATE INVESTMENT TRUSTS
3647,ORC,REAL ESTATE INVESTMENT TRUSTS
3648,TMBR,PHARMACEUTICAL PREPARATIONS
3649,STAF,SERVICES-HELP SUPPLY SERVICES
3650,KTRA,PHARMACEUTICAL PREPARATIONS
3651,AIF,Unknown
3652,BIT,Unknown
3653,TYME,PHARMACEUTICAL PREPARATIONS
3654,IPDN,"SERVICES-COMPUTER PROGRAMMING, DATA PROCESSING, ETC."
3655,APAM,INVESTMENT ADVICE
3656,ATMP,"COMMERCIAL BANKS, NEC"
3657,MOGO,FINANCE SERVICES
3658,PPX,Unknown
3659,MODN,"SERVICES-COMPUTER PROGRAMMING, DATA PROCESSING, ETC."
3660,ENTA,PHARMACEUTICAL PREPARATIONS
3661,LFT,REAL ESTATE INVESTMENT TRUSTS
3662,MRIN,SERVICES-COMPUTER PROCESSING &amp; DATA PREPARATION
3663,ETX,Unknown
3664,MIE,Unknown
3665,NML,Unknown
3666,IBTX,STATE COMMERCIAL BANKS
3667,CGIX,Unknown
3668,FUBO,SERVICES-MOTION PICTURE &amp; VIDEO TAPE PRODUCTION
3669,HMTV,CABLE &amp; OTHER PAY TELEVISION SERVICES
3670,VYNT,SERVICES-MEDICAL LABORATORIES
3671,DRIO,SURGICAL &amp; MEDICAL INSTRUMENTS &amp; APPARATUS
3672,KNOP,WATER TRANSPORTATION
3673,CMRX,PHARMACEUTICAL PREPARATIONS
3674,EVTC,SERVICES-COMPUTER PROCESSING &amp; DATA PREPARATION
3675,BPY,Unknown
3676,HASI,"INVESTORS, NEC"
3677,CULL,"SAVINGS INSTITUTIONS, NOT FEDERALLY CHARTERED"
3678,SEAS,SERVICES-MISCELLANEOUS AMUSEMENT &amp; RECREATION
3679,AEYE,SERVICES-PREPACKAGED SOFTWARE
3680,DMB,Unknown
3681,DSL,Unknown
3682,EARN,REAL ESTATE INVESTMENT TRUSTS
3683,TMUS,RADIO TELEPHONE COMMUNICATIONS
3684,GWPH,Unknown
3685,VOYA,LIFE INSURANCE
3686,HCAP,Unknown
3687,QIWI,"SERVICES-BUSINESS SERVICES, NEC"
3688,AIW,Unknown
3689,AKTX,PHARMACEUTICAL PREPARATIONS
3690,AHH,REAL ESTATE
3691,IQV,SERVICES-COMMERCIAL PHYSICAL &amp; BIOLOGICAL RESEARCH
3692,TSC,Unknown
3693,NRZ,Unknown
3694,NCBS,Unknown
3695,CSTM,SECONDARY SMELTING &amp; REFINING OF NONFERROUS METALS
3696,ECOM,SERVICES-PREPACKAGED SOFTWARE
3697,ELU,Unknown
3698,NRC,SERVICES-COMMERCIAL PHYSICAL &amp; BIOLOGICAL RESEARCH
3699,PETV,SURGICAL &amp; MEDICAL INSTRUMENTS &amp; APPARATUS
3700,FPF,Unknown
3701,OTEL,Unknown
3702,WTER,WHOLESALE-GROCERIES &amp; RELATED PRODUCTS
3703,IVH,Unknown
3704,EPZM,Unknown
3705,AMPG,"COMMUNICATIONS EQUIPMENT, NEC"
3706,LITB,RETAIL-CATALOG &amp; MAIL-ORDER HOUSES
3707,DFP,Unknown
3708,COTY,"PERFUMES, COSMETICS &amp; OTHER TOILET PREPARATIONS"
3709,BLUE,BIOLOGICAL PRODUCTS (NO DIAGNOSTIC SUBSTANCES)
3710,PTCT,PHARMACEUTICAL PREPARATIONS
3711,GMRE,REAL ESTATE INVESTMENT TRUSTS
3712,GOGO,"COMMUNICATION SERVICES, NEC"
3713,EFF,Unknown
3714,ESPR,PHARMACEUTICAL PREPARATIONS
3715,NSTG,BIOLOGICAL PRODUCTS (NO DIAGNOSTIC SUBSTANCES)
3716,PGZ,Unknown
3717,CDW,RETAIL-CATALOG &amp; MAIL-ORDER HOUSES
3718,HDS,Unknown
3719,SAMG,INVESTMENT ADVICE
3720,NDLS,RETAIL-EATING PLACES
3721,NWS,NEWSPAPERS:  PUBLISHING OR PUBLISHING &amp; PRINTING
3722,NWSA,NEWSPAPERS:  PUBLISHING OR PUBLISHING &amp; PRINTING
3723,LIND,TRANSPORTATION SERVICES
3724,SPIR,"COMMUNICATION SERVICES, NEC"
3725,OCSI,Unknown
3726,DOOO,MISCELLANEOUS TRANSPORTATION EQUIPMENT
3727,CWEN.A,Unknown
3728,SRC,OPERATORS OF NONRESIDENTIAL BUILDINGS
3729,DOC,REAL ESTATE INVESTMENT TRUSTS
3730,REXR,REAL ESTATE INVESTMENT TRUSTS
3731,PSXP,Unknown
3732,AENZ,HEAVY CONSTRUCTION OTHER THAN BUILDING CONST - CONTRACTORS
3733,AGIO,PHARMACEUTICAL PREPARATIONS
3734,HTBX,Unknown
3735,HSTO,PHARMACEUTICAL PREPARATIONS
3736,ONTX,PHARMACEUTICAL PREPARATIONS
3737,KIO,Unknown
3738,AMH,REAL ESTATE INVESTMENT TRUSTS
3739,ASC,DEEP SEA FOREIGN TRANSPORTATION OF FREIGHT
3740,SFM,RETAIL-GROCERY STORES
3741,MBII,Unknown
3742,FOXF,"MOTORCYCLES, BICYCLES &amp; PARTS"
3743,PGEN,PHARMACEUTICAL PREPARATIONS
3744,BMCH,Unknown
3745,MIXT,SERVICES-PREPACKAGED SOFTWARE
3746,XPRO,"OIL, GAS FIELD SERVICES, NBC"
3747,GLG,"WHOLESALE-METALS, MINERALS (NO PETROLEUM)"
3748,IRT,REAL ESTATE INVESTMENT TRUSTS
3749,SPNT,"FIRE, MARINE &amp; CASUALTY INSURANCE"
3750,MUSA,RETAIL-AUTO DEALERS &amp; GASOLINE STATIONS
3751,FKWL,TELEPHONE &amp; TELEGRAPH APPARATUS
3752,VEDL,Unknown
3753,CINR,Unknown
3754,BCYP,Unknown
3755,BNFT,SERVICES-PREPACKAGED SOFTWARE
3756,FPRX,Unknown
3757,VLRS,"AIR TRANSPORTATION, SCHEDULED"
3758,XLRN,Unknown
3759,FSLF,Unknown
3760,EVOK,PHARMACEUTICAL PREPARATIONS
3761,ISEE,PHARMACEUTICAL PREPARATIONS
3762,AAOI,SEMICONDUCTORS &amp; RELATED DEVICES
3763,CEN,Unknown
3764,PINC,SERVICES-MANAGEMENT SERVICES
3765,RNG,SERVICES-COMPUTER PROCESSING &amp; DATA PREPARATION
3766,CNHI,CONSTRUCTION MACHINERY &amp; EQUIP
3767,NVEE,SERVICES-MISCELLANEOUS BUSINESS SERVICES
3768,SAIC,SERVICES-COMPUTER INTEGRATED SYSTEMS DESIGN
3769,FATE,BIOLOGICAL PRODUCTS (NO DIAGNOSTIC SUBSTANCES)
3770,BURL,RETAIL-DEPARTMENT STORES
3771,ESBA,REAL ESTATE INVESTMENT TRUSTS
3772,ESRT,REAL ESTATE INVESTMENT TRUSTS
3773,RMAX,REAL ESTATE AGENTS &amp; MANAGERS (FOR OTHERS)
3774,CHMI,REAL ESTATE INVESTMENT TRUSTS
3775,PBPB,RETAIL-EATING PLACES
3776,FISK,REAL ESTATE INVESTMENT TRUSTS
3777,OGCP,REAL ESTATE INVESTMENT TRUSTS
3778,PBIP,Unknown
3779,QTS,Unknown
3780,AR,CRUDE PETROLEUM &amp; NATURAL GAS
3781,CXP,Unknown
3782,MGNX,PHARMACEUTICAL PREPARATIONS
3783,OMF,PERSONAL CREDIT INSTITUTIONS
3784,PAGP,PIPE LINES (NO NATURAL GAS)
3785,VEEV,SERVICES-PREPACKAGED SOFTWARE
3786,RGT,Unknown
3787,VJET,PRINTING TRADES MACHINERY &amp; EQUIPMENT
3788,ZEST,SERVICES-COMPUTER PROCESSING &amp; DATA PREPARATION
3789,AERI,BIOLOGICAL PRODUCTS (NO DIAGNOSTIC SUBSTANCES)
3790,COMM,RADIO &amp; TV BROADCASTING &amp; COMMUNICATIONS EQUIPMENT
3791,EIGI,Unknown
3792,SRLP,WHOLESALE-PETROLEUM BULK STATIONS &amp; TERMINALS
3793,ADMA,BIOLOGICAL PRODUCTS (NO DIAGNOSTIC SUBSTANCES)
3794,ANY,FINANCE SERVICES
3795,NTRP,Unknown
3796,NXTD,Unknown
3797,BRX,REAL ESTATE INVESTMENT TRUSTS
3798,CRTO,SERVICES-ADVERTISING AGENCIES
3799,MOR,PHARMACEUTICAL PREPARATIONS
3800,STKS,RETAIL-EATING PLACES
3801,VCYT,SERVICES-MEDICAL LABORATORIES
3802,ESNT,SURETY INSURANCE
3803,MMI,REAL ESTATE AGENTS &amp; MANAGERS (FOR OTHERS)
3804,NXE,MISCELLANEOUS METAL ORES
3805,TCS,"RETAIL-HOME FURNITURE, FURNISHINGS &amp; EQUIPMENT STORES"
3806,GLPI,REAL ESTATE INVESTMENT TRUSTS
3807,BHR,REAL ESTATE INVESTMENT TRUSTS
3808,KPTI,PHARMACEUTICAL PREPARATIONS
3809,WIX,"SERVICES-COMPUTER PROGRAMMING, DATA PROCESSING, ETC."
3810,BANX,Unknown
3811,LGIH,OPERATIVE BUILDERS
3812,TWTR,"SERVICES-COMPUTER PROGRAMMING, DATA PROCESSING, ETC."
3813,NMIH,SURETY INSURANCE
3814,ABEV,BEVERAGES
3815,CHGG,SERVICES-EDUCATIONAL SERVICES
3816,DLNG,WATER TRANSPORTATION
3817,STAY,Unknown
3818,HMHC,Unknown
3819,TNDM,SURGICAL &amp; MEDICAL INSTRUMENTS &amp; APPARATUS
3820,FVCB,STATE COMMERCIAL BANKS
3821,ALLE,"SERVICES-DETECTIVE, GUARD &amp; ARMORED CAR SERVICES"
3822,EXPI,REAL ESTATE AGENTS &amp; MANAGERS (FOR OTHERS)
3823,PCSA,PHARMACEUTICAL PREPARATIONS
3824,IPWR,SEMICONDUCTORS &amp; RELATED DEVICES
3825,OXFD,Unknown
3826,VNCE,RETAIL-APPAREL &amp; ACCESSORY STORES
3827,WKSP,MOTOR VEHICLE PARTS &amp; ACCESSORIES
3828,MHNC,"FIRE, MARINE &amp; CASUALTY INSURANCE"
3829,XNCR,PHARMACEUTICAL PREPARATIONS
3830,FITBI,STATE COMMERCIAL BANKS
3831,AAL,"AIR TRANSPORTATION, SCHEDULED"
3832,ATHM,SERVICES-COMPUTER PROCESSING &amp; DATA PREPARATION
3833,ARMK,RETAIL-EATING PLACES
3834,CTT,REAL ESTATE INVESTMENT TRUSTS
3835,HLT,HOTELS &amp; MOTELS
3836,KIN,Unknown
3837,NETI,DEEP SEA FOREIGN TRANSPORTATION OF FREIGHT
3838,AMC,SERVICES-MOTION PICTURE THEATERS
3839,PANL,DEEP SEA FOREIGN TRANSPORTATION OF FREIGHT
3840,TRUE,"SERVICES-COMPUTER PROGRAMMING, DATA PROCESSING, ETC."
3841,ITCI,PHARMACEUTICAL PREPARATIONS
3842,TALK,SERVICES-HEALTH SERVICES
3843,TACO,RETAIL-EATING PLACES
3844,GLYC,PHARMACEUTICAL PREPARATIONS
3845,CELP,Unknown
3846,EKSO,"GENERAL INDUSTRIAL MACHINERY &amp; EQUIPMENT, NEC"
3847,OGS,NATURAL GAS DISTRIBUTION
3848,ESI,MISCELLANEOUS CHEMICAL PRODUCTS
3849,SC,Unknown
3850,WSBF,"SAVINGS INSTITUTION, FEDERALLY CHARTERED"
3851,DRNA,Unknown
3852,EIGR,BIOLOGICAL PRODUCTS (NO DIAGNOSTIC SUBSTANCES)
3853,CARA,PHARMACEUTICAL PREPARATIONS
3854,MBUU,SHIP &amp; BOAT BUILDING &amp; REPAIRING
3855,NWHM,Unknown
3856,RARE,PHARMACEUTICAL PREPARATIONS
3857,TRVN,PHARMACEUTICAL PREPARATIONS
3858,GCI,NEWSPAPERS:  PUBLISHING OR PUBLISHING &amp; PRINTING
3859,BIOC,SERVICES-MEDICAL LABORATORIES
3860,GNCA,BIOLOGICAL PRODUCTS (NO DIAGNOSTIC SUBSTANCES)
3861,QURE,PHARMACEUTICAL PREPARATIONS
3862,ICMB,Unknown
3863,LADR,REAL ESTATE INVESTMENT TRUSTS
3864,RVNC,PHARMACEUTICAL PREPARATIONS
3865,SESN,PHARMACEUTICAL PREPARATIONS
3866,EGRX,PHARMACEUTICAL PREPARATIONS
3867,CNCE,PHARMACEUTICAL PREPARATIONS
3868,IBP,GEN BUILDING CONTRACTORS - RESIDENTIAL BUILDINGS
3869,SINT,SURGICAL &amp; MEDICAL INSTRUMENTS &amp; APPARATUS
3870,INGN,"ORTHOPEDIC, PROSTHETIC &amp; SURGICAL APPLIANCES &amp; SUPPLIES"
3871,KN,HOUSEHOLD AUDIO &amp; VIDEO EQUIPMENT
3872,NGHC,Unknown
3873,VRNS,SERVICES-PREPACKAGED SOFTWARE
3874,TPVG,Unknown
3875,NLTX,PHARMACEUTICAL PREPARATIONS
3876,QUOT,SERVICES-ADVERTISING
3877,REPH,PHARMACEUTICAL PREPARATIONS
3878,ENLC,NATURAL GAS TRANSMISSION
3879,GLMD,PHARMACEUTICAL PREPARATIONS
3880,PLXP,PHARMACEUTICAL PREPARATIONS
3881,CSLT,Unknown
3882,AMRK,"WHOLESALE-JEWELRY, WATCHES, PRECIOUS STONES &amp; METALS"
3883,MSA,"ORTHOPEDIC, PROSTHETIC &amp; SURGICAL APPLIANCES &amp; SUPPLIES"
3884,PCTY,SERVICES-PREPACKAGED SOFTWARE
3885,AKBA,PHARMACEUTICAL PREPARATIONS
3886,BLBD,TRUCK &amp; BUS BODIES
3887,MDWD,MEDICINAL CHEMICALS &amp; BOTANICAL PRODUCTS
3888,QTWO,SERVICES-PREPACKAGED SOFTWARE
3889,ARAV,PHARMACEUTICAL PREPARATIONS
3890,ATEN,COMPUTER COMMUNICATIONS EQUIPMENT
3891,PULM,PHARMACEUTICAL PREPARATIONS
3892,TSLX,Unknown
3893,AGTC,BIOLOGICAL PRODUCTS (NO DIAGNOSTIC SUBSTANCES)
3894,FPL,Unknown
3895,TNET,"SERVICES-BUSINESS SERVICES, NEC"
3896,BRG,REAL ESTATE INVESTMENT TRUSTS
3897,OUT,REAL ESTATE INVESTMENT TRUSTS
3898,TWOU,SERVICES-PREPACKAGED SOFTWARE
3899,WATT,RADIO &amp; TV BROADCASTING &amp; COMMUNICATIONS EQUIPMENT
3900,MGNI,"SERVICES-COMPUTER PROGRAMMING, DATA PROCESSING, ETC."
3901,TEDU,SERVICES-EDUCATIONAL SERVICES
3902,FIVN,SERVICES-COMPUTER PROCESSING &amp; DATA PREPARATION
3903,LE,RETAIL-FAMILY CLOTHING STORES
3904,ADMS,Unknown
3905,ALLY,STATE COMMERCIAL BANKS
3906,DARE,PHARMACEUTICAL PREPARATIONS
3907,ENBL,Unknown
3908,FPI,REAL ESTATE INVESTMENT TRUSTS
3909,PAHC,PHARMACEUTICAL PREPARATIONS
3910,CIO,REAL ESTATE INVESTMENT TRUSTS
3911,PAYC,SERVICES-PREPACKAGED SOFTWARE
3912,FSK,Unknown
3913,MC,INVESTMENT ADVICE
3914,IMUX,PHARMACEUTICAL PREPARATIONS
3915,LEJU,REAL ESTATE
3916,NAVI,"SECURITY BROKERS, DEALERS &amp; FLOTATION COMPANIES"
3917,SABR,"SERVICES-COMPUTER PROGRAMMING, DATA PROCESSING, ETC."
3918,SPWH,RETAIL-MISCELLANEOUS SHOPPING GOODS STORES
3919,WB,"SERVICES-COMPUTER PROGRAMMING, DATA PROCESSING, ETC."
3920,AGFS,AGRICULTURE CHEMICALS
3921,ALDX,PHARMACEUTICAL PREPARATIONS
3922,SCYX,PHARMACEUTICAL PREPARATIONS
3923,COMS,"COMMUNICATIONS EQUIPMENT, NEC"
3924,GLOP,WATER TRANSPORTATION
3925,CMCM,SERVICES-PREPACKAGED SOFTWARE
3926,ISBC,STATE COMMERCIAL BANKS
3927,LPG,DEEP SEA FOREIGN TRANSPORTATION OF FREIGHT
3928,OXBR,"FIRE, MARINE &amp; CASUALTY INSURANCE"
3929,PBFX,PIPE LINES (NO NATURAL GAS)
3930,TOUR,TRANSPORTATION SERVICES
3931,BARK,"RETAIL-RETAIL STORES, NEC"
3932,SFBS,STATE COMMERCIAL BANKS
3933,WPG,Unknown
3934,ZEN,SERVICES-COMPUTER PROCESSING &amp; DATA PREPARATION
3935,CCOI,"COMMUNICATION SERVICES, NEC"
3936,CVEO,"HOTELS, ROOMING HOUSE, CAMPS &amp; OTHER LODGING PLACES"
3937,DNOW,OIL &amp; GAS FILED MACHINERY &amp; EQUIPMENT
3938,JD,"RETAIL-RETAIL STORES, NEC"
3939,AGRX,PHARMACEUTICAL PREPARATIONS
3940,CGC,MEDICINAL CHEMICALS &amp; BOTANICAL PRODUCTS
3941,HEPA,PHARMACEUTICAL PREPARATIONS
3942,HRTG,"FIRE, MARINE &amp; CASUALTY INSURANCE"
3943,PE,Unknown
3944,SDPI,OIL &amp; GAS FILED MACHINERY &amp; EQUIPMENT
3945,DRTT,SERVICES-PREPACKAGED SOFTWARE
3946,MOXC,FINANCE SERVICES
3947,QTNT,IN VITRO &amp; IN VIVO DIAGNOSTIC SUBSTANCES
3948,RESN,Unknown
3949,MOMO,SERVICES-PREPACKAGED SOFTWARE
3950,CTRE,REAL ESTATE INVESTMENT TRUSTS
3951,HCTI,SERVICES-COMPUTER INTEGRATED SYSTEMS DESIGN
3952,TBPH,PHARMACEUTICAL PREPARATIONS
3953,ANET,COMPUTER COMMUNICATIONS EQUIPMENT
3954,RDUS,Unknown
3955,AFC,Unknown
3956,ARGD,TITLE INSURANCE
3957,CTY,Unknown
3958,MCV,Unknown
3959,TDA,Unknown
3960,TDE,Unknown
3961,TVC,ELECTRIC SERVICES
3962,TVE,ELECTRIC SERVICES
3963,ZD,TELEGRAPH &amp; OTHER MESSAGE COMMUNICATIONS
3964,FBGX,NATIONAL COMMERCIAL BANKS
3965,FLGE,Unknown
3966,MOBL,Unknown
3967,TSE,"PLASTICS, MATERIALS, SYNTH RESINS &amp; NONVULCAN ELASTOMERS"
3968,ASPN,WHOLESALE-LUMBER &amp; OTHER CONSTRUCTION MATERIALS
3969,AY,ELECTRIC SERVICES
3970,RYAM,PULP MILLS
3971,CCS,OPERATIVE BUILDERS
3972,VNOM,CRUDE PETROLEUM &amp; NATURAL GAS
3973,VRTV,WHOLESALE-PAPER AND PAPER PRODUCTS
3974,ARDX,PHARMACEUTICAL PREPARATIONS
3975,LRMR,PHARMACEUTICAL PREPARATIONS
3976,TMST,"STEEL WORKS, BLAST FURNACES  ROLLING MILLS (COKE OVENS)"
3977,CBAY,PHARMACEUTICAL PREPARATIONS
3978,FNF,TITLE INSURANCE
3979,GGZ,Unknown
3980,XNET,SERVICES-PREPACKAGED SOFTWARE
3981,AMPH,PHARMACEUTICAL PREPARATIONS
3982,MTLS,SERVICES-PREPACKAGED SOFTWARE
3983,DSE,Unknown
3984,GPRO,PHOTOGRAPHIC EQUIPMENT &amp; SUPPLIES
3985,TMX,SERVICES-MANAGEMENT SERVICES
3986,DBRG,INVESTMENT ADVICE
3987,MIK,Unknown
3988,NEP,ELECTRIC SERVICES
3989,SSB,STATE COMMERCIAL BANKS
3990,AAXN,Unknown
3991,AKER,Unknown
3992,BRKS,Unknown
3993,CBLI,Unknown
3994,CHFS,Unknown
3995,CLNY,Unknown
3996,CPTA,Unknown
3997,CSU,Unknown
3998,DRAD,Unknown
3999,ETM,Unknown
4000,FEYE,Unknown
4001,FI,Unknown
4002,GRIF,Unknown
4003,HCFT,Unknown
4004,ISTR,STATE COMMERCIAL BANKS
4005,JCOM,Unknown
4006,KBSF,Unknown
4007,LLIT,Unknown
4008,MGEN,Unknown
4009,MLND,Unknown
4010,MTSL,Unknown
4011,NERV,PHARMACEUTICAL PREPARATIONS
4012,NTN,Unknown
4013,PEIX,Unknown
4014,PICO,Unknown
4015,PIH,Unknown
4016,PPR,Unknown
4017,RXN,Unknown
4018,SALT,Unknown
4019,SGOC,Unknown
4020,SNCA,Unknown
4021,SNE,Unknown
4022,SNSS,Unknown
4023,SONA,Unknown
4024,SYX,Unknown
4025,TGC,Unknown
4026,TPRE,Unknown
4027,WBAI,Unknown
4028,WYND,Unknown
4029,XAN,Unknown
4030,YRCW,Unknown
4031,HSDT,ELECTROMEDICAL &amp; ELECTROTHERAPEUTIC APPARATUS
4032,MKGI,Unknown
4033,OR,GOLD &amp; SILVER ORES
4034,RLMD,PHARMACEUTICAL PREPARATIONS
4035,AFGC,"FIRE, MARINE &amp; CASUALTY INSURANCE"
4036,EAST,MORTGAGE BANKERS &amp; LOAN CORRESPONDENTS
4037,WIL,"COMMERCIAL BANKS, NEC"
4038,ACB,MEDICINAL CHEMICALS &amp; BOTANICAL PRODUCTS
4039,IRMD,SURGICAL &amp; MEDICAL INSTRUMENTS &amp; APPARATUS
4040,CDNA,SERVICES-MEDICAL LABORATORIES
4041,MMMB,"SAUSAGE, OTHER PREPARED MEAT PRODUCTS"
4042,GLOB,SERVICES-COMPUTER PROCESSING &amp; DATA PREPARATION
4043,TRUP,HOSPITAL &amp; MEDICAL SERVICE PLANS
4044,MTBC,SERVICES-PREPACKAGED SOFTWARE
4045,TSQ,RADIO BROADCASTING STATIONS
4046,XENT,Unknown
4047,LOCO,RETAIL-EATING PLACES
4048,OCUL,PHARMACEUTICAL PREPARATIONS
4049,OEC,MISCELLANEOUS CHEMICAL PRODUCTS
4050,WMS,PLASTICS FOAM PRODUCTS
4051,EBSB,Unknown
4052,SPKE,Unknown
4053,THQ,Unknown
4054,VIA,ELECTRIC &amp; OTHER SERVICES COMBINED
4055,WLKP,INDUSTRIAL ORGANIC CHEMICALS
4056,ADVM,BIOLOGICAL PRODUCTS (NO DIAGNOSTIC SUBSTANCES)
4057,CTLT,PHARMACEUTICAL PREPARATIONS
4058,ENLV,PHARMACEUTICAL PREPARATIONS
4059,HQY,"SERVICES-BUSINESS SERVICES, NEC"
4060,MRNS,PHARMACEUTICAL PREPARATIONS
4061,SYF,FINANCE SERVICES
4062,VBLT,PHARMACEUTICAL PREPARATIONS
4063,TPCO,Unknown
4064,CCZ,CABLE &amp; OTHER PAY TELEVISION SERVICES
4065,CYTO,Unknown
4066,EARS,Unknown
4067,HMLP,WATER TRANSPORTATION
4068,TTOO,SURGICAL &amp; MEDICAL INSTRUMENTS &amp; APPARATUS
4069,ICD,DRILLING OIL &amp; GAS WELLS
4070,LMB,CONSTRUCTION SPECIAL TRADE CONTRACTORS
4071,RYI,Unknown
4072,OTIC,PHARMACEUTICAL PREPARATIONS
4073,LTRPA,SERVICES-COMPUTER PROCESSING &amp; DATA PREPARATION
4074,LTRPB,SERVICES-COMPUTER PROCESSING &amp; DATA PREPARATION
4075,AA,PRIMARY PRODUCTION OF ALUMINUM
4076,ADT,"SERVICES-DETECTIVE, GUARD &amp; ARMORED CAR SERVICES"
4077,AGI,GOLD &amp; SILVER ORES
4078,ALEX,REAL ESTATE INVESTMENT TRUSTS
4079,ALTR,SERVICES-PREPACKAGED SOFTWARE
4080,ASH,WHOLESALE-CHEMICALS &amp; ALLIED PRODUCTS
4081,BAR,Unknown
4082,BCEI,Unknown
4083,BRT,REAL ESTATE INVESTMENT TRUSTS
4084,BTU,BITUMINOUS COAL &amp; LIGNITE SURFACE MINING
4085,BXS,Unknown
4086,CCEP,BOTTLED &amp; CANNED SOFT DRINKS CARBONATED WATERS
4087,CCI,REAL ESTATE INVESTMENT TRUSTS
4088,CHTR,CABLE &amp; OTHER PAY TELEVISION SERVICES
4089,COUP,SERVICES-PREPACKAGED SOFTWARE
4090,CPHC,"SERVICES-RACING, INCLUDING TRACK OPERATION"
4091,CWEN,ELECTRIC SERVICES
4092,ENR,"MISCELLANEOUS ELECTRICAL MACHINERY, EQUIPMENT &amp; SUPPLIES"
4093,EQIX,REAL ESTATE INVESTMENT TRUSTS
4094,FOR,REAL ESTATE
4095,FTI,OIL &amp; GAS FILED MACHINERY &amp; EQUIPMENT
4096,GDP,Unknown
4097,GOOG,"SERVICES-COMPUTER PROGRAMMING, DATA PROCESSING, ETC."
4098,GSM,METAL MINING
4099,HCC,BITUMINOUS COAL &amp; LIGNITE MINING
4100,HUBB,ELECTRONIC COMPONENTS &amp; ACCESSORIES
4101,IGT,SERVICES-MISCELLANEOUS AMUSEMENT &amp; RECREATION
4102,IMOS,SEMICONDUCTORS &amp; RELATED DEVICES
4103,IRM,REAL ESTATE INVESTMENT TRUSTS
4104,ITT,PUMPS &amp; PUMPING EQUIPMENT
4105,JMP,Unknown
4106,KRNY,"SAVINGS INSTITUTION, FEDERALLY CHARTERED"
4107,LAMR,REAL ESTATE INVESTMENT TRUSTS
4108,LNG,NATURAL GAS DISTRIBUTION
4109,LOV,SERVICES-PERSONAL SERVICES
4110,LXFR,INDUSTRIAL INORGANIC CHEMICALS
4111,MIC,Unknown
4112,MSGS,SERVICES-MISCELLANEOUS AMUSEMENT &amp; RECREATION
4113,MXL,SEMICONDUCTORS &amp; RELATED DEVICES
4114,NES,Unknown
4115,NWLI,LIFE INSURANCE
4116,OZK,Unknown
4117,PZG,METAL MINING
4118,RMCF,SUGAR &amp; CONFECTIONERY PRODUCTS
4119,SBAC,REAL ESTATE INVESTMENT TRUSTS
4120,SD,CRUDE PETROLEUM &amp; NATURAL GAS
4121,SE,SERVICES-MISCELLANEOUS BUSINESS SERVICES
4122,SFB,"SECURITY BROKERS, DEALERS &amp; FLOTATION COMPANIES"
4123,SMPL,FOOD &amp; KINDRED PRODUCTS
4124,SPRO,PHARMACEUTICAL PREPARATIONS
4125,STE,"ORTHOPEDIC, PROSTHETIC &amp; SURGICAL APPLIANCES &amp; SUPPLIES"
4126,SWX,NATURAL GAS TRANSMISSION &amp; DISTRIBUTION
4127,TDW,WATER TRANSPORTATION
4128,TPH,OPERATIVE BUILDERS
4129,UA,APPAREL &amp; OTHER FINISHED PRODS OF FABRICS &amp; SIMILAR MATERIAL
4130,UBS,NATIONAL COMMERCIAL BANKS
4131,ULTA,"RETAIL-RETAIL STORES, NEC"
4132,VRS,Unknown
4133,AFMD,PHARMACEUTICAL PREPARATIONS
4134,CFRX,PHARMACEUTICAL PREPARATIONS
4135,RWLK,"ORTHOPEDIC, PROSTHETIC &amp; SURGICAL APPLIANCES &amp; SUPPLIES"
4136,ELDN,PHARMACEUTICAL PREPARATIONS
4137,NVUS,Unknown
4138,PRQR,PHARMACEUTICAL PREPARATIONS
4139,RODI,Unknown
4140,BABA,"SERVICES-BUSINESS SERVICES, NEC"
4141,AVAL,"COMMERCIAL BANKS, NEC"
4142,CZR,HOTELS &amp; MOTELS
4143,CFG,STATE COMMERCIAL BANKS
4144,CYBR,SERVICES-PREPACKAGED SOFTWARE
4145,ICL,AGRICULTURE CHEMICALS
4146,MDLY,Unknown
4147,GWGH,Unknown
4148,GER,Unknown
4149,VEC,Unknown
4150,LEU,"MINING, QUARRYING OF NONMETALLIC MINERALS (NO FUELS)"
4151,ATTO,TELEPHONE COMMUNICATIONS (NO RADIO TELEPHONE)
4152,CALA,PHARMACEUTICAL PREPARATIONS
4153,W,RETAIL-CATALOG &amp; MAIL-ORDER HOUSES
4154,ASX,SEMICONDUCTORS &amp; RELATED DEVICES
4155,BH,RETAIL-EATING PLACES
4156,BSMX,"COMMERCIAL BANKS, NEC"
4157,BV,AGRICULTURE SERVICES
4158,EVER,"SERVICES-COMPUTER PROGRAMMING, DATA PROCESSING, ETC."
4159,KKR,INVESTMENT ADVICE
4160,ONE,Unknown
4161,PBY,Unknown
4162,PT,"SERVICES-COMPUTER PROGRAMMING, DATA PROCESSING, ETC."
4163,RCD,Unknown
4164,SOHU,SERVICES-COMPUTER PROCESSING &amp; DATA PREPARATION
4165,ST,"INDUSTRIAL INSTRUMENTS FOR MEASUREMENT, DISPLAY, AND CONTROL"
4166,TBIO,Unknown
4167,TH,"HOTELS, ROOMING HOUSE, CAMPS &amp; OTHER LODGING PLACES"
4168,TIPT,"FIRE, MARINE &amp; CASUALTY INSURANCE"
4169,ECC,Unknown
4170,NMS,Unknown
4171,ALTS,Unknown
4172,BSIG,INVESTMENT ADVICE
4173,HUBS,SERVICES-PREPACKAGED SOFTWARE
4174,USDP,RAILROAD SWITCHING &amp; TERMINAL ESTABLISHMENTS
4175,VBTX,STATE COMMERCIAL BANKS
4176,PLAY,RETAIL-EATING PLACES
4177,FCAU,Unknown
4178,STLA,MOTOR VEHICLES &amp; PASSENGER CAR BODIES
4179,FWP,PHARMACEUTICAL PREPARATIONS
4180,GWB,Unknown
4181,ATRA,BIOLOGICAL PRODUCTS (NO DIAGNOSTIC SUBSTANCES)
4182,DBVT,BIOLOGICAL PRODUCTS (NO DIAGNOSTIC SUBSTANCES)
4183,TARA,BIOLOGICAL PRODUCTS (NO DIAGNOSTIC SUBSTANCES)
4184,BST,Unknown
4185,BOOT,RETAIL-SHOE STORES
4186,SHLX,PIPE LINES (NO NATURAL GAS)
4187,SIEN,"ORTHOPEDIC, PROSTHETIC &amp; SURGICAL APPLIANCES &amp; SUPPLIES"
4188,AVNS,"ORTHOPEDIC, PROSTHETIC &amp; SURGICAL APPLIANCES &amp; SUPPLIES"
4189,FFWM,STATE COMMERCIAL BANKS
4190,KE,PRINTED CIRCUIT BOARDS
4191,KEYS,"INDUSTRIAL INSTRUMENTS FOR MEASUREMENT, DISPLAY, AND CONTROL"
4192,LBRDA,CABLE &amp; OTHER PAY TELEVISION SERVICES
4193,LBRDK,CABLE &amp; OTHER PAY TELEVISION SERVICES
4194,XENE,PHARMACEUTICAL PREPARATIONS
4195,CHRS,BIOLOGICAL PRODUCTS (NO DIAGNOSTIC SUBSTANCES)
4196,NVRO,SURGICAL &amp; MEDICAL INSTRUMENTS &amp; APPARATUS
4197,UPLD,SERVICES-PREPACKAGED SOFTWARE
4198,FRPT,GRAIN MILL PRODUCTS
4199,SNR,Unknown
4200,SYNH,SERVICES-COMMERCIAL PHYSICAL &amp; BIOLOGICAL RESEARCH
4201,TBK,STATE COMMERCIAL BANKS
4202,JYNT,PATENT OWNERS &amp; LESSORS
4203,AXTA,"PAINTS, VARNISHES, LACQUERS, ENAMELS &amp; ALLIED PRODUCTS"
4204,AINC,SERVICES-MANAGEMENT CONSULTING SERVICES
4205,ENVA,PERSONAL CREDIT INSTITUTIONS
4206,PRAH,Unknown
4207,SLNO,PHARMACEUTICAL PREPARATIONS
4208,FGEN,PHARMACEUTICAL PREPARATIONS
4209,LMRK,Unknown
4210,BGSF,SERVICES-HELP SUPPLY SERVICES
4211,STOR,REAL ESTATE INVESTMENT TRUSTS
4212,PGRE,REAL ESTATE INVESTMENT TRUSTS
4213,EVFM,PHARMACEUTICAL PREPARATIONS
4214,JGH,Unknown
4215,HIE,Unknown
4216,OCGN,BIOLOGICAL PRODUCTS (NO DIAGNOSTIC SUBSTANCES)
4217,MLPO,"SECURITY BROKERS, DEALERS &amp; FLOTATION COMPANIES"
4218,LC,PERSONAL CREDIT INSTITUTIONS
4219,JRVR,"FIRE, MARINE &amp; CASUALTY INSURANCE"
4220,NEWR,SERVICES-PREPACKAGED SOFTWARE
4221,WK,SERVICES-PREPACKAGED SOFTWARE
4222,QSR,RETAIL-EATING PLACES
4223,BLCM,PHARMACEUTICAL PREPARATIONS
4224,DIAX,Unknown
4225,WBA,RETAIL-DRUG STORES AND PROPRIETARY STORES
4226,QRVO,SEMICONDUCTORS &amp; RELATED DEVICES
4227,KEN,ELECTRIC SERVICES
4228,ICBK,Unknown
4229,UE,REAL ESTATE
4230,BOX,SERVICES-PREPACKAGED SOFTWARE
4231,ZSAN,Unknown
4232,ASND,PHARMACEUTICAL PREPARATIONS
4233,SLRX,PHARMACEUTICAL PREPARATIONS
4234,AVGR,SURGICAL &amp; MEDICAL INSTRUMENTS &amp; APPARATUS
4235,FNWB,"SAVINGS INSTITUTIONS, NOT FEDERALLY CHARTERED"
4236,SHAK,RETAIL-EATING &amp; DRINKING PLACES
4237,TCON,BIOLOGICAL PRODUCTS (NO DIAGNOSTIC SUBSTANCES)
4238,PATI,TRUCKING &amp; COURIER SERVICES (NO AIR)
4239,ATEX,TELEPHONE COMMUNICATIONS (NO RADIO TELEPHONE)
4240,XHR,HOTELS &amp; MOTELS
4241,DEA,REAL ESTATE INVESTMENT TRUSTS
4242,VSTO,"ORDNANCE &amp; ACCESSORIES, (NO VEHICLES/GUIDED MISSILES)"
4243,NVTA,SERVICES-MEDICAL LABORATORIES
4244,AJX,REAL ESTATE INVESTMENT TRUSTS
4245,BLPH,PHARMACEUTICAL PREPARATIONS
4246,ZG,"SERVICES-BUSINESS SERVICES, NEC"
4247,RCKT,PHARMACEUTICAL PREPARATIONS
4248,LBCC,Unknown
4249,SUM,"MINING, QUARRYING OF NONMETALLIC MINERALS (NO FUELS)"
4250,CHEK,X-RAY APPARATUS &amp; TUBES &amp; RELATED IRRADIATION APPARATUS
4251,GSBD,Unknown
4252,TANH,INDUSTRIAL ORGANIC CHEMICALS
4253,CLLS,BIOLOGICAL PRODUCTS (NO DIAGNOSTIC SUBSTANCES)
4254,SEDG,SEMICONDUCTORS &amp; RELATED DEVICES
4255,CCD,Unknown
4256,NGHCO,Unknown
4257,GDDY,SERVICES-COMPUTER INTEGRATED SYSTEMS DESIGN
4258,NXRT,REAL ESTATE INVESTMENT TRUSTS
4259,KRNT,PRINTING TRADES MACHINERY &amp; EQUIPMENT
4260,SNMP,CRUDE PETROLEUM &amp; NATURAL GAS
4261,MFH,FINANCE SERVICES
4262,KALV,PHARMACEUTICAL PREPARATIONS
4263,XELA,"SERVICES-BUSINESS SERVICES, NEC"
4264,CDTX,BIOLOGICAL PRODUCTS (NO DIAGNOSTIC SUBSTANCES)
4265,KDNY,PHARMACEUTICAL PREPARATIONS
4266,XBIT,PHARMACEUTICAL PREPARATIONS
4267,CRBP,PHARMACEUTICAL PREPARATIONS
4268,ETSY,"SERVICES-BUSINESS SERVICES, NEC"
4269,PRTY,RETAIL-MISCELLANEOUS RETAIL
4270,VIRT,"SECURITY BROKERS, DEALERS &amp; FLOTATION COMPANIES"
4271,NSA,REAL ESTATE INVESTMENT TRUSTS
4272,UNIT,REAL ESTATE INVESTMENT TRUSTS
4273,EVA,LUMBER &amp; WOOD PRODUCTS (NO FURNITURE)
4274,VKTX,PHARMACEUTICAL PREPARATIONS
4275,BPMC,PHARMACEUTICAL PREPARATIONS
4276,WMPN,"SAVINGS INSTITUTIONS, NOT FEDERALLY CHARTERED"
4277,BSM,CRUDE PETROLEUM &amp; NATURAL GAS
4278,OPGN,SERVICES-MEDICAL LABORATORIES
4279,ADAP,BIOLOGICAL PRODUCTS (NO DIAGNOSTIC SUBSTANCES)
4280,HTGM,LABORATORY ANALYTICAL INSTRUMENTS
4281,COLL,PHARMACEUTICAL PREPARATIONS
4282,LIFE,BIOLOGICAL PRODUCTS (NO DIAGNOSTIC SUBSTANCES)
4283,BVXV,BIOLOGICAL PRODUCTS (NO DIAGNOSTIC SUBSTANCES)
4284,JAGX,PHARMACEUTICAL PREPARATIONS
4285,FTAI,SERVICES-MISCELLANEOUS EQUIPMENT RENTAL &amp; LEASING
4286,RKDA,CRUDE PETROLEUM &amp; NATURAL GAS
4287,APLE,REAL ESTATE INVESTMENT TRUSTS
4288,BKI,SERVICES-PREPACKAGED SOFTWARE
4289,BZUN,RETAIL-CATALOG &amp; MAIL-ORDER HOUSES
4290,CHCT,REAL ESTATE INVESTMENT TRUSTS
4291,SHOP,SERVICES-PREPACKAGED SOFTWARE
4292,ACV,Unknown
4293,BTB,RETAIL-EATING PLACES
4294,MYT,Unknown
4295,GNL,REAL ESTATE INVESTMENT TRUSTS
4296,NEXT,NATURAL GAS TRANSMISSION &amp; DISTRIBUTION
4297,DTEA,RETAIL-FOOD STORES
4298,EVH,SERVICES-MANAGEMENT SERVICES
4299,ALTA,Unknown
4300,SIOX,PHARMACEUTICAL PREPARATIONS
4301,WING,RETAIL-EATING PLACES
4302,ALPN,PHARMACEUTICAL PREPARATIONS
4303,FIT,Unknown
4304,UNVR,WHOLESALE-CHEMICALS &amp; ALLIED PRODUCTS
4305,CYAD,PHARMACEUTICAL PREPARATIONS
4306,QLGN,FINANCE SERVICES
4307,CATB,Unknown
4308,GKOS,SURGICAL &amp; MEDICAL INSTRUMENTS &amp; APPARATUS
4309,LNTH,IN VITRO &amp; IN VIVO DIAGNOSTIC SUBSTANCES
4310,TRU,"SERVICES-CONSUMER CREDIT REPORTING, COLLECTION AGENCIES"
4311,ALRM,SERVICES-PREPACKAGED SOFTWARE
4312,APPF,SERVICES-PREPACKAGED SOFTWARE
4313,GPP,INDUSTRIAL ORGANIC CHEMICALS
4314,MCRB,PHARMACEUTICAL PREPARATIONS
4315,THW,Unknown
4316,PIRS,PHARMACEUTICAL PREPARATIONS
4317,BLD,CONSTRUCTION SPECIAL TRADE CONTRACTORS
4318,BW,"HEATING EQUIPMENT, EXCEPT ELECTRIC &amp; WARM AIR FURNACES"
4319,CABO,CABLE &amp; OTHER PAY TELEVISION SERVICES
4320,CC,CHEMICALS &amp; ALLIED PRODUCTS
4321,CCR,Unknown
4322,CFMS,"ORTHOPEDIC, PROSTHETIC &amp; SURGICAL APPLIANCES &amp; SUPPLIES"
4323,HZN,MOTOR VEHICLE PARTS &amp; ACCESSORIES
4324,TDOC,SERVICES-OFFICES &amp; CLINICS OF DOCTORS OF MEDICINE
4325,UFAB,MOTOR VEHICLE PARTS &amp; ACCESSORIES
4326,NTRA,SERVICES-MEDICAL LABORATORIES
4327,SPNE,SURGICAL &amp; MEDICAL INSTRUMENTS &amp; APPARATUS
4328,WRK,PAPERBOARD CONTAINERS &amp; BOXES
4329,KHC,"CANNED, FROZEN &amp; PRESERVED FRUIT, VEG &amp; FOOD SPECIALTIES"
4330,SRG,REAL ESTATE
4331,HLG,Unknown
4332,EPIX,PHARMACEUTICAL PREPARATIONS
4333,CHMA,Unknown
4334,JP,Unknown
4335,OLLI,RETAIL-VARIETY STORES
4336,SRRA,Unknown
4337,MCFT,SHIP &amp; BOAT BUILDING &amp; REPAIRING
4338,OOMA,SERVICES-COMPUTER PROCESSING &amp; DATA PREPARATION
4339,RPD,SERVICES-PREPACKAGED SOFTWARE
4340,GNK,DEEP SEA FOREIGN TRANSPORTATION OF FREIGHT
4341,PYPL,"SERVICES-BUSINESS SERVICES, NEC"
4342,LOB,STATE COMMERCIAL BANKS
4343,NEOS,Unknown
4344,IBRX,BIOLOGICAL PRODUCTS (NO DIAGNOSTIC SUBSTANCES)
4345,NK,Unknown
4346,VTVT,PHARMACEUTICAL PREPARATIONS
4347,AQMS,SECONDARY SMELTING &amp; REFINING OF NONFERROUS METALS
4348,BNED,RETAIL-MISCELLANEOUS SHOPPING GOODS STORES
4349,LITE,"COMMUNICATIONS EQUIPMENT, NEC"
4350,MDGS,SERVICES-COMPUTER PROCESSING &amp; DATA PREPARATION
4351,RUN,"MISCELLANEOUS ELECTRICAL MACHINERY, EQUIPMENT &amp; SUPPLIES"
4352,ZYNE,PHARMACEUTICAL PREPARATIONS
4353,PLNT,SERVICES-MEMBERSHIP SPORTS &amp; RECREATION CLUBS
4354,GBT,PHARMACEUTICAL PREPARATIONS
4355,CNFR,"FIRE, MARINE &amp; CASUALTY INSURANCE"
4356,HLI,INVESTMENT ADVICE
4357,RMNI,"SERVICES-BUSINESS SERVICES, NEC"
4358,MDWT,LIFE INSURANCE
4359,CHAA,BLANK CHECKS
4360,RGNX,BIOLOGICAL PRODUCTS (NO DIAGNOSTIC SUBSTANCES)
4361,PEN,SURGICAL &amp; MEDICAL INSTRUMENTS &amp; APPARATUS
4362,PJT,INVESTMENT ADVICE
4363,FDEU,Unknown
4364,JAX,Unknown
4365,PDSB,PHARMACEUTICAL PREPARATIONS
4366,PFGC,WHOLESALE-GROCERIES &amp; GENERAL LINE
4367,SGRY,"SERVICES-GENERAL MEDICAL &amp; SURGICAL HOSPITALS, NEC"
4368,SYBX,PHARMACEUTICAL PREPARATIONS
4369,NVCR,SURGICAL &amp; MEDICAL INSTRUMENTS &amp; APPARATUS
4370,ACRS,PHARMACEUTICAL PREPARATIONS
4371,PSTG,COMPUTER STORAGE DEVICES
4372,ABTX,STATE COMMERCIAL BANKS
4373,CTMX,PHARMACEUTICAL PREPARATIONS
4374,DSKE,TRANSPORTATION SERVICES
4375,AIC,REAL ESTATE INVESTMENT TRUSTS
4376,ENJ,ELECTRIC &amp; OTHER SERVICES COMBINED
4377,AMUB,NATIONAL COMMERCIAL BANKS
4378,BDCZ,NATIONAL COMMERCIAL BANKS
4379,MLPB,NATIONAL COMMERCIAL BANKS
4380,SBBP,Unknown
4381,LIVN,ELECTROMEDICAL &amp; ELECTROTHERAPEUTIC APPARATUS
4382,UCIB,NATIONAL COMMERCIAL BANKS
4383,RELI,INSURANCE AGENTS BROKERS &amp; SERVICES
4384,FCPT,REAL ESTATE INVESTMENT TRUSTS
4385,PRPL,HOUSEHOLD FURNITURE
4386,ACBI,STATE COMMERCIAL BANKS
4387,HPE,COMPUTER &amp; OFFICE EQUIPMENT
4388,PXS,DEEP SEA FOREIGN TRANSPORTATION OF FREIGHT
4389,EXTN,"SERVICES-EQUIPMENT RENTAL &amp; LEASING, NEC"
4390,BRQS,SERVICES-COMPUTER INTEGRATED SYSTEMS DESIGN
4391,KURA,PHARMACEUTICAL PREPARATIONS
4392,EQBK,STATE COMMERCIAL BANKS
4393,VYGR,BIOLOGICAL PRODUCTS (NO DIAGNOSTIC SUBSTANCES)
4394,WVE,PHARMACEUTICAL PREPARATIONS
4395,CERC,Unknown
4396,AXSM,PHARMACEUTICAL PREPARATIONS
4397,MIME,Unknown
4398,SQ,SERVICES-PREPACKAGED SOFTWARE
4399,DLTH,RETAIL-APPAREL &amp; ACCESSORY STORES
4400,KTOV,Unknown
4401,UZC,Unknown
4402,TWNK,BAKERY PRODUCTS
4403,AC,"SECURITY BROKERS, DEALERS &amp; FLOTATION COMPANIES"
4404,LMFA,FINANCE SERVICES
4405,MTP,PHARMACEUTICAL PREPARATIONS
4406,TEAM,SERVICES-PREPACKAGED SOFTWARE
4407,RMR,SERVICES-MANAGEMENT CONSULTING SERVICES
4408,AGR,ELECTRIC SERVICES
4409,FCRZ,Unknown
4410,OSG,DEEP SEA FOREIGN TRANSPORTATION OF FREIGHT
4411,YRD,FINANCE SERVICES
4412,CCRC,Unknown
4413,PBB,Unknown
4414,RIV,Unknown
4415,NECB,"SAVINGS INSTITUTIONS, NOT FEDERALLY CHARTERED"
4416,CCNC,"WHOLESALE-METALS, MINERALS (NO PETROLEUM)"
4417,OCX,IN VITRO &amp; IN VIVO DIAGNOSTIC SUBSTANCES
4418,NOMD,FOOD &amp; KINDRED PRODUCTS
4419,NHA,Unknown
4420,CTAA,Unknown
4421,BGNE,PHARMACEUTICAL PREPARATIONS
4422,EDIT,BIOLOGICAL PRODUCTS (NO DIAGNOSTIC SUBSTANCES)
4423,GCP,CHEMICALS &amp; ALLIED PRODUCTS
4424,PTI,Unknown
4425,YMTX,PHARMACEUTICAL PREPARATIONS
4426,FIEE,NATIONAL COMMERCIAL BANKS
4427,FIHD,NATIONAL COMMERCIAL BANKS
4428,LILA,CABLE &amp; OTHER PAY TELEVISION SERVICES
4429,LILAK,CABLE &amp; OTHER PAY TELEVISION SERVICES
4430,NBRV,PHARMACEUTICAL PREPARATIONS
4431,SPI,SEMICONDUCTORS &amp; RELATED DEVICES
4432,SRL,MINERAL ROYALTY TRADERS
4433,WBT,Unknown
4434,SNDX,PHARMACEUTICAL PREPARATIONS
4435,AXO,Unknown
4436,NNDM,PRINTED CIRCUIT BOARDS
4437,HCM,PHARMACEUTICAL PREPARATIONS
4438,SENS,"INDUSTRIAL INSTRUMENTS FOR MEASUREMENT, DISPLAY, AND CONTROL"
4439,CRVS,PHARMACEUTICAL PREPARATIONS
4440,ENO,ELECTRIC &amp; OTHER SERVICES COMBINED
4441,HBANO,Unknown
4442,VRAY,ELECTROMEDICAL &amp; ELECTROTHERAPEUTIC APPARATUS
4443,WLMS,HEAVY CONSTRUCTION OTHER THAN BUILDING CONST - CONTRACTORS
4444,AFI,Unknown
4445,AGLE,PHARMACEUTICAL PREPARATIONS
4446,CDEV,CRUDE PETROLEUM &amp; NATURAL GAS
4447,BATRA,TELEVISION BROADCASTING STATIONS
4448,BATRK,TELEVISION BROADCASTING STATIONS
4449,FWONA,TELEVISION BROADCASTING STATIONS
4450,FWONK,TELEVISION BROADCASTING STATIONS
4451,LSXMA,TELEVISION BROADCASTING STATIONS
4452,LSXMK,TELEVISION BROADCASTING STATIONS
4453,MGP,Unknown
4454,ARA,Unknown
4455,LSXMB,TELEVISION BROADCASTING STATIONS
4456,SCWX,SERVICES-PREPACKAGED SOFTWARE
4457,PECK,Unknown
4458,RRR,HOTELS &amp; MOTELS
4459,ENIC,ELECTRIC SERVICES
4460,GWRS,WATER SUPPLY
4461,NGVT,CHEMICALS &amp; ALLIED PRODUCTS
4462,FSTX,PHARMACEUTICAL PREPARATIONS
4463,NTLA,IN VITRO &amp; IN VIVO DIAGNOSTIC SUBSTANCES
4464,TPB,TOBACCO PRODUCTS
4465,SITE,WHOLESALE-PROFESSIONAL &amp; COMMERCIAL EQUIPMENT &amp; SUPPLIES
4466,ACIA,Unknown
4467,GMTA,Unknown
4468,PLSE,SURGICAL &amp; MEDICAL INSTRUMENTS &amp; APPARATUS
4469,MRUS,PHARMACEUTICAL PREPARATIONS
4470,SUPV,"COMMERCIAL BANKS, NEC"
4471,MSBI,STATE COMMERCIAL BANKS
4472,EHT,Unknown
4473,GMS,WHOLESALE-LUMBER &amp; OTHER CONSTRUCTION MATERIALS
4474,RETA,PHARMACEUTICAL PREPARATIONS
4475,USFD,WHOLESALE-GROCERIES &amp; RELATED PRODUCTS
4476,ZDGE,SERVICES-PREPACKAGED SOFTWARE
4477,OPINI,Unknown
4478,BBU,CONSTRUCTION SPECIAL TRADE CONTRACTORS
4479,BTCY,SURGICAL &amp; MEDICAL INSTRUMENTS &amp; APPARATUS
4480,CLSD,PHARMACEUTICAL PREPARATIONS
4481,DTJ,Unknown
4482,MBRX,PHARMACEUTICAL PREPARATIONS
4483,NH,SERVICES-COMPUTER PROCESSING &amp; DATA PREPARATION
4484,ATKR,"MISCELLANEOUS ELECTRICAL MACHINERY, EQUIPMENT &amp; SUPPLIES"
4485,COE,SERVICES-EDUCATIONAL SERVICES
4486,FTV,"INDUSTRIAL INSTRUMENTS FOR MEASUREMENT, DISPLAY, AND CONTROL"
4487,OTLK,BIOLOGICAL PRODUCTS (NO DIAGNOSTIC SUBSTANCES)
4488,WALA,Unknown
4489,SELB,PHARMACEUTICAL PREPARATIONS
4490,TWLO,SERVICES-PREPACKAGED SOFTWARE
4491,SYRS,PHARMACEUTICAL PREPARATIONS
4492,RNDB,STATE COMMERCIAL BANKS
4493,NMTR,PHARMACEUTICAL PREPARATIONS
4494,TRTN,"SERVICES-EQUIPMENT RENTAL &amp; LEASING, NEC"
4495,LN,Unknown
4496,REML,Unknown
4497,PI,"ELECTRONIC COMPONENTS, NEC"
4498,TPIC,ENGINES &amp; TURBINES
4499,MYSZ,SERVICES-PREPACKAGED SOFTWARE
4500,SRTS,SURGICAL &amp; MEDICAL INSTRUMENTS &amp; APPARATUS
4501,DRUA,Unknown
4502,KDMN,Unknown
4503,KNSL,"FIRE, MARINE &amp; CASUALTY INSURANCE"
4504,PAVM,SURGICAL &amp; MEDICAL INSTRUMENTS &amp; APPARATUS
4505,TCMD,SURGICAL &amp; MEDICAL INSTRUMENTS &amp; APPARATUS
4506,APOP,Unknown
4507,TLND,Unknown
4508,APVO,PHARMACEUTICAL PREPARATIONS
4509,FHB,STATE COMMERCIAL BANKS
4510,HOME,Unknown
4511,ATOM,SEMICONDUCTORS &amp; RELATED DEVICES
4512,NRBO,PHARMACEUTICAL PREPARATIONS
4513,MHLA,"FIRE, MARINE &amp; CASUALTY INSURANCE"
4514,MEDP,SERVICES-COMMERCIAL PHYSICAL &amp; BIOLOGICAL RESEARCH
4515,PTGX,PHARMACEUTICAL PREPARATIONS
4516,AIRG,RADIO &amp; TV BROADCASTING &amp; COMMUNICATIONS EQUIPMENT
4517,EAI,ELECTRIC SERVICES
4518,WTRH,"SERVICES-BUSINESS SERVICES, NEC"
4519,BSA,Unknown
4520,MDLX,Unknown
4521,CTBB,TELEPHONE COMMUNICATIONS (NO RADIO TELEPHONE)
4522,JHB,Unknown
4523,SOHOB,REAL ESTATE INVESTMENT TRUSTS
4524,ASIX,"PLASTICS, MATERIALS, SYNTH RESINS &amp; NONVULCAN ELASTOMERS"
4525,NBLX,Unknown
4526,EVBG,SERVICES-PREPACKAGED SOFTWARE
4527,FBK,STATE COMMERCIAL BANKS
4528,NTB,"COMMERCIAL BANKS, NEC"
4529,NOVN,PHARMACEUTICAL PREPARATIONS
4530,SOJB,Unknown
4531,TTD,"SERVICES-COMPUTER PROGRAMMING, DATA PROCESSING, ETC."
4532,WHLRD,REAL ESTATE INVESTMENT TRUSTS
4533,CSTR,STATE COMMERCIAL BANKS
4534,ELF,"PERFUMES, COSMETICS &amp; OTHER TOILET PREPARATIONS"
4535,ACIU,PHARMACEUTICAL PREPARATIONS
4536,GSUM,Unknown
4537,VINO,LAND SUBDIVIDERS &amp; DEVELOPERS (NO CEMETERIES)
4538,VVV,MISCELLANEOUS PRODUCTS OF PETROLEUM &amp;  COAL
4539,DFIN,SERVICES-MISCELLANEOUS BUSINESS SERVICES
4540,OPP,Unknown
4541,TYHT,Unknown
4542,FLGT,SERVICES-MEDICAL LABORATORIES
4543,TRHC,"SERVICES-BUSINESS SERVICES, NEC"
4544,NTNX,SERVICES-PREPACKAGED SOFTWARE
4545,ARCH,BITUMINOUS COAL &amp; LIGNITE SURFACE MINING
4546,IEA,BLANK CHECKS
4547,OBLN,Unknown
4548,RSLS,PHARMACEUTICAL PREPARATIONS
4549,WORX,SERVICES-COMPUTER PROCESSING &amp; DATA PREPARATION
4550,CWH,RETAIL-AUTO DEALERS &amp; GASOLINE STATIONS
4551,MRAM,SEMICONDUCTORS &amp; RELATED DEVICES
4552,AZRX,Unknown
4553,AZRE,ELECTRIC SERVICES
4554,ECCB,Unknown
4555,TUSK,"OIL, GAS FIELD SERVICES, NBC"
4556,ADNT,MOTOR VEHICLE PARTS &amp; ACCESSORIES
4557,YUMC,RETAIL-EATING PLACES
4558,CRSP,BIOLOGICAL PRODUCTS (NO DIAGNOSTIC SUBSTANCES)
4559,FRTA,Unknown
4560,IRTC,SURGICAL &amp; MEDICAL INSTRUMENTS &amp; APPARATUS
4561,MYOV,PHARMACEUTICAL PREPARATIONS
4562,ZTO,TRUCKING &amp; COURIER SERVICES (NO AIR)
4563,BL,SERVICES-PREPACKAGED SOFTWARE
4564,GOLF,Unknown
4565,PHUN,SERVICES-COMPUTER PROCESSING &amp; DATA PREPARATION
4566,LW,"CANNED, FROZEN &amp; PRESERVED FRUIT, VEG &amp; FOOD SPECIALTIES"
4567,GDS,"SERVICES-COMPUTER PROGRAMMING, DATA PROCESSING, ETC."
4568,GGO,Unknown
4569,GECC,Unknown
4570,SND,"MINING, QUARRYING OF NONMETALLIC MINERALS (NO FUELS)"
4571,INSG,"COMMUNICATIONS EQUIPMENT, NEC"
4572,RZB,LIFE INSURANCE
4573,MNMD,MEDICINAL CHEMICALS &amp; BOTANICAL PRODUCTS
4574,INSW,WATER TRANSPORTATION
4575,IHIT,Unknown
4576,EMP,ELECTRIC SERVICES
4577,IIPR,REAL ESTATE
4578,RA,Unknown
4579,XPER,CABLE &amp; OTHER PAY TELEVISION SERVICES
4580,PRTH,"SERVICES-BUSINESS SERVICES, NEC"
4581,POLA,"MISCELLANEOUS ELECTRICAL MACHINERY, EQUIPMENT &amp; SUPPLIES"
4582,SNES,AGRICULTURE CHEMICALS
4583,ATH,Unknown
4584,DTY,Unknown
4585,ICHR,SEMICONDUCTORS &amp; RELATED DEVICES
4586,LGF.A,Unknown
4587,LGF.B,Unknown
4588,CNDT,"SERVICES-BUSINESS SERVICES, NEC"
4589,PK,HOTELS &amp; MOTELS
4590,HGV,"HOTELS, ROOMING HOUSE, CAMPS &amp; OTHER LODGING PLACES"
4591,TRVG,SERVICES-COMPUTER PROCESSING &amp; DATA PREPARATION
4592,YTRA,TRANSPORTATION SERVICES
4593,FIV,Unknown
4594,BMLP,Unknown
4595,VVPR,ELECTRIC &amp; OTHER SERVICES COMBINED
4596,PVAC,Unknown
4597,ORGO,PHARMACEUTICAL PREPARATIONS
4598,HVBC,STATE COMMERCIAL BANKS
4599,AQB,"FISHING, HUNTING &amp; TRAPPING"
4600,NEX,"OIL, GAS FIELD SERVICES, NBC"
4601,LPTX,PHARMACEUTICAL PREPARATIONS
4602,MDLQ,Unknown
4603,ANAB,PHARMACEUTICAL PREPARATIONS
4604,OBSV,PHARMACEUTICAL PREPARATIONS
4605,JELD,"MILLWOOD, VENEER, PLYWOOD &amp; STRUCTURAL WOOD MEMBERS"
4606,JNCE,BIOLOGICAL PRODUCTS (NO DIAGNOSTIC SUBSTANCES)
4607,JPT,Unknown
4608,REVG,MOTOR VEHICLES &amp; PASSENGER CAR BODIES
4609,VREX,"ELECTRONIC COMPONENTS, NEC"
4610,INVH,REAL ESTATE OPERATORS (NO DEVELOPERS) &amp; LESSORS
4611,LAUR,SERVICES-EDUCATIONAL SERVICES
4612,KRP,CRUDE PETROLEUM &amp; NATURAL GAS
4613,METC,BITUMINOUS COAL &amp; LIGNITE MINING
4614,CLPR,REAL ESTATE INVESTMENT TRUSTS
4615,FBM,Unknown
4616,SACH,REAL ESTATE INVESTMENT TRUSTS
4617,IFMK,RETAIL-GROCERY STORES
4618,NBEV,MALT BEVERAGES
4619,BGIO,Unknown
4620,HLNE,INVESTMENT ADVICE
4621,MTNB,PHARMACEUTICAL PREPARATIONS
4622,SNAP,"SERVICES-COMPUTER PROGRAMMING, DATA PROCESSING, ETC."
4623,BYSI,PHARMACEUTICAL PREPARATIONS
4624,JILL,"WOMEN&#39;S, MISSES&#39;, AND JUNIORS OUTERWEAR"
4625,AKTS,TELEPHONE &amp; TELEGRAPH APPARATUS
4626,PLYA,HOTELS &amp; MOTELS
4627,ARD,Unknown
4628,GOOS,APPAREL &amp; OTHER FINISHED PRODS OF FABRICS &amp; SIMILAR MATERIAL
4629,NODK,"FIRE, MARINE &amp; CASUALTY INSURANCE"
4630,PUMP,"OIL, GAS FIELD SERVICES, NBC"
4631,TKAT,"RETAIL-RETAIL STORES, NEC"
4632,AYX,SERVICES-PREPACKAGED SOFTWARE
4633,VRRM,TRANSPORTATION SERVICES
4634,IMXI,"SERVICES-BUSINESS SERVICES, NEC"
4635,ICCH,"FIRE, MARINE &amp; CASUALTY INSURANCE"
4636,JCO,Unknown
4637,GAZ,"COMMERCIAL BANKS, NEC"
4638,ELVT,FINANCE SERVICES
4639,SNDR,TRUCKING (NO LOCAL)
4640,OKTA,SERVICES-PREPACKAGED SOFTWARE
4641,AZUL,"AIR TRANSPORTATION, SCHEDULED"
4642,CADE,Unknown
4643,FBRX,PHARMACEUTICAL PREPARATIONS
4644,YEXT,SERVICES-COMPUTER PROCESSING &amp; DATA PREPARATION
4645,PCSB,"SAVINGS INSTITUTIONS, NOT FEDERALLY CHARTERED"
4646,WTTR,"OIL, GAS FIELD SERVICES, NBC"
4647,FND,RETAIL-LUMBER &amp; OTHER BUILDING MATERIALS DEALERS
4648,VRNA,PHARMACEUTICAL PREPARATIONS
4649,CFBI,Unknown
4650,CLDR,Unknown
4651,CVNA,RETAIL-AUTO DEALERS &amp; GASOLINE STATIONS
4652,EEX,"SERVICES-BUSINESS SERVICES, NEC"
4653,NCSM,"OIL, GAS FIELD SERVICES, NBC"
4654,SOS,"SECURITY &amp; COMMODITY BROKERS, DEALERS, EXCHANGES &amp; SERVICES"
4655,ZYME,PHARMACEUTICAL PREPARATIONS
4656,AJXA,REAL ESTATE INVESTMENT TRUSTS
4657,ALTM,Unknown
4658,BHVN,PHARMACEUTICAL PREPARATIONS
4659,URGN,PHARMACEUTICAL PREPARATIONS
4660,KREF,REAL ESTATE INVESTMENT TRUSTS
4661,OVID,PHARMACEUTICAL PREPARATIONS
4662,USWS,"OIL, GAS FIELD SERVICES, NBC"
4663,GNTY,NATIONAL COMMERCIAL BANKS
4664,FPH,REAL ESTATE
4665,VST,ELECTRIC SERVICES
4666,IR,GENERAL INDUSTRIAL MACHINERY &amp; EQUIPMENT
4667,SOI,OIL &amp; GAS FILED MACHINERY &amp; EQUIPMENT
4668,VERI,SERVICES-COMPUTER PROCESSING &amp; DATA PREPARATION
4669,GTHX,PHARMACEUTICAL PREPARATIONS
4670,ARGX,BIOLOGICAL PRODUCTS (NO DIAGNOSTIC SUBSTANCES)
4671,BEDU,SERVICES-EDUCATIONAL SERVICES
4672,CARS,SERVICES-COMPUTER PROCESSING &amp; DATA PREPARATION
4673,SGH,SEMICONDUCTORS &amp; RELATED DEVICES
4674,APPN,SERVICES-PREPACKAGED SOFTWARE
4675,WOW,CABLE &amp; OTHER PAY TELEVISION SERVICES
4676,NESR,"OIL, GAS FIELD SERVICES, NBC"
4677,SSTI,SERVICES-PREPACKAGED SOFTWARE
4678,IMRN,PHARMACEUTICAL PREPARATIONS
4679,PLYM,REAL ESTATE INVESTMENT TRUSTS
4680,MYO,"ORTHOPEDIC, PROSTHETIC &amp; SURGICAL APPLIANCES &amp; SUPPLIES"
4681,ATNX,PHARMACEUTICAL PREPARATIONS
4682,CGBD,Unknown
4683,FRSX,SERVICES-PREPACKAGED SOFTWARE
4684,BOMN,Unknown
4685,OSAT,Unknown
4686,ATUS,CABLE &amp; OTHER PAY TELEVISION SERVICES
4687,SAFE,"LESSORS OF REAL PROPERTY, NEC"
4688,GPMT,REAL ESTATE INVESTMENT TRUSTS
4689,CKPT,PHARMACEUTICAL PREPARATIONS
4690,ATNF,FINANCE SERVICES
4691,ATXI,PHARMACEUTICAL PREPARATIONS
4692,ESQ,"COMMERCIAL BANKS, NEC"
4693,CBH,Unknown
4694,MRSN,PHARMACEUTICAL PREPARATIONS
4695,ALRN,PHARMACEUTICAL PREPARATIONS
4696,APRN,RETAIL-CATALOG &amp; MAIL-ORDER HOUSES
4697,MGY,CRUDE PETROLEUM &amp; NATURAL GAS
4698,BY,STATE COMMERCIAL BANKS
4699,NDRA,ELECTROMEDICAL &amp; ELECTROTHERAPEUTIC APPARATUS
4700,PIXY,SERVICES-EMPLOYMENT AGENCIES
4701,BKR,OIL &amp; GAS FILED MACHINERY &amp; EQUIPMENT
4702,JBGS,REAL ESTATE INVESTMENT TRUSTS
4703,FCRE,Unknown
4704,YECO,Unknown
4705,CODX,SURGICAL &amp; MEDICAL INSTRUMENTS &amp; APPARATUS
4706,TPVY,Unknown
4707,CLXT,AGRICULTURE CHEMICALS
4708,KALA,PHARMACEUTICAL PREPARATIONS
4709,TRTX,REAL ESTATE INVESTMENT TRUSTS
4710,PETQ,WHOLESALE-DRUGS PROPRIETARIES &amp; DRUGGISTS&#39; SUNDRIES
4711,RBB,STATE COMMERCIAL BANKS
4712,EFL,Unknown
4713,NEWA,Unknown
4714,RDFN,REAL ESTATE AGENTS &amp; MANAGERS (FOR OTHERS)
4715,BPRN,STATE COMMERCIAL BANKS
4716,NMTC,SURGICAL &amp; MEDICAL INSTRUMENTS &amp; APPARATUS
4717,CTXR,PHARMACEUTICAL PREPARATIONS
4718,VNTR,INDUSTRIAL INORGANIC CHEMICALS
4719,BHF,LIFE INSURANCE
4720,AVCT,SERVICES-COMPUTER INTEGRATED SYSTEMS DESIGN
4721,HUSN,Unknown
4722,ZEAL,PHARMACEUTICAL PREPARATIONS
4723,DMTK,SERVICES-MEDICAL LABORATORIES
4724,IMTE,HOUSEHOLD AUDIO &amp; VIDEO EQUIPMENT
4725,RNGR,"OIL, GAS FIELD SERVICES, NBC"
4726,RCA,REAL ESTATE INVESTMENT TRUSTS
4727,KL,Unknown
4728,CSSE,SERVICES-ALLIED TO MOTION PICTURE PRODUCTION
4729,BBCP,CONSTRUCTION SPECIAL TRADE CONTRACTORS
4730,MBIO,PHARMACEUTICAL PREPARATIONS
4731,MFGP,SERVICES-PREPACKAGED SOFTWARE
4732,ZKIN,MISCELLANEOUS FABRICATED METAL PRODUCTS
4733,DD,"PLASTICS, MATERIALS, SYNTH RESINS &amp; NONVULCAN ELASTOMERS"
4734,HFFG,WHOLESALE-GROCERIES &amp; RELATED PRODUCTS
4735,FLMN,Unknown
4736,TRMT,Unknown
4737,BEST,TRUCKING &amp; COURIER SERVICES (NO AIR)
4738,CELC,SERVICES-MEDICAL LABORATORIES
4739,DESP,TRANSPORTATION SERVICES
4740,KRYS,BIOLOGICAL PRODUCTS (NO DIAGNOSTIC SUBSTANCES)
4741,ZLAB,PHARMACEUTICAL PREPARATIONS
4742,FUV,"MOTORCYCLES, BICYCLES &amp; PARTS"
4743,OMP,Unknown
4744,PETZ,REAL ESTATE AGENTS &amp; MANAGERS (FOR OTHERS)
4745,SECO,"RETAIL-RETAIL STORES, NEC"
4746,GPJA,ELECTRIC SERVICES
4747,HBB,ELECTRIC HOUSEWARES &amp; FANS
4748,JEMD,Unknown
4749,RYB,Unknown
4750,XFLT,Unknown
4751,DCPH,PHARMACEUTICAL PREPARATIONS
4752,NCNA,PHARMACEUTICAL PREPARATIONS
4753,ROKU,CABLE &amp; OTHER PAY TELEVISION SERVICES
4754,ECVT,CHEMICALS &amp; ALLIED PRODUCTS
4755,PQG,Unknown
4756,SPCE,TRANSPORTATION SERVICES
4757,PDLB,"SAVINGS INSTITUTION, FEDERALLY CHARTERED"
4758,RHE,"LESSORS OF REAL PROPERTY, NEC"
4759,HTFA,Unknown
4760,RYTM,PHARMACEUTICAL PREPARATIONS
4761,SWCH,"SERVICES-COMPUTER PROGRAMMING, DATA PROCESSING, ETC."
4762,CARG,SERVICES-COMPUTER PROCESSING &amp; DATA PREPARATION
4763,KIDS,SURGICAL &amp; MEDICAL INSTRUMENTS &amp; APPARATUS
4764,VERO,SURGICAL &amp; MEDICAL INSTRUMENTS &amp; APPARATUS
4765,OPTN,PHARMACEUTICAL PREPARATIONS
4766,QD,FINANCE SERVICES
4767,MDB,SERVICES-PREPACKAGED SOFTWARE
4768,RMBL,SERVICES-COMPUTER PROGRAMMING SERVICES
4769,LYL,FINANCE SERVICES
4770,REDU,Unknown
4771,TRIN,Unknown
4772,FAT,RETAIL-EATING PLACES
4773,AESE,SERVICES-AMUSEMENT &amp; RECREATION SERVICES
4774,BPMP,Unknown
4775,EYE,OPHTHALMIC GOODS
4776,DCF,Unknown
4777,MBIN,STATE COMMERCIAL BANKS
4778,NEXA,METAL MINING
4779,GIGA,INSTRUMENTS FOR MEAS &amp; TESTING OF ELECTRICITY &amp; ELEC SIGNALS
4780,LOMA,"CEMENT, HYDRAULIC"
4781,ALNA,BIOLOGICAL PRODUCTS (NO DIAGNOSTIC SUBSTANCES)
4782,AQUA,REFRIGERATION &amp; SERVICE INDUSTRY MACHINERY
4783,FNKO,"GAMES, TOYS &amp; CHILDREN&#39;S VEHICLES (NO DOLLS &amp; BICYCLES)"
4784,NAOV,"ORTHOPEDIC, PROSTHETIC &amp; SURGICAL APPLIANCES &amp; SUPPLIES"
4785,ACMR,"SPECIAL INDUSTRY MACHINERY, NEC"
4786,HX,Unknown
4787,FSAM,Unknown
4788,HFRO,Unknown
4789,KXIN,RETAIL-AUTO DEALERS &amp; GASOLINE STATIONS
4790,TBB,TELEPHONE COMMUNICATIONS (NO RADIO TELEPHONE)
4791,MRBK,NATIONAL COMMERCIAL BANKS
4792,CBTX,NATIONAL COMMERCIAL BANKS
4793,FEDU,SERVICES-EDUCATIONAL SERVICES
4794,IFRX,PHARMACEUTICAL PREPARATIONS
4795,MCB,STATE COMMERCIAL BANKS
4796,APLS,PHARMACEUTICAL PREPARATIONS
4797,SOGO,Unknown
4798,TEAR,Unknown
4799,BAND,SERVICES-PREPACKAGED SOFTWARE
4800,ERYP,BIOLOGICAL PRODUCTS (NO DIAGNOSTIC SUBSTANCES)
4801,FINV,LOAN BROKERS
4802,CFNB,NATIONAL COMMERCIAL BANKS
4803,JT,"SERVICES-COMPUTER PROGRAMMING, DATA PROCESSING, ETC."
4804,XFOR,BIOLOGICAL PRODUCTS (NO DIAGNOSTIC SUBSTANCES)
4805,BXG,Unknown
4806,SAIL,Unknown
4807,SBT,"SAVINGS INSTITUTION, FEDERALLY CHARTERED"
4808,SCPH,PHARMACEUTICAL PREPARATIONS
4809,SFIX,RETAIL-CATALOG &amp; MAIL-ORDER HOUSES
4810,WAYN,Unknown
4811,YCBD,"PERFUMES, COSMETICS &amp; OTHER TOILET PREPARATIONS"
4812,CNNE,RETAIL-EATING &amp; DRINKING PLACES
4813,LOOP,CHEMICALS &amp; ALLIED PRODUCTS
4814,MVCD,Unknown
4815,ZOM,PHARMACEUTICAL PREPARATIONS
4816,RBBN,SERVICES-COMPUTER INTEGRATED SYSTEMS DESIGN
4817,CEIX,BITUMINOUS COAL &amp; LIGNITE MINING
4818,RETO,ABRASIVE ASBESTOS &amp; MISC NONMETALLIC MINERAL PRODUCTS
4819,BOXL,SERVICES-EDUCATIONAL SERVICES
4820,IHTA,Unknown
4821,SOJC,ELECTRIC SERVICES
4822,WSC,SERVICES-MISCELLANEOUS EQUIPMENT RENTAL &amp; LEASING
4823,ID,SERVICES-ADVERTISING AGENCIES
4824,BRPA,Unknown
4825,DTW,ELECTRIC SERVICES
4826,NRXP,PHARMACEUTICAL PREPARATIONS
4827,CURO,FINANCE SERVICES
4828,ODT,Unknown
4829,QTRX,LABORATORY ANALYTICAL INSTRUMENTS
4830,DNLI,BIOLOGICAL PRODUCTS (NO DIAGNOSTIC SUBSTANCES)
4831,LBC,STATE COMMERCIAL BANKS
4832,VVNT,"SERVICES-DETECTIVE, GUARD &amp; ARMORED CAR SERVICES"
4833,RILYG,INVESTMENT ADVICE
4834,CWBR,PHARMACEUTICAL PREPARATIONS
4835,NMRK,REAL ESTATE AGENTS &amp; MANAGERS (FOR OTHERS)
4836,BEBE,Unknown
4837,PFBX,STATE COMMERCIAL BANKS
4838,DOGZ,MISCELLANEOUS MANUFACTURING INDUSTRIES
4839,LX,FINANCE SERVICES
4840,ICLK,FINANCE SERVICES
4841,GLBR,Unknown
4842,CUE,PHARMACEUTICAL PREPARATIONS
4843,NTR,AGRICULTURE CHEMICALS
4844,REKR,"COMMUNICATIONS EQUIPMENT, NEC"
4845,ILPT,REAL ESTATE INVESTMENT TRUSTS
4846,LBRT,"OIL, GAS FIELD SERVICES, NBC"
4847,AAN,"SERVICES-EQUIPMENT RENTAL &amp; LEASING, NEC"
4848,ABDC,Unknown
4849,ABIL,Unknown
4850,ACEL,SERVICES-AMUSEMENT &amp; RECREATION SERVICES
4851,ACHN,SERVICES-DIRECT MAIL ADVERTISING SERVICES
4852,ACT,INSURANCE AGENTS BROKERS &amp; SERVICES
4853,ADRA,"WHOLESALE-DURABLE GOODS, NEC"
4854,ADRO,Unknown
4855,ADSW,Unknown
4856,AFGH,Unknown
4857,AFH,Unknown
4858,AGN,Unknown
4859,AI,SERVICES-PREPACKAGED SOFTWARE
4860,AIMT,Unknown
4861,AKCA,Unknown
4862,AKG,Unknown
4863,AKRX,Unknown
4864,AKS,Unknown
4865,ALO,Unknown
4866,AM,NATURAL GAS TRANSMISSION
4867,AMAG,Unknown
4868,AMJL,Unknown
4869,AMRX,PHARMACEUTICAL PREPARATIONS
4870,AMTD,FINANCE SERVICES
4871,AMU,Unknown
4872,ANAT,Unknown
4873,ANFI,Unknown
4874,AOBC,Unknown
4875,AON,INSURANCE AGENTS BROKERS &amp; SERVICES
4876,APEX,Unknown
4877,APHA,Unknown
4878,APO,INVESTMENT ADVICE
4879,ARCT,PHARMACEUTICAL PREPARATIONS
4880,ARES,INVESTMENT ADVICE
4881,ARNC,ROLLING DRAWING &amp; EXTRUDING OF NONFERROUS METALS
4882,ARPO,Unknown
4883,ARQL,Unknown
4884,ARTL,PHARMACEUTICAL PREPARATIONS
4885,ARTX,Unknown
4886,ASFI,Unknown
4887,ASNA,Unknown
4888,ASRT,PHARMACEUTICAL PREPARATIONS
4889,AUG,Unknown
4890,AVCO,SERVICES-COMPUTER PROGRAMMING SERVICES
4891,AVH,Unknown
4892,AVP,Unknown
4893,AVX,Unknown
4894,AVYA,SERVICES-PREPACKAGED SOFTWARE
4895,AXE,Unknown
4896,AXGT,Unknown
4897,AYR,Unknown
4898,BAS,Unknown
4899,BBQ,RETAIL-EATING PLACES
4900,BBT,Unknown
4901,BBX,Unknown
4902,BCOM,Unknown
4903,BCRH,Unknown
4904,BCTF,"SAVINGS INSTITUTION, FEDERALLY CHARTERED"
4905,BDCL,Unknown
4906,BDCS,Unknown
4907,BDXA,Unknown
4908,BGG,Unknown
4909,BHTG,Unknown
4910,BIOS,ELECTROMEDICAL &amp; ELECTROTHERAPEUTIC APPARATUS
4911,BITA,Unknown
4912,BKJ,Unknown
4913,BNTC,PHARMACEUTICAL PREPARATIONS
4914,BOLD,Unknown
4915,BPMX,Unknown
4916,BQH,Unknown
4917,BREW,Unknown
4918,BSGM,ELECTROMEDICAL &amp; ELECTROTHERAPEUTIC APPARATUS
4919,BURG,Unknown
4920,BVSN,Unknown
4921,BX,INVESTMENT ADVICE
4922,CARB,Unknown
4923,CARE,NATIONAL COMMERCIAL BANKS
4924,CARO,Unknown
4925,CART,Unknown
4926,CATS,Unknown
4927,CBD,RETAIL-GROCERY STORES
4928,CBL,REAL ESTATE INVESTMENT TRUSTS
4929,CBM,Unknown
4930,CBPX,Unknown
4931,CBS,Unknown
4932,CBS.A,Unknown
4933,CCCL,Unknown
4934,CCO,SERVICES-ADVERTISING
4935,CECO,Unknown
4936,CEFL,Unknown
4937,CETV,Unknown
4938,CG,INVESTMENT ADVICE
4939,CHK,CRUDE PETROLEUM &amp; NATURAL GAS
4940,CHKR,CRUDE PETROLEUM &amp; NATURAL GAS
4941,CIFS,Unknown
4942,CISN,Unknown
4943,CLUB,Unknown
4944,CNAT,Unknown
4945,CNXM,Unknown
4946,CNY,Unknown
4947,CORV,Unknown
4948,COT,Unknown
4949,CPL,Unknown
4950,CPTAG,Unknown
4951,CRC,CRUDE PETROLEUM &amp; NATURAL GAS
4952,CRCM,Unknown
4953,CRON,MEDICINAL CHEMICALS &amp; BOTANICAL PRODUCTS
4954,CRR,Unknown
4955,CRZO,Unknown
4956,CSFL,Unknown
4957,CSS,Unknown
4958,CTDD,TELEPHONE COMMUNICATIONS (NO RADIO TELEPHONE)
4959,CTL,Unknown
4960,CTRC,Unknown
4961,CTV,SERVICES-PREPACKAGED SOFTWARE
4962,CTZ,Unknown
4963,CUI,Unknown
4964,CUO,Unknown
4965,CVIA,Unknown
4966,CVTI,Unknown
4967,CY,Unknown
4968,CYOU,Unknown
4969,DAUD,Unknown
4970,DCAR,Unknown
4971,DCHF,Unknown
4972,DCIX,Unknown
4973,DELL,ELECTRONIC COMPUTERS
4974,DERM,PHARMACEUTICAL PREPARATIONS
4975,DEUR,Unknown
4976,DGAZ,Unknown
4977,DGBP,Unknown
4978,DGLD,Unknown
4979,DGSE,Unknown
4980,DHXM,Unknown
4981,DIVC,Unknown
4982,DJCI,Unknown
4983,DJPY,Unknown
4984,DLBS,Unknown
4985,DLPH,Unknown
4986,DMPI,Unknown
4987,DNI,Unknown
4988,DNR,Unknown
4989,DO,DRILLING OIL &amp; GAS WELLS
4990,DPLO,Unknown
4991,DRR,Unknown
4992,DSLV,Unknown
4993,DTO,Unknown
4994,DTQ,Unknown
4995,DTSS,SERVICES-PREPACKAGED SOFTWARE
4996,DTUL,Unknown
4997,DTUS,Unknown
4998,DTYL,Unknown
4999,DTYS,Unknown
5000,DVHL,Unknown
5001,DVYL,Unknown
5002,DWIN,SERVICES-COMMERCIAL PHYSICAL &amp; BIOLOGICAL RESEARCH
5003,DXB,Unknown
5004,EAB,Unknown
5005,EAE,Unknown
5006,ECA,Unknown
5007,ECCA,Unknown
5008,ECCY,Unknown
5009,ECOL,Unknown
5010,ECT,Unknown
5011,EE,NATURAL GAS DISTRIBUTION
5012,EEI,Unknown
5013,EFBI,"SAVINGS INSTITUTION, FEDERALLY CHARTERED"
5014,EFC,REAL ESTATE
5015,EGIF,Unknown
5016,ELGX,Unknown
5017,EMCG,BLANK CHECKS
5018,EMMS,RADIO BROADCASTING STATIONS
5019,ENFC,Unknown
5020,ENOB,PHARMACEUTICAL PREPARATIONS
5021,ENT,Unknown
5022,EQM,Unknown
5023,EQX,GOLD &amp; SILVER ORES
5024,ERA,Unknown
5025,ERI,Unknown
5026,EROS,Unknown
5027,ESGL,Unknown
5028,ESTR,Unknown
5029,ETFC,Unknown
5030,EVGN,AGRICULTURE CHEMICALS
5031,EVRG,ELECTRIC &amp; OTHER SERVICES COMBINED
5032,EVSI,Unknown
5033,EZT,Unknown
5034,FCBP,Unknown
5035,FCSC,Unknown
5036,FDEF,Unknown
5037,FFBW,"SAVINGS INSTITUTION, FEDERALLY CHARTERED"
5038,FG,LIFE INSURANCE
5039,FGP,Unknown
5040,FII,Unknown
5041,FLAT,Unknown
5042,FLNG,WATER TRANSPORTATION
5043,FNJN,Unknown
5044,FOMX,Unknown
5045,FORK,Unknown
5046,FSB,Unknown
5047,FSBC,STATE COMMERCIAL BANKS
5048,FSCT,Unknown
5049,FSV,REAL ESTATE
5050,FTEO,Unknown
5051,FTNW,Unknown
5052,FTR,Unknown
5053,GARS,Unknown
5054,GBLI,"FIRE, MARINE &amp; CASUALTY INSURANCE"
5055,GCAP,Unknown
5056,GCE,Unknown
5057,GDI,Unknown
5058,GEMP,Unknown
5059,GFY,Unknown
5060,GMO,Unknown
5061,GMZ,Unknown
5062,GNC,Unknown
5063,GNMX,Unknown
5064,GPOR,CRUDE PETROLEUM &amp; NATURAL GAS
5065,GRI,Unknown
5066,GRNQ,SERVICES-MANAGEMENT CONSULTING SERVICES
5067,GRUB,Unknown
5068,GSB,Unknown
5069,GSH,Unknown
5070,GTYH,Unknown
5071,GWR,Unknown
5072,HABT,Unknown
5073,HAO,Unknown
5074,HCR,Unknown
5075,HDLV,Unknown
5076,HEBT,Unknown
5077,HESM,CRUDE PETROLEUM &amp; NATURAL GAS
5078,HEXO,MEDICINAL CHEMICALS &amp; BOTANICAL PRODUCTS
5079,HHS,SERVICES-DIRECT MAIL ADVERTISING SERVICES
5080,HHT,Unknown
5081,HIIQ,Unknown
5082,HJV,Unknown
5083,HOML,Unknown
5084,HONE,STATE COMMERCIAL BANKS
5085,HOS,Unknown
5086,HTZ,SERVICES-AUTO RENTAL &amp; LEASING (NO DRIVERS)
5087,I,Unknown
5088,IAC,"SERVICES-COMPUTER PROGRAMMING, DATA PROCESSING, ETC."
5089,IBKC,Unknown
5090,IBKCO,Unknown
5091,IBKCP,Unknown
5092,IDSA,Unknown
5093,IMMU,Unknown
5094,INAP,Unknown
5095,INB,Unknown
5096,INF,Unknown
5097,INNT,Unknown
5098,INR,Unknown
5099,INST,SERVICES-PREPACKAGED SOFTWARE
5100,INWK,Unknown
5101,INXN,Unknown
5102,IOTS,Unknown
5103,IPHS,Unknown
5104,ISG,Unknown
5105,JAG,Unknown
5106,JASN,Unknown
5107,JBN,Unknown
5108,JBR,Unknown
5109,JCAP,Unknown
5110,JCP,Unknown
5111,JEC,Unknown
5112,JHY,Unknown
5113,JMEI,Unknown
5114,JMF,Unknown
5115,JMLP,Unknown
5116,JMPD,Unknown
5117,JMT,Unknown
5118,JMU,Unknown
5119,KBLM,Unknown
5120,KGJI,"SERVICES-BUSINESS SERVICES, NEC"
5121,KMPH,PHARMACEUTICAL PREPARATIONS
5122,KTP,Unknown
5123,LBDC,Unknown
5124,LBY,Unknown
5125,LGC,Unknown
5126,LIN,INDUSTRIAL INORGANIC CHEMICALS
5127,LKSD,Unknown
5128,LLEX,Unknown
5129,LM,Unknown
5130,LMHA,Unknown
5131,LMHB,Unknown
5132,LMLP,Unknown
5133,LOGM,Unknown
5134,LONE,Unknown
5135,LOR,Unknown
5136,LPT,Unknown
5137,LRET,Unknown
5138,LTM,Unknown
5139,LTS,Unknown
5140,LTSL,"SECURITY BROKERS, DEALERS &amp; FLOTATION COMPANIES"
5141,MAXR,RADIO &amp; TV BROADCASTING &amp; COMMUNICATIONS EQUIPMENT
5142,MCBS,STATE COMMERCIAL BANKS
5143,MCX,Unknown
5144,MDCO,Unknown
5145,MDR,Unknown
5146,MDU,"MINING, QUARRYING OF NONMETALLIC MINERALS (NO FUELS)"
5147,MEET,Unknown
5148,MFSF,Unknown
5149,MICR,ELECTROMEDICAL &amp; ELECTROTHERAPEUTIC APPARATUS
5150,MINI,Unknown
5151,MJCO,Unknown
5152,MLNT,Unknown
5153,MLNX,Unknown
5154,MLPC,Unknown
5155,MLPE,Unknown
5156,MLPG,Unknown
5157,MLPQ,Unknown
5158,MLPZ,Unknown
5159,MMAC,Unknown
5160,MNE,Unknown
5161,MNI,Unknown
5162,MNK,Unknown
5163,MNTA,Unknown
5164,MORL,Unknown
5165,MOSC,Unknown
5166,MPVD,Unknown
5167,MR,Unknown
5168,MRIC,Unknown
5169,MRRL,Unknown
5170,MSBF,Unknown
5171,MSG,Unknown
5172,MSON,Unknown
5173,MTCH,"SERVICES-COMPUTER PROGRAMMING, DATA PROCESSING, ETC."
5174,MTFB,Unknown
5175,MYL,Unknown
5176,MYOK,Unknown
5177,MYOS,Unknown
5178,NAKD,Unknown
5179,NBL,Unknown
5180,NBN,Unknown
5181,NE,DRILLING OIL &amp; GAS WELLS
5182,NIHD,Unknown
5183,NLNK,Unknown
5184,NMRD,SURGICAL &amp; MEDICAL INSTRUMENTS &amp; APPARATUS
5185,NSCO,Unknown
5186,NTRSP,Unknown
5187,NTX,Unknown
5188,NWN,NATURAL GAS DISTRIBUTION
5189,OAS,Unknown
5190,OBE,CRUDE PETROLEUM &amp; NATURAL GAS
5191,OCSLL,Unknown
5192,OGI,PHARMACEUTICAL PREPARATIONS
5193,OHAI,Unknown
5194,OILX,Unknown
5195,OLEM,Unknown
5196,OMN,Unknown
5197,ONCE,Unknown
5198,ONDK,Unknown
5199,OPB,Unknown
5200,OSLE,Unknown
5201,OTTW,"SAVINGS INSTITUTION, FEDERALLY CHARTERED"
5202,PBBI,Unknown
5203,PEGI,Unknown
5204,PER,Unknown
5205,PFH,LIFE INSURANCE
5206,PFNX,Unknown
5207,PFSI,MORTGAGE BANKERS &amp; LOAN CORRESPONDENTS
5208,PGNX,Unknown
5209,PIR,Unknown
5210,PIY,Unknown
5211,PJC,Unknown
5212,PJH,Unknown
5213,PLAG,"CANNED, FROZEN &amp; PRESERVED FRUIT, VEG &amp; FOOD SPECIALTIES"
5214,PLL,"MINING, QUARRYING OF NONMETALLIC MINERALS (NO FUELS)"
5215,PMTS,COMMERCIAL PRINTING
5216,POL,"RETAIL-HOME FURNITURE, FURNISHINGS &amp; EQUIPMENT STORES"
5217,POPE,Unknown
5218,PPLN,Unknown
5219,PRH,LIFE INSURANCE
5220,PROF,SURGICAL &amp; MEDICAL INSTRUMENTS &amp; APPARATUS
5221,PRTO,Unknown
5222,PSDO,Unknown
5223,PSV,Unknown
5224,PTLA,Unknown
5225,PUB,Unknown
5226,PVBC,"SAVINGS INSTITUTIONS, NOT FEDERALLY CHARTERED"
5227,PWFL,"COMMUNICATIONS EQUIPMENT, NEC"
5228,PYX,Unknown
5229,QBAK,MAGNETIC &amp; OPTICAL RECORDING MEDIA
5230,QHC,Unknown
5231,QTRH,Unknown
5232,RAMP,SERVICES-COMPUTER PROCESSING &amp; DATA PREPARATION
5233,RARX,Unknown
5234,RBS,Unknown
5235,RBZ,Unknown
5236,RCEL,SURGICAL &amp; MEDICAL INSTRUMENTS &amp; APPARATUS
5237,RECN,Unknown
5238,REXN,Unknown
5239,RIF,Unknown
5240,ROAN,Unknown
5241,ROSE,BLANK CHECKS
5242,ROYT,Unknown
5243,RRTS,ARRANGEMENT OF TRANSPORTATION OF FREIGHT &amp; CARGO
5244,RSF,Unknown
5245,RST,Unknown
5246,RTIX,Unknown
5247,RTN,Unknown
5248,RTRX,Unknown
5249,RTTR,Unknown
5250,RTW,Unknown
5251,RUBI,Unknown
5252,S,SERVICES-PREPACKAGED SOFTWARE
5253,SAB,Unknown
5254,SAEX,Unknown
5255,SAUC,Unknown
5256,SBBX,Unknown
5257,SBFGP,Unknown
5258,SBGL,Unknown
5259,SBNA,Unknown
5260,SBPH,Unknown
5261,SCA,Unknown
5262,SCON,Unknown
5263,SCU,INVESTMENT ADVICE
5264,SDI,Unknown
5265,SDYL,Unknown
5266,SERV,Unknown
5267,SES,"MISCELLANEOUS ELECTRICAL MACHINERY, EQUIPMENT &amp; SUPPLIES"
5268,SFET,SERVICES-PREPACKAGED SOFTWARE
5269,SGB,Unknown
5270,SHLO,Unknown
5271,SILV,GOLD &amp; SILVER ORES
5272,SITO,Unknown
5273,SKYS,Unknown
5274,SMHD,Unknown
5275,SMMT,PHARMACEUTICAL PREPARATIONS
5276,SMRT,SERVICES-COMPUTER INTEGRATED SYSTEMS DESIGN
5277,SNDE,Unknown
5278,SNH,Unknown
5279,SNHNI,Unknown
5280,SNNA,Unknown
5281,SOJA,Unknown
5282,SOLO,MOTOR VEHICLES &amp; PASSENGER CAR BODIES
5283,SORL,Unknown
5284,SPAR,Unknown
5285,SPEX,Unknown
5286,SRCI,Unknown
5287,SRF,Unknown
5288,SSI,Unknown
5289,SSW,Unknown
5290,SSWA,Unknown
5291,STI,Unknown
5292,STML,Unknown
5293,STON,SERVICES-PERSONAL SERVICES
5294,STPP,Unknown
5295,TA,RETAIL-AUTO DEALERS &amp; GASOLINE STATIONS
5296,TALO,CRUDE PETROLEUM &amp; NATURAL GAS
5297,TANNI,RETAIL-AUTO DEALERS &amp; GASOLINE STATIONS
5298,TAST,RETAIL-EATING PLACES
5299,TCRD,Unknown
5300,TCRZ,Unknown
5301,TECD,Unknown
5302,TERP,Unknown
5303,TEUM,SERVICES-COMPUTER INTEGRATED SYSTEMS DESIGN
5304,TGE,Unknown
5305,TGEN,AIR COND &amp; WARM AIR HEATING EQUIP &amp; COMM &amp; INDL REFRIG EQUIP
5306,THGA,Unknown
5307,TIVO,Unknown
5308,TLF,LEATHER &amp; LEATHER PRODUCTS
5309,TLI,Unknown
5310,TLRA,Unknown
5311,TLRD,Unknown
5312,TMHC,OPERATIVE BUILDERS
5313,TMSR,Unknown
5314,TOCA,Unknown
5315,TOO,Unknown
5316,TRCB,Unknown
5317,TRNX,"SPECIAL INDUSTRY MACHINERY, NEC"
5318,TROV,Unknown
5319,TRPX,Unknown
5320,TSG,Unknown
5321,TSLF,Unknown
5322,TSU,Unknown
5323,TTPH,Unknown
5324,TUES,Unknown
5325,TVIX,Unknown
5326,TWMC,Unknown
5327,UAUD,Unknown
5328,UCFC,Unknown
5329,UCHF,Unknown
5330,UCI,Unknown
5331,UEUR,Unknown
5332,UGAZ,Unknown
5333,UGBP,Unknown
5334,UGLD,Unknown
5335,UJPY,Unknown
5336,UN,Unknown
5337,UNT,Unknown
5338,URR,Unknown
5339,USLV,Unknown
5340,UTX,Unknown
5341,UZB,Unknown
5342,VAL,DRILLING OIL &amp; GAS WELLS
5343,VCIF,Unknown
5344,VERB,SERVICES-PERSONAL SERVICES
5345,VIAB,Unknown
5346,VICI,REAL ESTATE INVESTMENT TRUSTS
5347,VIIX,Unknown
5348,VIV,TELEPHONE COMMUNICATIONS (NO RADIO TELEPHONE)
5349,VLRX,Unknown
5350,VMD,"SERVICES-MISC HEALTH &amp; ALLIED SERVICES, NEC"
5351,VQT,Unknown
5352,VRML,Unknown
5353,VSI,Unknown
5354,VSLR,Unknown
5355,VVUS,Unknown
5356,WAAS,Unknown
5357,WAIR,Unknown
5358,WBC,Unknown
5359,WCG,Unknown
5360,WEBK,Unknown
5361,WINS,Unknown
5362,WLH,Unknown
5363,WLL,Unknown
5364,WMGI,Unknown
5365,WRLS,Unknown
5366,WSTL,TELEPHONE &amp; TELEGRAPH APPARATUS
5367,WTR,Unknown
5368,WUBA,Unknown
5369,XAIR,SURGICAL &amp; MEDICAL INSTRUMENTS &amp; APPARATUS
5370,XOG,Unknown
5371,XON,Unknown
5372,XRF,Unknown
5373,XRX,"COMPUTER PERIPHERAL EQUIPMENT, NEC"
5374,YIN,Unknown
5375,YUMA,Unknown
5376,ZAYO,Unknown
5377,ZBIO,Unknown
5378,ZBK,Unknown
5379,ZFGN,Unknown
5380,ZION,NATIONAL COMMERCIAL BANKS
5381,ZIV,Unknown
5382,ZN,Unknown
5383,IFS,"COMMERCIAL BANKS, NEC"
5384,VXX,"COMMERCIAL BANKS, NEC"
5385,VXZ,"COMMERCIAL BANKS, NEC"
5386,COLD,REAL ESTATE INVESTMENT TRUSTS
5387,NINE,"OIL, GAS FIELD SERVICES, NBC"
5388,RWGE,Unknown
5389,FNGD,"COMMERCIAL BANKS, NEC"
5390,PAGS,SERVICES-COMPUTER PROCESSING &amp; DATA PREPARATION
5391,AGS,MISCELLANEOUS MANUFACTURING INDUSTRIES
5392,EYEN,PHARMACEUTICAL PREPARATIONS
5393,GTES,GENERAL INDUSTRIAL MACHINERY &amp; EQUIPMENT
5394,MNLO,Unknown
5395,SLDB,BIOLOGICAL PRODUCTS (NO DIAGNOSTIC SUBSTANCES)
5396,TORC,Unknown
5397,CLGN,"ORTHOPEDIC, PROSTHETIC &amp; SURGICAL APPLIANCES &amp; SUPPLIES"
5398,CAAP,"AIRPORTS, FLYING FIELDS &amp; AIRPORT TERMINAL SERVICES"
5399,CLNC,Unknown
5400,HUD,Unknown
5401,OSS,ELECTRONIC COMPUTERS
5402,SLGL,PHARMACEUTICAL PREPARATIONS
5403,CEPU,ELECTRIC SERVICES
5404,FTSI,Unknown
5405,EOLS,PHARMACEUTICAL PREPARATIONS
5406,CDLX,"SERVICES-COMPUTER PROGRAMMING, DATA PROCESSING, ETC."
5407,HMI,Unknown
5408,VCTR,INVESTMENT ADVICE
5409,WHD,OIL &amp; GAS FILED MACHINERY &amp; EQUIPMENT
5410,QES,Unknown
5411,BFRA,Unknown
5412,MOTS,SURGICAL &amp; MEDICAL INSTRUMENTS &amp; APPARATUS
5413,FAMI,"CANNED, FRUITS, VEG &amp; PRESERVES, JAMS &amp; JELLIES"
5414,NEWTI,Unknown
5415,TRMD,DEEP SEA FOREIGN TRANSPORTATION OF FREIGHT
5416,AFGE,"FIRE, MARINE &amp; CASUALTY INSURANCE"
5417,AGNCB,Unknown
5418,AREX,Unknown
5419,ATIS,Unknown
5420,CELG,Unknown
5421,DF,Unknown
5422,DKT,Unknown
5423,DNBF,Unknown
5424,DOVA,Unknown
5425,GIG,Unknown
5426,GJV,Unknown
5427,JHD,Unknown
5428,KEG,Unknown
5429,KERN,FINANCE SERVICES
5430,LACQ,Unknown
5431,MCRN,Unknown
5432,NEWM,Unknown
5433,NNC,Unknown
5434,NTC,Unknown
5435,NVTR,Unknown
5436,NYNY,Unknown
5437,OLBK,Unknown
5438,ORIT,Unknown
5439,PPDF,Unknown
5440,SDR,Unknown
5441,SDT,Unknown
5442,SWJ,Unknown
5443,TPGH,Unknown
5444,ZF,Unknown
5445,AREC,BITUMINOUS COAL &amp; LIGNITE MINING
5446,PACK,CONVERTED PAPER &amp; PAPERBOARD PRODS (NO CONTAINERS/BOXES)
5447,NEBU,Unknown
5448,AIZP,Unknown
5449,BTAI,PHARMACEUTICAL PREPARATIONS
5450,CMSA,ELECTRIC &amp; OTHER SERVICES COMBINED
5451,GLIBA,Unknown
5452,GPAQ,Unknown
5453,MUDS,RETAIL-MISCELLANEOUS RETAIL
5454,BWB,STATE COMMERCIAL BANKS
5455,RCUS,PHARMACEUTICAL PREPARATIONS
5456,AIHS,SERVICES-AUTO RENTAL &amp; LEASING (NO DRIVERS)
5457,FIYY,Unknown
5458,LAZY,RETAIL-AUTO DEALERS &amp; GASOLINE STATIONS
5459,TSCAP,Unknown
5460,ZS,SERVICES-COMPUTER PROGRAMMING SERVICES
5461,DNJR,Unknown
5462,BIOX,AGRICULTURE CHEMICALS
5463,DBX,SERVICES-PREPACKAGED SOFTWARE
5464,STG,SERVICES-EDUCATIONAL SERVICES
5465,OPES,Unknown
5466,RDVT,SERVICES-PREPACKAGED SOFTWARE
5467,FFEU,Unknown
5468,GHG,HOTELS &amp; MOTELS
5469,RFL,PHARMACEUTICAL PREPARATIONS
5470,BILI,SERVICES-COMPUTER PROCESSING &amp; DATA PREPARATION
5471,FIXX,PHARMACEUTICAL PREPARATIONS
5472,GNPX,PHARMACEUTICAL PREPARATIONS
5473,IQ,SERVICES-VIDEO TAPE RENTAL
5474,UMRX,Unknown
5475,FRLG,Unknown
5476,SPOT,RADIO BROADCASTING STATIONS
5477,BFST,STATE COMMERCIAL BANKS
5478,TIBR,Unknown
5479,ZUO,SERVICES-PREPACKAGED SOFTWARE
5480,AABA,Unknown
5481,AAC,FABRICATED PLATE WORK (BOILER SHOPS)
5482,AEH,Unknown
5483,ALDR,Unknown
5484,ATAI,PHARMACEUTICAL PREPARATIONS
5485,ATU,Unknown
5486,AUO,Unknown
5487,AWSM,Unknown
5488,BHGE,Unknown
5489,BID,Unknown
5490,BPL,Unknown
5491,CJ,Unknown
5492,CTRP,Unknown
5493,CTWS,Unknown
5494,CUR,Unknown
5495,CVRS,Unknown
5496,DEST,Unknown
5497,DRYS,Unknown
5498,EGI,Unknown
5499,FELP,Unknown
5500,FRAC,Unknown
5501,GHDX,Unknown
5502,HAIR,Unknown
5503,HCP,SERVICES-COMPUTER PROGRAMMING SERVICES
5504,HPJ,Unknown
5505,IDSY,Unknown
5506,IPOA,Unknown
5507,ISCA,Unknown
5508,ISRL,BLANK CHECKS
5509,LHC,RADIO &amp; TV BROADCASTING &amp; COMMUNICATIONS EQUIPMENT
5510,LTXB,Unknown
5511,MAMS,Unknown
5512,MDSO,Unknown
5513,NANO,Unknown
5514,NCI,Unknown
5515,NRCG,Unknown
5516,NVLN,Unknown
5517,OTIV,Unknown
5518,PNTR,Unknown
5519,ROX,Unknown
5520,RTEC,Unknown
5521,RVEN,Unknown
5522,RVLT,Unknown
5523,SHOS,Unknown
5524,SLNG,NATURAL GAS DISTRIBUTION
5525,SSFN,Unknown
5526,STNL,Unknown
5527,SYMC,Unknown
5528,TCGP,Unknown
5529,TOWR,Unknown
5530,TTS,Unknown
5531,TYPE,Unknown
5532,UBNK,Unknown
5533,VSM,Unknown
5534,LRAD,Unknown
5535,NVT,SPECIAL INDUSTRY MACHINERY (NO METALWORKING MACHINERY)
5536,AGMH,SERVICES-COMPUTER PROGRAMMING SERVICES
5537,EAF,ELECTRICAL INDUSTRIAL APPARATUS
5538,SURF,BIOLOGICAL PRODUCTS (NO DIAGNOSTIC SUBSTANCES)
5539,CLBK,"SAVINGS INSTITUTION, FEDERALLY CHARTERED"
5540,LEVL,Unknown
5541,PVTL,Unknown
5542,ENBA,PIPE LINES (NO NATURAL GAS)
5543,CDAY,SERVICES-PREPACKAGED SOFTWARE
5544,LASR,SEMICONDUCTORS &amp; RELATED DEVICES
5545,APY,Unknown
5546,DOCU,SERVICES-PREPACKAGED SOFTWARE
5547,GSHD,INSURANCE AGENTS BROKERS &amp; SERVICES
5548,SMAR,SERVICES-PREPACKAGED SOFTWARE
5549,ECCX,Unknown
5550,BH.A,Unknown
5551,PRT,CRUDE PETROLEUM &amp; NATURAL GAS
5552,RCP,Unknown
5553,HCXZ,Unknown
5554,INSP,SURGICAL &amp; MEDICAL INSTRUMENTS &amp; APPARATUS
5555,UBX,PHARMACEUTICAL PREPARATIONS
5556,ASLN,PHARMACEUTICAL PREPARATIONS
5557,CBLK,Unknown
5558,JRSH,APPAREL &amp; OTHER FINISHED PRODS OF FABRICS &amp; SIMILAR MATERIAL
5559,ROAD,HEAVY CONSTRUCTION OTHER THAN BUILDING CONST - CONTRACTORS
5560,STXB,Unknown
5561,EVLO,PHARMACEUTICAL PREPARATIONS
5562,OBNK,STATE COMMERCIAL BANKS
5563,EQH,INSURANCE AGENTS BROKERS &amp; SERVICES
5564,VAM,Unknown
5565,HUYA,"SERVICES-COMPUTER PROGRAMMING, DATA PROCESSING, ETC."
5566,PS,Unknown
5567,RTL,REAL ESTATE INVESTMENT TRUSTS
5568,SMTA,Unknown
5569,RILYH,Unknown
5570,WH,HOTELS &amp; MOTELS
5571,BORR,DRILLING OIL &amp; GAS WELLS
5572,FEUL,Unknown
5573,XCUR,PHARMACEUTICAL PREPARATIONS
5574,EVOP,"SERVICES-BUSINESS SERVICES, NEC"
5575,CLPS,SERVICES-PREPACKAGED SOFTWARE
5576,DFBH,Unknown
5577,GSKY,"SERVICES-BUSINESS SERVICES, NEC"
5578,KNSA,PHARMACEUTICAL PREPARATIONS
5579,PRSP,Unknown
5580,SRRK,BIOLOGICAL PRODUCTS (NO DIAGNOSTIC SUBSTANCES)
5581,ITRM,PHARMACEUTICAL PREPARATIONS
5582,PACQ,Unknown
5583,WRTC,Unknown
5584,CPLG,Unknown
5585,EDRY,WATER TRANSPORTATION
5586,HJLI,Unknown
5587,TMCX,Unknown
5588,LTSF,Unknown
5589,AMR,BITUMINOUS COAL &amp; LIGNITE SURFACE MINING
5590,AQ,Unknown
5591,ARCI,Unknown
5592,ASV,Unknown
5593,BT,Unknown
5594,CCA,Unknown
5595,CCNI,Unknown
5596,CHSP,Unknown
5597,CNTF,Unknown
5598,CRAY,Unknown
5599,DAVE,FINANCE SERVICES
5600,DFRG,Unknown
5601,EMCI,Unknown
5602,FNSR,Unknown
5603,FRED,Unknown
5604,HPT,Unknown
5605,HSGX,Unknown
5606,IMI,Unknown
5607,JMPB,Unknown
5608,MMDM,Unknown
5609,MSL,Unknown
5610,NRE,Unknown
5611,OAK,Unknown
5612,OZM,Unknown
5613,PRME,Unknown
5614,SFLY,Unknown
5615,SKIS,Unknown
5616,SPN,Unknown
5617,TRCO,Unknown
5618,TRK,Unknown
5619,TSS,Unknown
5620,BKTI,RADIO &amp; TV BROADCASTING &amp; COMMUNICATIONS EQUIPMENT
5621,MGTX,BIOLOGICAL PRODUCTS (NO DIAGNOSTIC SUBSTANCES)
5622,VNE,Unknown
5623,VTIQ,BLANK CHECKS
5624,AMAL,STATE COMMERCIAL BANKS
5625,TDAC,BLANK CHECKS
5626,CHRA,HAZARDOUS WASTE MANAGEMENT
5627,USX,TRUCKING (NO LOCAL)
5628,AVLR,SERVICES-PREPACKAGED SOFTWARE
5629,NEW,Unknown
5630,VRCA,PHARMACEUTICAL PREPARATIONS
5631,UNMA,ACCIDENT &amp; HEALTH INSURANCE
5632,EIDX,Unknown
5633,ESGRP,"FIRE, MARINE &amp; CASUALTY INSURANCE"
5634,APTX,PHARMACEUTICAL PREPARATIONS
5635,AVRO,BIOLOGICAL PRODUCTS (NO DIAGNOSTIC SUBSTANCES)
5636,EPRT,REAL ESTATE INVESTMENT TRUSTS
5637,HYGS,Unknown
5638,IIIV,SERVICES-PREPACKAGED SOFTWARE
5639,KZR,PHARMACEUTICAL PREPARATIONS
5640,MGTA,PHARMACEUTICAL PREPARATIONS
5641,XERS,PHARMACEUTICAL PREPARATIONS
5642,AUTL,BIOLOGICAL PRODUCTS (NO DIAGNOSTIC SUBSTANCES)
5643,ECOR,ELECTROMEDICAL &amp; ELECTROTHERAPEUTIC APPARATUS
5644,RVI,Unknown
5645,FPAC,FINANCE SERVICES
5646,HYRE,SERVICES-AUTO RENTAL &amp; LEASING (NO DRIVERS)
5647,LOVE,RETAIL-FURNITURE STORES
5648,NTGN,Unknown
5649,UXIN,"SERVICES-BUSINESS SERVICES, NEC"
5650,BJ,RETAIL-VARIETY STORES
5651,ENTX,BIOLOGICAL PRODUCTS (NO DIAGNOSTIC SUBSTANCES)
5652,FTSV,Unknown
5653,STIM,SURGICAL &amp; MEDICAL INSTRUMENTS &amp; APPARATUS
5654,TCDA,PHARMACEUTICAL PREPARATIONS
5655,DOMO,SERVICES-PREPACKAGED SOFTWARE
5656,LFAC,BLANK CHECKS
5657,SDRL,Unknown
5658,GRAM,Unknown
5659,BROG,PETROLEUM REFINING
5660,MSVB,"SAVINGS INSTITUTION, FEDERALLY CHARTERED"
5661,RPAY,"SERVICES-BUSINESS SERVICES, NEC"
5662,CCB,STATE COMMERCIAL BANKS
5663,CRNX,PHARMACEUTICAL PREPARATIONS
5664,HCCH,Unknown
5665,RUBY,BIOLOGICAL PRODUCTS (NO DIAGNOSTIC SUBSTANCES)
5666,AFIN,Unknown
5667,ALLK,PHARMACEUTICAL PREPARATIONS
5668,CNST,Unknown
5669,ESTA,"ORTHOPEDIC, PROSTHETIC &amp; SURGICAL APPLIANCES &amp; SUPPLIES"
5670,MYFW,STATE COMMERCIAL BANKS
5671,TLRY,MEDICINAL CHEMICALS &amp; BOTANICAL PRODUCTS
5672,REPL,BIOLOGICAL PRODUCTS (NO DIAGNOSTIC SUBSTANCES)
5673,ADOM,Unknown
5674,AIY,Unknown
5675,APC,Unknown
5676,APU,Unknown
5677,AQXP,Unknown
5678,BIQI,Unknown
5679,BKS,Unknown
5680,BRAC,BLANK CHECKS
5681,CCIH,Unknown
5682,CLDC,Unknown
5683,CMFN,Unknown
5684,CNAC,Unknown
5685,DVCR,Unknown
5686,DYSL,"GLASS, GLASSWARE, PRESSED OR BLOWN"
5687,HEB,Unknown
5688,HIVE,FINANCE SERVICES
5689,HLTH,LABORATORY ANALYTICAL INSTRUMENTS
5690,IPIC,Unknown
5691,MBTF,Unknown
5692,MPO,Unknown
5693,OASM,Unknown
5694,PCMI,Unknown
5695,PES,Unknown
5696,SDLP,Unknown
5697,TMK,Unknown
5698,TST,Unknown
5699,UBNT,Unknown
5700,UPL,Unknown
5701,VICL,Unknown
5702,VISI,Unknown
5703,WAGE,Unknown
5704,CHAP,Unknown
5705,PRVB,PHARMACEUTICAL PREPARATIONS
5706,AQST,PHARMACEUTICAL PREPARATIONS
5707,BE,ELECTRICAL INDUSTRIAL APPARATUS
5708,BRY,CRUDE PETROLEUM &amp; NATURAL GAS
5709,CANG,SERVICES-PREPACKAGED SOFTWARE
5710,FOCS,INVESTMENT ADVICE
5711,JG,"SERVICES-COMPUTER PROGRAMMING, DATA PROCESSING, ETC."
5712,LQDA,PHARMACEUTICAL PREPARATIONS
5713,PDD,"SERVICES-BUSINESS SERVICES, NEC"
5714,TENB,SERVICES-PREPACKAGED SOFTWARE
5715,ADIL,PHARMACEUTICAL PREPARATIONS
5716,DAVA,SERVICES-COMPUTER PROGRAMMING SERVICES
5717,NFC,Unknown
5718,OPRA,SERVICES-PREPACKAGED SOFTWARE
5719,WISA,"SERVICES-BUSINESS SERVICES, NEC"
5720,GSAH,Unknown
5721,CMLS,RADIO BROADCASTING STATIONS
5722,CWK,REAL ESTATE
5723,FNGO,"COMMERCIAL BANKS, NEC"
5724,FNGZ,Unknown
5725,GNAF,Unknown
5726,SONO,HOUSEHOLD AUDIO &amp; VIDEO EQUIPMENT
5727,ARLO,"SERVICES-DETECTIVE, GUARD &amp; ARMORED CAR SERVICES"
5728,GLAC,Unknown
5729,TBC,TELEPHONE COMMUNICATIONS (NO RADIO TELEPHONE)
5730,VCNX,PHARMACEUTICAL PREPARATIONS
5731,MESA,"AIR TRANSPORTATION, SCHEDULED"
5732,ALGR,Unknown
5733,ARDS,PHARMACEUTICAL PREPARATIONS
5734,SIC,Unknown
5735,PYPE,NATIONAL COMMERCIAL BANKS
5736,PRS,LIFE INSURANCE
5737,LTSK,Unknown
5738,TOTA,Unknown
5739,BPR,Unknown
5740,AMTB,NATIONAL COMMERCIAL BANKS
5741,AMTBB,Unknown
5742,KLXE,"OIL, GAS FIELD SERVICES, NBC"
5743,SAF,Unknown
5744,AAV,Unknown
5745,ABAC,Unknown
5746,ABCD,Unknown
5747,ABX,Unknown
5748,ACET,PHARMACEUTICAL PREPARATIONS
5749,ACXM,Unknown
5750,AED,Unknown
5751,AET,Unknown
5752,AETI,Unknown
5753,AFSI,Unknown
5754,AFSS,Unknown
5755,AFST,Unknown
5756,AHL,Unknown
5757,AIPT,Unknown
5758,AKAO,Unknown
5759,AKP,Unknown
5760,ALN,Unknown
5761,ALQA,Unknown
5762,AMBR,Unknown
5763,AMCN,Unknown
5764,AMDA,Unknown
5765,AMGP,Unknown
5766,AMMA,Unknown
5767,ANCB,Unknown
5768,ANCX,Unknown
5769,ANDV,Unknown
5770,ANDX,Unknown
5771,ANW,Unknown
5772,AOI,Unknown
5773,APB,Unknown
5774,APF,Unknown
5775,APHB,Unknown
5776,APRI,Unknown
5777,APTI,Unknown
5778,ARCW,Unknown
5779,ARDM,Unknown
5780,ARII,Unknown
5781,ARRS,Unknown
5782,ARRY,MISCELLANEOUS MANUFACTURING INDUSTRIES
5783,ASCMA,Unknown
5784,ASNS,"COMMUNICATIONS EQUIPMENT, NEC"
5785,AST,Unknown
5786,ATHN,Unknown
5787,ATTU,Unknown
5788,AVHI,SERVICES-HEALTH SERVICES
5789,BABY,Unknown
5790,BALB,Unknown
5791,BBOX,Unknown
5792,BCAC,Unknown
5793,BEL,Unknown
5794,BFR,Unknown
5795,BHBK,Unknown
5796,BJO,Unknown
5797,BJZ,Unknown
5798,BKHU,Unknown
5799,BLH,Unknown
5800,BLMT,Unknown
5801,BMS,Unknown
5802,BNCL,Unknown
5803,BOFI,Unknown
5804,BOJA,Unknown
5805,BORN,Unknown
5806,BPK,Unknown
5807,BRS,Unknown
5808,BRSS,Unknown
5809,BSPM,Unknown
5810,BSTI,Unknown
5811,BVX,Unknown
5812,BXE,Unknown
5813,CADC,Unknown
5814,CALL,Unknown
5815,CASM,Unknown
5816,CAW,Unknown
5817,CBA,Unknown
5818,CBAK,Unknown
5819,CBK,Unknown
5820,CCE,Unknown
5821,CCT,Unknown
5822,CDTI,Unknown
5823,CGG,Unknown
5824,CHFC,Unknown
5825,CHKE,Unknown
5826,CIC,Unknown
5827,CLD,Unknown
5828,CMTA,Unknown
5829,COBZ,Unknown
5830,COL,Unknown
5831,COOL,BLANK CHECKS
5832,CORI,Unknown
5833,CQH,Unknown
5834,CTRL,Unknown
5835,CTRV,Unknown
5836,CVG,Unknown
5837,CVON,Unknown
5838,CVRR,Unknown
5839,CWAY,Unknown
5840,CYTR,BIOLOGICAL PRODUCTS (NO DIAGNOSTIC SUBSTANCES)
5841,CYTX,Unknown
5842,DAG,Unknown
5843,DATA,Unknown
5844,DCUD,Unknown
5845,DDE,Unknown
5846,DDR,Unknown
5847,DELT,Unknown
5848,DFBG,Unknown
5849,DHCP,Unknown
5850,DM,"SPECIAL INDUSTRY MACHINERY, NEC"
5851,DNB,"SERVICES-CONSUMER CREDIT REPORTING, COLLECTION AGENCIES"
5852,DOD,Unknown
5853,DOTA,Unknown
5854,DSW,Unknown
5855,DSXN,Unknown
5856,DTRM,Unknown
5857,DTV,Unknown
5858,DVMT,Unknown
5859,DWCH,Unknown
5860,DWDP,Unknown
5861,DYNC,Unknown
5862,EACQ,Unknown
5863,ECR,Unknown
5864,ECYT,Unknown
5865,EDGW,Unknown
5866,EDR,SERVICES-AMUSEMENT &amp; RECREATION SERVICES
5867,EEP,Unknown
5868,EEQ,Unknown
5869,EFII,Unknown
5870,EGC,Unknown
5871,EGL,Unknown
5872,EGLT,Unknown
5873,EGN,Unknown
5874,EHIC,Unknown
5875,EIA,Unknown
5876,EIO,Unknown
5877,EIP,Unknown
5878,EIV,Unknown
5879,ELLI,Unknown
5880,EMI,Unknown
5881,EMITF,Unknown
5882,EMJ,Unknown
5883,ENLK,Unknown
5884,EOCC,Unknown
5885,EPE,Unknown
5886,EQGP,Unknown
5887,ESES,Unknown
5888,ESIO,Unknown
5889,ESL,Unknown
5890,ESNC,Unknown
5891,ESND,Unknown
5892,ESRX,Unknown
5893,ESV,Unknown
5894,ETE,Unknown
5895,ETP,Unknown
5896,EVHC,Unknown
5897,EVJ,Unknown
5898,EVLV,"COMPUTER PERIPHERAL EQUIPMENT, NEC"
5899,EVO,PHARMACEUTICAL PREPARATIONS
5900,EVP,Unknown
5901,FBNK,Unknown
5902,FBR,Unknown
5903,FCB,Unknown
5904,FCE.A,Unknown
5905,FDC,Unknown
5906,FLKS,Unknown
5907,FOX,TELEVISION BROADCASTING STATIONS
5908,FOXA,TELEVISION BROADCASTING STATIONS
5909,FRSH,SERVICES-PREPACKAGED SOFTWARE
5910,FSAC,Unknown
5911,FSIC,Unknown
5912,FSNN,Unknown
5913,FTD,Unknown
5914,FWDI,Unknown
5915,GBNK,Unknown
5916,GFA,Unknown
5917,GG,Unknown
5918,GLF,Unknown
5919,GNBC,Unknown
5920,GOV,Unknown
5921,GOVNI,Unknown
5922,GPIC,Unknown
5923,GSHT,Unknown
5924,GSVC,Unknown
5925,GTXI,Unknown
5926,GYB,Unknown
5927,GZT,Unknown
5928,HBK,Unknown
5929,HCAC,Unknown
5930,HCLP,Unknown
5931,HDP,Unknown
5932,HFBC,Unknown
5933,HIFR,Unknown
5934,HK,Unknown
5935,HMNY,Unknown
5936,HMTA,Unknown
5937,HQCL,Unknown
5938,HRS,Unknown
5939,HTGX,Unknown
5940,IAM,Unknown
5941,IDTI,Unknown
5942,IIJI,Unknown
5943,IMDZ,Unknown
5944,IMMY,Unknown
5945,IMPV,Unknown
5946,IMUC,PHARMACEUTICAL PREPARATIONS
5947,INSY,Unknown
5948,INTX,Unknown
5949,IPAS,Unknown
5950,IPCI,Unknown
5951,ISF,Unknown
5952,ITG,Unknown
5953,ITUS,Unknown
5954,IVTY,Unknown
5955,JHA,Unknown
5956,JJAB,Unknown
5957,JJGB,Unknown
5958,JJSB,Unknown
5959,JMBA,Unknown
5960,JONE,Unknown
5961,JSYN,Unknown
5962,JTPY,Unknown
5963,KAAC,Unknown
5964,KANG,Unknown
5965,KAP,Unknown
5966,KCAP,Unknown
5967,KERX,Unknown
5968,KEYW,Unknown
5969,KLXEV,Unknown
5970,KLXI,Unknown
5971,KLXIV,Unknown
5972,KMG,Unknown
5973,KMM,Unknown
5974,KMPA,Unknown
5975,KONA,Unknown
5976,KONE,Unknown
5977,KORS,Unknown
5978,KS,Unknown
5979,KST,Unknown
5980,KTWO,Unknown
5981,LABL,Unknown
5982,LCA,BLANK CHECKS
5983,LDF,Unknown
5984,LEVB,Unknown
5985,LEXEA,Unknown
5986,LGCY,Unknown
5987,LHO,Unknown
5988,LION,BLANK CHECKS
5989,LKM,Unknown
5990,LLL,WHOLESALE-DURABLE GOODS
5991,LOXO,Unknown
5992,LPNT,Unknown
5993,LXFT,Unknown
5994,MAB,Unknown
5995,MB,Unknown
5996,MBFI,Unknown
5997,MBNAA,Unknown
5998,MBNAB,Unknown
5999,MELR,Unknown
6000,MFCB,Unknown
6001,MITL,Unknown
6002,MIW,Unknown
6003,MMV,SERVICES-PREPACKAGED SOFTWARE
6004,MNGA,Unknown
6005,MOC,Unknown
6006,MPAC,BLANK CHECKS
6007,MRT,Unknown
6008,MSF,Unknown
6009,MSP,Unknown
6010,MXWL,Unknown
6011,MYND,Unknown
6012,MZOR,Unknown
6013,NAO,Unknown
6014,NAP,Unknown
6015,NAUH,SERVICES-EDUCATIONAL SERVICES
6016,NAVG,Unknown
6017,NBD,Unknown
6018,NCOM,Unknown
6019,NCS,Unknown
6020,NDRO,Unknown
6021,NETS,Unknown
6022,NFEC,Unknown
6023,NFX,Unknown
6024,NLST,SEMICONDUCTORS &amp; RELATED DEVICES
6025,NSU,Unknown
6026,NTRI,Unknown
6027,NVMM,Unknown
6028,NWY,Unknown
6029,NXEO,Unknown
6030,NXTM,Unknown
6031,NYH,Unknown
6032,NYLD,Unknown
6033,NYLD.A,Unknown
6034,NYRT,Unknown
6035,OCLR,Unknown
6036,OHGI,Unknown
6037,OHRP,Unknown
6038,OLO,"SERVICES-BUSINESS SERVICES, NEC"
6039,OMED,"ORTHOPEDIC, PROSTHETIC &amp; SURGICAL APPLIANCES &amp; SUPPLIES"
6040,ONS,BLANK CHECKS
6041,OPHT,Unknown
6042,ORBK,Unknown
6043,ORIG,Unknown
6044,ORM,Unknown
6045,ORPN,Unknown
6046,OSIR,Unknown
6047,OVAS,Unknown
6048,P,Unknown
6049,PAH,Unknown
6050,PBSK,Unknown
6051,PDVW,Unknown
6052,PERY,Unknown
6053,PETX,Unknown
6054,PF,Unknown
6055,PGLC,Unknown
6056,PHH,Unknown
6057,PHII,Unknown
6058,PHIIK,Unknown
6059,PKD,Unknown
6060,PLLL,Unknown
6061,PNK,Unknown
6062,PRAN,Unknown
6063,PRSS,Unknown
6064,PTIE,Unknown
6065,PTX,Unknown
6066,PX,INVESTMENT ADVICE
6067,PYDS,Unknown
6068,QSII,Unknown
6069,QTM,Unknown
6070,QTNA,Unknown
6071,RDC,Unknown
6072,REIS,Unknown
6073,REN,Unknown
6074,RENX,Unknown
6075,RGSE,Unknown
6076,RHT,Unknown
6077,RLJE,Unknown
6078,RLM,Unknown
6079,RMGN,Unknown
6080,RNN,Unknown
6081,RSYS,Unknown
6082,RXII,Unknown
6083,SBBC,Unknown
6084,SBOT,Unknown
6085,SCAC,Unknown
6086,SCG,Unknown
6087,SEII,SERVICES-COMPUTER INTEGRATED SYSTEMS DESIGN
6088,SEND,Unknown
6089,SEP,Unknown
6090,SFS,Unknown
6091,SGGB,Unknown
6092,SGYP,Unknown
6093,SGZA,Unknown
6094,SHPG,Unknown
6095,SIR,Unknown
6096,SLD,Unknown
6097,SLDA,Unknown
6098,SLDD,Unknown
6099,SLTB,Unknown
6100,SN,Unknown
6101,SNHY,Unknown
6102,SNMX,Unknown
6103,SODA,Unknown
6104,SOFO,RADIO &amp; TV BROADCASTING &amp; COMMUNICATIONS EQUIPMENT
6105,SONC,Unknown
6106,SPA,Unknown
6107,SRCLP,Unknown
6108,SSC,Unknown
6109,SSLJ,Unknown
6110,SSWN,Unknown
6111,STBZ,Unknown
6112,SVU,Unknown
6113,SXCP,Unknown
6114,SXE,Unknown
6115,SYNT,Unknown
6116,TAHO,Unknown
6117,TBRG,Unknown
6118,TCRX,BIOLOGICAL PRODUCTS (NO DIAGNOSTIC SUBSTANCES)
6119,THST,Unknown
6120,TI,Unknown
6121,TI.A,Unknown
6122,TIK,Unknown
6123,TIS,Unknown
6124,TISA,Unknown
6125,TLP,Unknown
6126,TPIV,Unknown
6127,TPNL,Unknown
6128,TRNC,Unknown
6129,TSRO,Unknown
6130,TVPT,Unknown
6131,TWLV,BLANK CHECKS
6132,UBSH,Unknown
6133,UCBA,Unknown
6134,UQM,Unknown
6135,UWN,Unknown
6136,VEAC,Unknown
6137,VLP,Unknown
6138,VSAR,Unknown
6139,VTL,Unknown
6140,VTRB,Unknown
6141,VVC,Unknown
6142,VXXB,Unknown
6143,VZA,Unknown
6144,WEB,Unknown
6145,WF,"COMMERCIAL BANKS, NEC"
6146,WFT,Unknown
6147,WGP,Unknown
6148,WIN,Unknown
6149,WMIH,Unknown
6150,WMLP,Unknown
6151,WP,Unknown
6152,WRD,Unknown
6153,WSCI,Unknown
6154,WTW,INSURANCE AGENTS BROKERS &amp; SERVICES
6155,XCRA,Unknown
6156,XGTI,Unknown
6157,XL,ELECTRIC SERVICES
6158,XOXO,Unknown
6159,XRM,Unknown
6160,XSPL,Unknown
6161,YOGA,Unknown
6162,ZOES,Unknown
6163,AHPA,SERVICES-COMMERCIAL PHYSICAL &amp; BIOLOGICAL RESEARCH
6164,BDD,Unknown
6165,BJJN,Unknown
6166,BOM,Unknown
6167,CMSS,Unknown
6168,COWB,Unknown
6169,CZFC,Unknown
6170,FIEG,Unknown
6171,HUNT,Unknown
6172,HYAC,Unknown
6173,INDU,Unknown
6174,IRDMB,Unknown
6175,JJCB,Unknown
6176,JJMB,Unknown
6177,JJPB,Unknown
6178,JJTB,Unknown
6179,MTEC,Unknown
6180,SJIU,Unknown
6181,SWIN,Unknown
6182,WMW,Unknown
6183,BOS,Unknown
6184,GSD,Unknown
6185,JJEB,Unknown
6186,JJUB,Unknown
6187,OMAD,Unknown
6188,SOHOK,Unknown
6189,STLR,Unknown
6190,SZO,Unknown
6191,DYY,Unknown
6192,LEXEB,Unknown
6193,LTN,Unknown
6194,BHAC,BLANK CHECKS
6195,VXZB,Unknown
6196,GAZB,Unknown
6197,PGMB,Unknown
6198,AGF,Unknown
6199,AIMCV,Unknown
6200,ARCE,SERVICES-EDUCATIONAL SERVICES
6201,ARVN,PHARMACEUTICAL PREPARATIONS
6202,BHFAL,LIFE INSURANCE
6203,BNGO,LABORATORY ANALYTICAL INSTRUMENTS
6204,BSVN,STATE COMMERCIAL BANKS
6205,CBMB,Unknown
6206,CBNK,NATIONAL COMMERCIAL BANKS
6207,CTK,Unknown
6208,DUKB,ELECTRIC &amp; OTHER SERVICES COMBINED
6209,EB,"SERVICES-COMPUTER PROGRAMMING, DATA PROCESSING, ETC."
6210,EDNT,Unknown
6211,ELAN,PHARMACEUTICAL PREPARATIONS
6212,ETTX,Unknown
6213,FMCI,Unknown
6214,FTCH,"SERVICES-BUSINESS SERVICES, NEC"
6215,FTDR,SERVICES-TO DWELLINGS &amp; OTHER BUILDINGS
6216,GRTS,BIOLOGICAL PRODUCTS (NO DIAGNOSTIC SUBSTANCES)
6217,GTX,MOTOR VEHICLE PARTS &amp; ACCESSORIES
6218,HCXY,Unknown
6219,IFFT,Unknown
6220,LAIX,Unknown
6221,NIO,MOTOR VEHICLES &amp; PASSENGER CAR BODIES
6222,NMFX,Unknown
6223,PFFL,NATIONAL COMMERCIAL BANKS
6224,PRNB,Unknown
6225,QTT,"SERVICES-COMPUTER PROGRAMMING, DATA PROCESSING, ETC."
6226,QVCD,RETAIL-CATALOG &amp; MAIL-ORDER HOUSES
6227,RILYI,Unknown
6228,RMED,SURGICAL &amp; MEDICAL INSTRUMENTS &amp; APPARATUS
6229,STRO,BIOLOGICAL PRODUCTS (NO DIAGNOSTIC SUBSTANCES)
6230,SVMK,Unknown
6231,TKKS,Unknown
6232,UROV,Unknown
6233,VIOT,HOUSEHOLD APPLIANCES
6234,XYF,FINANCE SERVICES
6235,YI,RETAIL-DRUG STORES AND PROPRIETARY STORES
6236,YMAB,PHARMACEUTICAL PREPARATIONS
6237,CMSC,ELECTRIC &amp; OTHER SERVICES COMBINED
6238,MFAC,Unknown
6239,PNRL,Unknown
6240,KPFS,Unknown
6241,DDP,Unknown
6242,ALLO,BIOLOGICAL PRODUCTS (NO DIAGNOSTIC SUBSTANCES)
6243,AQNA,ELECTRIC SERVICES
6244,AXNX,SURGICAL &amp; MEDICAL INSTRUMENTS &amp; APPARATUS
6245,EDTX,BLANK CHECKS
6246,EQ,PHARMACEUTICAL PREPARATIONS
6247,ESTC,SERVICES-PREPACKAGED SOFTWARE
6248,GH,SERVICES-MEDICAL LABORATORIES
6249,GMDA,BIOLOGICAL PRODUCTS (NO DIAGNOSTIC SUBSTANCES)
6250,KOD,BIOLOGICAL PRODUCTS (NO DIAGNOSTIC SUBSTANCES)
6251,LOGC,BIOLOGICAL PRODUCTS (NO DIAGNOSTIC SUBSTANCES)
6252,LTHM,CHEMICALS &amp; ALLIED PRODUCTS
6253,MSC,HOTELS &amp; MOTELS
6254,NIU,MOTOR VEHICLES &amp; PASSENGER CAR BODIES
6255,OCCI,Unknown
6256,ORTX,BIOLOGICAL PRODUCTS (NO DIAGNOSTIC SUBSTANCES)
6257,OSMT,Unknown
6258,PHAS,PHARMACEUTICAL PREPARATIONS
6259,PLAN,Unknown
6260,REZI,WHOLESALE-HARDWARE
6261,RMI,Unknown
6262,SIBN,SURGICAL &amp; MEDICAL INSTRUMENTS &amp; APPARATUS
6263,STNE,SERVICES-COMPUTER PROCESSING &amp; DATA PREPARATION
6264,SWI,SERVICES-PREPACKAGED SOFTWARE
6265,TCRW,Unknown
6266,TWST,BIOLOGICAL PRODUCTS (NO DIAGNOSTIC SUBSTANCES)
6267,UPWK,SERVICES-COMPUTER PROCESSING &amp; DATA PREPARATION
6268,YETI,Unknown
6269,AADI,PHARMACEUTICAL PREPARATIONS
6270,ACA,FABRICATED STRUCTURAL METAL PRODUCTS
6271,ACGN,Unknown
6272,ADEA,Unknown
6273,ALNT,Unknown
6274,ALYA,"SERVICES-COMPUTER PROGRAMMING, DATA PROCESSING, ETC."
6275,ANTH,Unknown
6276,ASAP,Unknown
6277,ASTI,SEMICONDUCTORS &amp; RELATED DEVICES
6278,ATLX,Unknown
6279,AUID,SERVICES-PREPACKAGED SOFTWARE
6280,AULT,Unknown
6281,AVTX,PHARMACEUTICAL PREPARATIONS
6282,BAL,"COMMERCIAL BANKS, NEC"
6283,BALL,METAL CANS
6284,BBIG,"GAMES, TOYS &amp; CHILDREN&#39;S VEHICLES (NO DOLLS &amp; BICYCLES)"
6285,BDRX,Unknown
6286,BFH,PERSONAL CREDIT INSTITUTIONS
6287,BHRB,Unknown
6288,BMTX,STATE COMMERCIAL BANKS
6289,BN,Unknown
6290,BPYU,Unknown
6291,BRSP,REAL ESTATE INVESTMENT TRUSTS
6292,BTBT,FINANCE SERVICES
6293,BTCM,FINANCE SERVICES
6294,BVFL,"SAVINGS INSTITUTION, FEDERALLY CHARTERED"
6295,BYU,Unknown
6296,CARM,Unknown
6297,CBUS,Unknown
6298,CCUR,Unknown
6299,CDP,SERVICES-COMPUTER PROCESSING &amp; DATA PREPARATION
6300,CELZ,BIOLOGICAL PRODUCTS (NO DIAGNOSTIC SUBSTANCES)
6301,CENN,MOTOR VEHICLES &amp; PASSENGER CAR BODIES
6302,CETY,NATURAL GAS DISTRIBUTION
6303,CHX,"CONSTRUCTION, MINING &amp; MATERIALS HANDLING MACHINERY &amp; EQUIP"
6304,CLMB,Unknown
6305,CNNB,"SAVINGS INSTITUTION, FEDERALLY CHARTERED"
6306,CNVS,Unknown
6307,COGT,PHARMACEUTICAL PREPARATIONS
6308,COSM,WHOLESALE-DRUGS PROPRIETARIES &amp; DRUGGISTS&#39; SUNDRIES
6309,COW,"COMMERCIAL BANKS, NEC"
6310,CRVO,Unknown
6311,DINO,PIPE LINES (NO NATURAL GAS)
6312,DNTH,Unknown
6313,DSGR,"WHOLESALE-MACHINERY, EQUIPMENT &amp; SUPPLIES"
6314,EG,Unknown
6315,ELME,Unknown
6316,ELV,HOSPITAL &amp; MEDICAL SERVICE PLANS
6317,EQFN,Unknown
6318,ERNA,Unknown
6319,ESOA,"WATER, SEWER, PIPELINE, COMM AND POWER LINE CONSTRUCTION"
6320,ETRN,NATURAL GAS TRANSMISSION
6321,FBIN,Unknown
6322,FCUV,"INDUSTRIAL INSTRUMENTS FOR MEASUREMENT, DISPLAY, AND CONTROL"
6323,FRGT,ARRANGEMENT OF TRANSPORTATION OF FREIGHT &amp; CARGO
6324,FTLF,MEDICINAL CHEMICALS &amp; BOTANICAL PRODUCTS
6325,FWBI,PHARMACEUTICAL PREPARATIONS
6326,GDYN,SERVICES-PREPACKAGED SOFTWARE
6327,GEHI,"COMPUTER PERIPHERAL EQUIPMENT, NEC"
6328,GHI,Unknown
6329,GMGI,SERVICES-PREPACKAGED SOFTWARE
6330,GYRE,Unknown
6331,HYMC,GOLD &amp; SILVER ORES
6332,INLX,SERVICES-PREPACKAGED SOFTWARE
6333,ITCL,Unknown
6334,JJA,"COMMERCIAL BANKS, NEC"
6335,JJC,"COMMERCIAL BANKS, NEC"
6336,JJG,"COMMERCIAL BANKS, NEC"
6337,JJM,"COMMERCIAL BANKS, NEC"
6338,JJS,"COMMERCIAL BANKS, NEC"
6339,JMSB,STATE COMMERCIAL BANKS
6340,JO,"COMMERCIAL BANKS, NEC"
6341,JXJT,Unknown
6342,KA,Unknown
6343,KNTK,NATURAL GAS TRANSMISSION
6344,KPRX,PHARMACEUTICAL PREPARATIONS
6345,LFIN,Unknown
6346,LGMK,"ORTHOPEDIC, PROSTHETIC &amp; SURGICAL APPLIANCES &amp; SUPPLIES"
6347,LRFC,Unknown
6348,LSEA,OPERATIVE BUILDERS
6349,LSTA,PHARMACEUTICAL PREPARATIONS
6350,MATV,PAPER MILLS
6351,META,"SERVICES-COMPUTER PROGRAMMING, DATA PROCESSING, ETC."
6352,MFIC,Unknown
6353,MINM,TELEPHONE &amp; TELEGRAPH APPARATUS
6354,MNTV,"SERVICES-COMPUTER PROGRAMMING, DATA PROCESSING, ETC."
6355,MULN,MOTOR VEHICLES &amp; PASSENGER CAR BODIES
6356,NAAS,"RETAIL-RETAIL STORES, NEC"
6357,NGNE,Unknown
6358,NIC,NATIONAL COMMERCIAL BANKS
6359,NISN,MISCELLANEOUS FABRICATED METAL PRODUCTS
6360,NKLA,MOTOR VEHICLES &amp; PASSENGER CAR BODIES
6361,NTBL,Unknown
6362,NTRB,"ORTHOPEDIC, PROSTHETIC &amp; SURGICAL APPLIANCES &amp; SUPPLIES"
6363,NXG,Unknown
6364,OBK,Unknown
6365,OIG,"WHOLESALE-ELECTRONIC PARTS &amp; EQUIPMENT, NEC"
6366,OPXS,OPTICAL INSTRUMENTS &amp; LENSES
6367,PARA,TELEVISION BROADCASTING STATIONS
6368,PARAA,TELEVISION BROADCASTING STATIONS
6369,PFX,Unknown
6370,PHXM,Unknown
6371,PR,CRUDE PETROLEUM &amp; NATURAL GAS
6372,PRKR,RADIO &amp; TV BROADCASTING &amp; COMMUNICATIONS EQUIPMENT
6373,PROP,Unknown
6374,PRSO,SEMICONDUCTORS &amp; RELATED DEVICES
6375,QNRX,PHARMACEUTICAL PREPARATIONS
6376,REVB,PHARMACEUTICAL PREPARATIONS
6377,RITM,REAL ESTATE INVESTMENT TRUSTS
6378,RVTY,Unknown
6379,RVYL,Unknown
6380,SABA,Unknown
6381,SBFM,PHARMACEUTICAL PREPARATIONS
6382,SGG,"COMMERCIAL BANKS, NEC"
6383,SIGM,Unknown
6384,SILO,PHARMACEUTICAL PREPARATIONS
6385,SING,RETAIL-NONSTORE RETAILERS
6386,SIRE,"MINING, QUARRYING OF NONMETALLIC MINERALS (NO FUELS)"
6387,SMLR,ELECTROMEDICAL &amp; ELECTROTHERAPEUTIC APPARATUS
6388,STEL,Unknown
6389,STEW,Unknown
6390,STLY,REAL ESTATE INVESTMENT TRUSTS
6391,STR,CRUDE PETROLEUM &amp; NATURAL GAS
6392,TPCS,FABRICATED STRUCTURAL METAL PRODUCTS
6393,TRAK,Unknown
6394,UPBD,Unknown
6395,VRE,REAL ESTATE INVESTMENT TRUSTS
6396,VRT,"ELECTRONIC COMPONENTS, NEC"
6397,VYNE,PHARMACEUTICAL PREPARATIONS
6398,WKC,Unknown
6399,WLY,BOOKS: PUBLISHING OR PUBLISHING AND PRINTING
6400,WLYB,BOOKS: PUBLISHING OR PUBLISHING AND PRINTING
6401,WT,Unknown
6402,XWEL,Unknown
6403,ZEPP,ELECTRONIC COMPUTERS
6404,ALBT,Unknown
6405,AVDX,SERVICES-PREPACKAGED SOFTWARE
6406,BCAL,Unknown
6407,BETS,Unknown
6408,CCC,Unknown
6409,CHR,Unknown
6410,CZFS,STATE COMMERCIAL BANKS
6411,ENSC,PHARMACEUTICAL PREPARATIONS
6412,JJE,"COMMERCIAL BANKS, NEC"
6413,JJU,"COMMERCIAL BANKS, NEC"
6414,LOAC,Unknown
6415,LTRY,SERVICES-PREPACKAGED SOFTWARE
6416,NFH,Unknown
6417,PAE,Unknown
6418,VIVK,REFUSE SYSTEMS
6419,VLDR,"GENERAL INDUSTRIAL MACHINERY &amp; EQUIPMENT, NEC"
6420,TZAC,Unknown
6421,GRSH,Unknown
6422,GRAF,Unknown
6423,CTAC,Unknown
6424,AGE,PHARMACEUTICAL PREPARATIONS
6425,ALAC,Unknown
6426,BCSF,Unknown
6427,CNF,FINANCE SERVICES
6428,ETON,PHARMACEUTICAL PREPARATIONS
6429,GLADD,Unknown
6430,JJP,"COMMERCIAL BANKS, NEC"
6431,JJT,"COMMERCIAL BANKS, NEC"
6432,MDRR,REAL ESTATE INVESTMENT TRUSTS
6433,PGM,"COMMERCIAL BANKS, NEC"
6434,SMSH,Unknown
6435,TC,"SERVICES-BUSINESS SERVICES, NEC"
6436,TLC,Unknown
6437,TLSA,PHARMACEUTICAL PREPARATIONS
6438,VAPO,SURGICAL &amp; MEDICAL INSTRUMENTS &amp; APPARATUS
6439,WEI,Unknown
6440,JJN,"COMMERCIAL BANKS, NEC"
6441,SMHB,NATIONAL COMMERCIAL BANKS
6442,CCH,Unknown
6443,SG,RETAIL-EATING PLACES
6444,ARYA,Unknown
6445,APM,"MEASURING &amp; CONTROLLING DEVICES, NEC"
6446,DDMX,Unknown
6447,ESGRO,"FIRE, MARINE &amp; CASUALTY INSURANCE"
6448,FLF,Unknown
6449,JHAA,Unknown
6450,LEGH,MOBILE HOMES
6451,MOGU,"SERVICES-BUSINESS SERVICES, NEC"
6452,MRNA,BIOLOGICAL PRODUCTS (NO DIAGNOSTIC SUBSTANCES)
6453,NMCI,Unknown
6454,PACD,Unknown
6455,PBC,Unknown
6456,PHCF,INVESTMENT ADVICE
6457,QFIN,FINANCE SERVICES
6458,TBLT,"CUTLERY, HANDTOOLS &amp; GENERAL HARDWARE"
6459,THOR,Unknown
6460,TME,RADIO BROADCASTING STATIONS
6461,AMCI,INDUSTRIAL ORGANIC CHEMICALS
6462,BCOW,"SAVINGS INSTITUTIONS, NOT FEDERALLY CHARTERED"
6463,CFXA,Unknown
6464,FTAC,Unknown
6465,LKCO,SERVICES-COMPUTER PROGRAMMING SERVICES
6466,MDJH,REAL ESTATE AGENTS &amp; MANAGERS (FOR OTHERS)
6467,MTC,SERVICES-PREPACKAGED SOFTWARE
6468,NFE,NATURAL GAS DISTRIBUTION
6469,NRGX,Unknown
6470,RBKB,"SAVINGS INSTITUTIONS, NOT FEDERALLY CHARTERED"
6471,SXTC,PHARMACEUTICAL PREPARATIONS
6472,SAMA,BLANK CHECKS
6473,BWMC,Unknown
6474,CFFA,Unknown
6475,ALEC,BIOLOGICAL PRODUCTS (NO DIAGNOSTIC SUBSTANCES)
6476,ANCN,Unknown
6477,CMSD,ELECTRIC &amp; OTHER SERVICES COMBINED
6478,CTRM,DEEP SEA FOREIGN TRANSPORTATION OF FREIGHT
6479,CTST,Unknown
6480,CVET,RETAIL-DRUG STORES AND PROPRIETARY STORES
6481,GOSS,PHARMACEUTICAL PREPARATIONS
6482,HARP,BIOLOGICAL PRODUCTS (NO DIAGNOSTIC SUBSTANCES)
6483,HGLB,Unknown
6484,HOTH,PHARMACEUTICAL PREPARATIONS
6485,IMAC,Unknown
6486,INMB,BIOLOGICAL PRODUCTS (NO DIAGNOSTIC SUBSTANCES)
6487,KLDO,BIOLOGICAL PRODUCTS (NO DIAGNOSTIC SUBSTANCES)
6488,MITO,PHARMACEUTICAL PREPARATIONS
6489,MNCL,Unknown
6490,SLGG,SERVICES-COMPUTER INTEGRATED SYSTEMS DESIGN
6491,SOLY,Unknown
6492,TCRR,BIOLOGICAL PRODUCTS (NO DIAGNOSTIC SUBSTANCES)
6493,ITMR,Unknown
6494,AFGB,"FIRE, MARINE &amp; CASUALTY INSURANCE"
6495,ANDA,Unknown
6496,CYCNV,Unknown
6497,DSSI,Unknown
6498,DTIL,BIOLOGICAL PRODUCTS (NO DIAGNOSTIC SUBSTANCES)
6499,FHL,Unknown
6500,GMHI,Unknown
6501,GNFT,BIOLOGICAL PRODUCTS (NO DIAGNOSTIC SUBSTANCES)
6502,HHHH,Unknown
6503,LEVI,APPAREL &amp; OTHER FINISHED PRODS OF FABRICS &amp; SIMILAR MATERIAL
6504,LYFT,"SERVICES-BUSINESS SERVICES, NEC"
6505,MGR,INVESTMENT ADVICE
6506,OSW,SERVICES-MEMBERSHIP SPORTS &amp; RECREATION CLUBS
6507,PUYI,INVESTMENT ADVICE
6508,RMG,Unknown
6509,SWAV,SURGICAL &amp; MEDICAL INSTRUMENTS &amp; APPARATUS
6510,TEAF,Unknown
6511,THCB,Unknown
6512,TIGR,"SECURITY BROKERS, DEALERS &amp; FLOTATION COMPANIES"
6513,TRWH,Unknown
6514,PVT,Unknown
6515,JAMF,SERVICES-PREPACKAGED SOFTWARE
6516,CHAC,Unknown
6517,ALC,OPHTHALMIC GOODS
6518,BWAY,SURGICAL &amp; MEDICAL INSTRUMENTS &amp; APPARATUS
6519,CRSA,Unknown
6520,CYCN,PHARMACEUTICAL PREPARATIONS
6521,DOW,"PLASTICS, MATERIALS, SYNTH RESINS &amp; NONVULCAN ELASTOMERS"
6522,GHSI,PHARMACEUTICAL PREPARATIONS
6523,GNLN,"WHOLESALE-DURABLE GOODS, NEC"
6524,HOOK,PHARMACEUTICAL PREPARATIONS
6525,JMIA,RETAIL-CATALOG &amp; MAIL-ORDER HOUSES
6526,MNRL,CRUDE PETROLEUM &amp; NATURAL GAS
6527,MREO,Unknown
6528,NGM,PHARMACEUTICAL PREPARATIONS
6529,NRGZ,Unknown
6530,PBTS,SERVICES-COMPUTER PROGRAMMING SERVICES
6531,PD,SERVICES-PREPACKAGED SOFTWARE
6532,PINS,"SERVICES-COMPUTER PROGRAMMING, DATA PROCESSING, ETC."
6533,PLMR,"FIRE, MARINE &amp; CASUALTY INSURANCE"
6534,RPLA,Unknown
6535,RUHN,Unknown
6536,SILK,SURGICAL &amp; MEDICAL INSTRUMENTS &amp; APPARATUS
6537,TPTX,Unknown
6538,TUFN,Unknown
6539,TW,"SECURITY &amp; COMMODITY BROKERS, DEALERS, EXCHANGES &amp; SERVICES"
6540,WAFU,SERVICES-EDUCATIONAL SERVICES
6541,WTRU,Unknown
6542,YGRN,Unknown
6543,ZM,"SERVICES-COMPUTER PROGRAMMING, DATA PROCESSING, ETC."
6544,BNKO,Unknown
6545,PPHI,Unknown
6546,DPHC,Unknown
6547,ACAM,BLANK CHECKS
6548,AITB,Unknown
6549,ATIF,SERVICES-MANAGEMENT CONSULTING SERVICES
6550,AXLA,BIOLOGICAL PRODUCTS (NO DIAGNOSTIC SUBSTANCES)
6551,BYND,FOOD &amp; KINDRED PRODUCTS
6552,CRTX,Unknown
6553,HHR,SERVICES-HELP SUPPLY SERVICES
6554,JFIN,FINANCE SERVICES
6555,MEC,METAL FORGING &amp; STAMPINGS
6556,MIST,PHARMACEUTICAL PREPARATIONS
6557,NRGO,Unknown
6558,NRUC,MISCELLANEOUS BUSINESS CREDIT INSTITUTION
6559,NXTC,PHARMACEUTICAL PREPARATIONS
6560,PSN,SERVICES-COMPUTER INTEGRATED SYSTEMS DESIGN
6561,RRBI,STATE COMMERCIAL BANKS
6562,SCPL,SERVICES-COMPUTER PROCESSING &amp; DATA PREPARATION
6563,SONM,TELEPHONE &amp; TELEGRAPH APPARATUS
6564,SPFI,STATE COMMERCIAL BANKS
6565,SY,SERVICES-COMPUTER PROCESSING &amp; DATA PREPARATION
6566,TMDX,ELECTROMEDICAL &amp; ELECTROTHERAPEUTIC APPARATUS
6567,TRVI,PHARMACEUTICAL PREPARATIONS
6568,UBER,"SERVICES-BUSINESS SERVICES, NEC"
6569,YJ,"RETAIL-RETAIL STORES, NEC"
6570,BNKZ,Unknown
6571,KNAB,Unknown
6572,APLT,PHARMACEUTICAL PREPARATIONS
6573,AVTR,LABORATORY ANALYTICAL INSTRUMENTS
6574,FSLY,SERVICES-PREPACKAGED SOFTWARE
6575,JFK,Unknown
6576,LK,Unknown
6577,PSTL,REAL ESTATE INVESTMENT TRUSTS
6578,XYN,Unknown
6579,YGTY,Unknown
6580,SHLL,Unknown
6581,ACTT,Unknown
6582,BCYC,PHARMACEUTICAL PREPARATIONS
6583,IDYA,PHARMACEUTICAL PREPARATIONS
6584,KTB,"MEN&#39;S &amp; BOYS&#39; FURNISHINGS, WORK CLOTHING, AND ALLIED GARMENTS"
6585,RTLR,NATURAL GAS TRANSMISSION
6586,TRNE,Unknown
6587,AQNB,ELECTRIC SERVICES
6588,CTVA,AGRICULTURE PRODUCTION - CROPS
6589,FINS,Unknown
6590,LTSH,"SECURITY BROKERS, DEALERS &amp; FLOTATION COMPANIES"
6591,BRPM,Unknown
6592,RVLV,RETAIL-CATALOG &amp; MAIL-ORDER HOUSES
6593,INSU,Unknown
6594,ALPP,"COMMUNICATIONS EQUIPMENT, NEC"
6595,AMCR,MISCELLANEOUS MANUFACTURING INDUSTRIES
6596,ATCX,SERVICES-MANAGEMENT CONSULTING SERVICES
6597,ATER,ELECTRIC HOUSEWARES &amp; FANS
6598,BACK,"SERVICES-SPECIALTY OUTPATIENT FACILITIES, NEC"
6599,BALY,HOTELS &amp; MOTELS
6600,CAPD,"COMMERCIAL BANKS, NEC"
6601,CCIF,Unknown
6602,CIH,SERVICES-COMPUTER PROCESSING &amp; DATA PREPARATION
6603,CMMB,PHARMACEUTICAL PREPARATIONS
6604,CRWD,SERVICES-PREPACKAGED SOFTWARE
6605,EQOS,FINANCE SERVICES
6606,FNGR,SERVICES-PREPACKAGED SOFTWARE
6607,FUTU,"SECURITY BROKERS, DEALERS &amp; FLOTATION COMPANIES"
6608,FVRR,"SERVICES-BUSINESS SERVICES, NEC"
6609,HYLN,TRUCK &amp; BUS BODIES
6610,KULR,ELECTRONIC COMPONENTS &amp; ACCESSORIES
6611,MIGI,FINANCE SERVICES
6612,MVST,"MISCELLANEOUS ELECTRICAL MACHINERY, EQUIPMENT &amp; SUPPLIES"
6613,NCRA,AGRICULTURE PRODUCTION - LIVESTOCK &amp; ANIMAL SPECIALTIES
6614,PDX,Unknown
6615,SJ,SERVICES-COMPUTER PROCESSING &amp; DATA PREPARATION
6616,SLE,Unknown
6617,SRGA,"ORTHOPEDIC, PROSTHETIC &amp; SURGICAL APPLIANCES &amp; SUPPLIES"
6618,UTZ,MISCELLANEOUS FOOD PREPARATIONS &amp; KINDRED PRODUCTS
6619,CHWY,RETAIL-CATALOG &amp; MAIL-ORDER HOUSES
6620,MWK,Unknown
6621,IAA,RETAIL-AUTO DEALERS &amp; GASOLINE STATIONS
6622,STOK,PHARMACEUTICAL PREPARATIONS
6623,AKRO,PHARMACEUTICAL PREPARATIONS
6624,BCEL,PHARMACEUTICAL PREPARATIONS
6625,GO,RETAIL-GROCERY STORES
6626,PRVL,Unknown
6627,PSNL,SERVICES-MEDICAL LABORATORIES
6628,WORK,Unknown
6629,HSAC,Unknown
6630,PAAC,Unknown
6631,BSTZ,Unknown
6632,CMBM,RADIO &amp; TV BROADCASTING &amp; COMMUNICATIONS EQUIPMENT
6633,LINX,Unknown
6634,ADPT,BIOLOGICAL PRODUCTS (NO DIAGNOSTIC SUBSTANCES)
6635,BBIO,PHARMACEUTICAL PREPARATIONS
6636,CHNG,SERVICES-COMPUTER PROCESSING &amp; DATA PREPARATION
6637,MORF,PHARMACEUTICAL PREPARATIONS
6638,KRTX,PHARMACEUTICAL PREPARATIONS
6639,REAL,RETAIL-MISCELLANEOUS RETAIL
6640,SCCB,REAL ESTATE INVESTMENT TRUSTS
6641,DCUE,Unknown
6642,SREA,GAS &amp; OTHER SERVICES COMBINED
6643,RMBI,STATE COMMERCIAL BANKS
6644,GIX,Unknown
6645,AFYA,SERVICES-EDUCATIONAL SERVICES
6646,AMK,INVESTMENT ADVICE
6647,DOYU,"SERVICES-COMPUTER PROGRAMMING, DATA PROCESSING, ETC."
6648,FSEA,"SAVINGS INSTITUTION, FEDERALLY CHARTERED"
6649,FULC,PHARMACEUTICAL PREPARATIONS
6650,IHRT,RADIO BROADCASTING STATIONS
6651,MDLA,Unknown
6652,MIRM,PHARMACEUTICAL PREPARATIONS
6653,ORCC,Unknown
6654,PBFS,"SAVINGS INSTITUTIONS, NOT FEDERALLY CHARTERED"
6655,PHR,"SERVICES-BUSINESS SERVICES, NEC"
6656,DEAC,Unknown
6657,BHAT,WHOLESALE-CHEMICALS &amp; ALLIED PRODUCTS
6658,CCX,Unknown
6659,CSTL,SERVICES-MEDICAL LABORATORIES
6660,EIC,Unknown
6661,HCAT,"SERVICES-COMPUTER PROGRAMMING, DATA PROCESSING, ETC."
6662,LVGO,Unknown
6663,NOVA,ELECTRIC &amp; OTHER SERVICES COMBINED
6664,PROS,Unknown
6665,RCB,REAL ESTATE INVESTMENT TRUSTS
6666,RMM,Unknown
6667,VIST,CRUDE PETROLEUM &amp; NATURAL GAS
6668,WSG,Unknown
6669,AGBA,INVESTMENT ADVICE
6670,DT,SERVICES-PREPACKAGED SOFTWARE
6671,HKIB,Unknown
6672,KRUS,RETAIL-EATING PLACES
6673,SNDL,MEDICINAL CHEMICALS &amp; BOTANICAL PRODUCTS
6674,THCA,BLANK CHECKS
6675,SMMC,Unknown
6676,GXGX,Unknown
6677,INMD,ELECTROMEDICAL &amp; ELECTROTHERAPEUTIC APPARATUS
6678,VERY,LIFE INSURANCE
6679,WTREP,Unknown
6680,CFB,STATE COMMERCIAL BANKS
6681,JFU,FINANCE SERVICES
6682,NFIN,Unknown
6683,PLIN,Unknown
6684,MBINO,STATE COMMERCIAL BANKS
6685,PIC,Unknown
6686,SCPE,Unknown
6687,OAC,Unknown
6688,CPAA,BLANK CHECKS
6689,GRN,"COMMERCIAL BANKS, NEC"
6690,NET,SERVICES-PREPACKAGED SOFTWARE
6691,SDC,DENTAL EQUIPMENT &amp; SUPPLIES
6692,SONG,Unknown
6693,STSA,PHARMACEUTICAL PREPARATIONS
6694,SWTX,BIOLOGICAL PRODUCTS (NO DIAGNOSTIC SUBSTANCES)
6695,TXG,LABORATORY ANALYTICAL INSTRUMENTS
6696,SBE,Unknown
6697,CRNCV,Unknown
6698,DDOG,SERVICES-PREPACKAGED SOFTWARE
6699,IGMS,PHARMACEUTICAL PREPARATIONS
6700,NMCO,Unknown
6701,NVST,DENTAL EQUIPMENT &amp; SUPPLIES
6702,SJIJ,NATURAL GAS DISTRIBUTION
6703,XGN,SERVICES-MEDICAL LABORATORIES
6704,PING,SERVICES-PREPACKAGED SOFTWARE
6705,JMPE,Unknown
6706,OPRT,FINANCE SERVICES
6707,PTON,Unknown
6708,APRE,PHARMACEUTICAL PREPARATIONS
6709,CRNC,SERVICES-PREPACKAGED SOFTWARE
6710,FREQ,PHARMACEUTICAL PREPARATIONS
6711,PNNTG,Unknown
6712,PNTG,SERVICES-HEALTH SERVICES
6713,SSPK,Unknown
6714,THBR,Unknown
6715,VIE,Unknown
6716,BNTX,BIOLOGICAL PRODUCTS (NO DIAGNOSTIC SUBSTANCES)
6717,HBT,STATE COMMERCIAL BANKS
6718,VIR,BIOLOGICAL PRODUCTS (NO DIAGNOSTIC SUBSTANCES)
6719,BRBR,FOOD &amp; KINDRED PRODUCTS
6720,FDUSG,Unknown
6721,IPHA,BIOLOGICAL PRODUCTS (NO DIAGNOSTIC SUBSTANCES)
6722,OFSSI,Unknown
6723,REPR,Unknown
6724,AEFC,LIFE INSURANCE
6725,AIH,"SERVICES-SPECIALTY OUTPATIENT FACILITIES, NEC"
6726,BRP,INSURANCE AGENTS BROKERS &amp; SERVICES
6727,CABA,BIOLOGICAL PRODUCTS (NO DIAGNOSTIC SUBSTANCES)
6728,DAO,SERVICES-EDUCATIONAL SERVICES
6729,HAPP,SERVICES-COMPUTER PROCESSING &amp; DATA PREPARATION
6730,PGNY,"SERVICES-MISC HEALTH &amp; ALLIED SERVICES, NEC"
6731,PHAT,PHARMACEUTICAL PREPARATIONS
6732,TFFP,PHARMACEUTICAL PREPARATIONS
6733,AIO,Unknown
6734,DUO,REAL ESTATE
6735,FLLC,Unknown
6736,GTEC,GENERAL INDUSTRIAL MACHINERY &amp; EQUIPMENT
6737,NPA,Unknown
6738,OYST,BIOLOGICAL PRODUCTS (NO DIAGNOSTIC SUBSTANCES)
6739,PHGE,BIOLOGICAL PRODUCTS (NO DIAGNOSTIC SUBSTANCES)
6740,RAPT,PHARMACEUTICAL PREPARATIONS
6741,EXPC,Unknown
6742,AHCO,SERVICES-HOME HEALTH CARE SERVICES
6743,APXT,Unknown
6744,CNSP,PHARMACEUTICAL PREPARATIONS
6745,CNTG,SERVICES-MEDICAL LABORATORIES
6746,GRTX,PHARMACEUTICAL PREPARATIONS
6747,KRKR,"SERVICES-BUSINESS SERVICES, NEC"
6748,MOHO,RETAIL-CATALOG &amp; MAIL-ORDER HOUSES
6749,ORSN,Unknown
6750,QK,INSURANCE AGENTS BROKERS &amp; SERVICES
6751,SI,STATE COMMERCIAL BANKS
6752,TELA,SURGICAL &amp; MEDICAL INSTRUMENTS &amp; APPARATUS
6753,BRMK,REAL ESTATE INVESTMENT TRUSTS
6754,BXRXV,Unknown
6755,ETNB,PHARMACEUTICAL PREPARATIONS
6756,GLEO,Unknown
6757,SACC,REAL ESTATE INVESTMENT TRUSTS
6758,YAYO,SERVICES-COMPUTER PROCESSING &amp; DATA PREPARATION
6759,BXRX,PHARMACEUTICAL PREPARATIONS
6760,CAN,FINANCE SERVICES
6761,GSLD,Unknown
6762,PINE,REAL ESTATE INVESTMENT TRUSTS
6763,SITM,SEMICONDUCTORS &amp; RELATED DEVICES
6764,QVCC,RETAIL-CATALOG &amp; MAIL-ORDER HOUSES
6765,GRWG,"RETAIL-BUILDING MATERIALS, HARDWARE, GARDEN SUPPLY"
6766,LMPX,RETAIL-AUTO DEALERS &amp; GASOLINE STATIONS
6767,WKEY,SERVICES-COMPUTER PROCESSING &amp; DATA PREPARATION
6768,BILL,SERVICES-PREPACKAGED SOFTWARE
6769,EH,"AIRCRAFT PART &amp; AUXILIARY EQUIPMENT, NEC"
6770,GRNV,Unknown
6771,LATN,Unknown
6772,MCMJ,Unknown
6773,OCFT,"SERVICES-COMPUTER PROGRAMMING, DATA PROCESSING, ETC."
6774,RYCE,Unknown
6775,SPT,SERVICES-PREPACKAGED SOFTWARE
6776,XP,"SECURITY BROKERS, DEALERS &amp; FLOTATION COMPANIES"
6777,HTIA,REAL ESTATE INVESTMENT TRUSTS
6778,CUBB,STATE COMMERCIAL BANKS
6779,IMVT,BIOLOGICAL PRODUCTS (NO DIAGNOSTIC SUBSTANCES)
6780,INDO,CRUDE PETROLEUM &amp; NATURAL GAS
6781,JIH,Unknown
6782,MNPR,PHARMACEUTICAL PREPARATIONS
6783,SFTW,Unknown
6784,FSRV,Unknown
6785,NWGI,Unknown
6786,JOYY,Unknown
6787,DHCNI,REAL ESTATE INVESTMENT TRUSTS
6788,MDIAV,Unknown
6789,MKD,"SERVICES-BUSINESS SERVICES, NEC"
6790,SRAC,Unknown
6791,ALUS,Unknown
6792,AMHC,Unknown
6793,CHPM,Unknown
6794,HUGE,PHARMACEUTICAL PREPARATIONS
6795,NTCO,"PERFUMES, COSMETICS &amp; OTHER TOILET PREPARATIONS"
6796,SAQN,Unknown
6797,BSBK,"SAVINGS INSTITUTIONS, NOT FEDERALLY CHARTERED"
6798,DNK,Unknown
6799,IMAB,PHARMACEUTICAL PREPARATIONS
6800,LIVK,Unknown
6801,LIZI,"SERVICES-COMPUTER PROGRAMMING, DATA PROCESSING, ETC."
6802,MDIA,RADIO BROADCASTING STATIONS
6803,PTAC,Unknown
6804,SOJD,ELECTRIC SERVICES
6805,VEL,FINANCE SERVICES
6806,ADXN,PHARMACEUTICAL PREPARATIONS
6807,ANPC,SERVICES-MEDICAL LABORATORIES
6808,ANVS,PHARMACEUTICAL PREPARATIONS
6809,ARQT,PHARMACEUTICAL PREPARATIONS
6810,BDTX,BIOLOGICAL PRODUCTS (NO DIAGNOSTIC SUBSTANCES)
6811,BMEZ,Unknown
6812,HCCO,Unknown
6813,ONEM,SERVICES-OFFICES &amp; CLINICS OF DOCTORS OF MEDICINE
6814,REYN,"PLASTICS, FOIL &amp; COATED PAPER BAGS"
6815,BEAM,BIOLOGICAL PRODUCTS (NO DIAGNOSTIC SUBSTANCES)
6816,CCAP,Unknown
6817,CIIC,Unknown
6818,CSPR,Unknown
6819,NREF,REAL ESTATE INVESTMENT TRUSTS
6820,ONEW,RETAIL-AUTO &amp; HOME SUPPLY STORES
6821,PFHD,NATIONAL COMMERCIAL BANKS
6822,PPD,Unknown
6823,SDGR,PHARMACEUTICAL PREPARATIONS
6824,CPZ,Unknown
6825,HUIZ,INSURANCE AGENTS BROKERS &amp; SERVICES
6826,DUOT,SERVICES-PREPACKAGED SOFTWARE
6827,GRIL,RETAIL-EATING &amp; DRINKING PLACES
6828,RVMD,BIOLOGICAL PRODUCTS (NO DIAGNOSTIC SUBSTANCES)
6829,ALTG,WHOLESALE-INDUSTRIAL MACHINERY &amp; EQUIPMENT
6830,BATL,CRUDE PETROLEUM &amp; NATURAL GAS
6831,GSMG,SERVICES-COMPUTER PROCESSING &amp; DATA PREPARATION
6832,SBSW,GOLD &amp; SILVER ORES
6833,ATCO,DEEP SEA FOREIGN TRANSPORTATION OF FREIGHT
6834,IBTA,Unknown
6835,IPV,Unknown
6836,PASG,BIOLOGICAL PRODUCTS (NO DIAGNOSTIC SUBSTANCES)
6837,ZCMD,SERVICES-EDUCATIONAL SERVICES
6838,DLY,Unknown
6839,BFYT,Unknown
6840,GFL,REFUSE SYSTEMS
6841,BWMX,RETAIL-CATALOG &amp; MAIL-ORDER HOUSES
6842,SCVX,Unknown
6843,DFNS,Unknown
6844,IGIC,"INSURANCE CARRIERS, NEC"
6845,GHIV,Unknown
6846,RFM,Unknown
6847,BIPC,NATURAL GAS TRANSMISSION &amp; DISTRIBUTION
6848,CARR,AIR COND &amp; WARM AIR HEATING EQUIP &amp; COMM &amp; INDL REFRIG EQUIP
6849,CCXX,Unknown
6850,METX,FINANCE SERVICES
6851,OTIS,ELECTRONIC &amp; OTHER ELECTRICAL EQUIPMENT (NO COMPUTER EQUIP)
6852,WIMI,SERVICES-PREPACKAGED SOFTWARE
6853,ZNTL,PHARMACEUTICAL PREPARATIONS
6854,KROS,PHARMACEUTICAL PREPARATIONS
6855,MSGE,SERVICES-AMUSEMENT &amp; RECREATION SERVICES
6856,CCAC,Unknown
6857,DMYT,Unknown
6858,DKNG,SERVICES-MISCELLANEOUS AMUSEMENT &amp; RECREATION
6859,ORIC,PHARMACEUTICAL PREPARATIONS
6860,APG,SERVICES-TO DWELLINGS &amp; OTHER BUILDINGS
6861,LYRA,SURGICAL &amp; MEDICAL INSTRUMENTS &amp; APPARATUS
6862,NBAC,Unknown
6863,AYLA,BIOLOGICAL PRODUCTS (NO DIAGNOSTIC SUBSTANCES)
6864,CLEU,SERVICES-EDUCATIONAL SERVICES
6865,DBCP,Unknown
6866,GAN,"SERVICES-COMPUTER PROGRAMMING, DATA PROCESSING, ETC."
6867,KC,SERVICES-PREPACKAGED SOFTWARE
6868,OCFCP,NATIONAL COMMERCIAL BANKS
6869,ADCT,PHARMACEUTICAL PREPARATIONS
6870,GNRS,"RETAIL-RETAIL STORES, NEC"
6871,ZGYH,Unknown
6872,NARI,SURGICAL &amp; MEDICAL INSTRUMENTS &amp; APPARATUS
6873,SLQT,INSURANCE AGENTS BROKERS &amp; SERVICES
6874,LSAC,BLANK CHECKS
6875,LOAK,Unknown
6876,MTCN,"STEEL WORKS, BLAST FURNACES  ROLLING MILLS (COKE OVENS)"
6877,DFPH,Unknown
6878,AFGD,"FIRE, MARINE &amp; CASUALTY INSURANCE"
6879,AMTI,PHARMACEUTICAL PREPARATIONS
6880,BDXB,SURGICAL &amp; MEDICAL INSTRUMENTS &amp; APPARATUS
6881,BMRG,Unknown
6882,CALT,PHARMACEUTICAL PREPARATIONS
6883,DADA,"SERVICES-COMPUTER PROGRAMMING, DATA PROCESSING, ETC."
6884,FOUR,"SERVICES-BUSINESS SERVICES, NEC"
6885,LEGN,PHARMACEUTICAL PREPARATIONS
6886,PLRX,PHARMACEUTICAL PREPARATIONS
6887,SBBA,DEEP SEA FOREIGN TRANSPORTATION OF FREIGHT
6888,WMG,SERVICES-AMUSEMENT &amp; RECREATION SERVICES
6889,ZI,SERVICES-PREPACKAGED SOFTWARE
6890,AZEK,"PLASTICS PRODUCTS, NEC"
6891,BNR,SERVICES-MEDICAL LABORATORIES
6892,GBIO,PHARMACEUTICAL PREPARATIONS
6893,IPOC,Unknown
6894,LPRO,PERSONAL CREDIT INSTITUTIONS
6895,LTRN,PHARMACEUTICAL PREPARATIONS
6896,NOVS,Unknown
6897,PCPL,Unknown
6898,PCVX,BIOLOGICAL PRODUCTS (NO DIAGNOSTIC SUBSTANCES)
6899,RNA,PHARMACEUTICAL PREPARATIONS
6900,ROCH,Unknown
6901,UCL,"COMMUNICATION SERVICES, NEC"
6902,VRM,RETAIL-AUTO DEALERS &amp; GASOLINE STATIONS
6903,CHAQ,Unknown
6904,FMTX,BIOLOGICAL PRODUCTS (NO DIAGNOSTIC SUBSTANCES)
6905,FSKR,Unknown
6906,FVAC,Unknown
6907,GTH,SERVICES-MEDICAL LABORATORIES
6908,IPOB,Unknown
6909,LGHL,"SECURITY BROKERS, DEALERS &amp; FLOTATION COMPANIES"
6910,NUZE,RETAIL-MISCELLANEOUS RETAIL
6911,PROG,Unknown
6912,RPRX,PHARMACEUTICAL PREPARATIONS
6913,RPTX,PHARMACEUTICAL PREPARATIONS
6914,ACI,RETAIL-GROCERY STORES
6915,AKUS,PHARMACEUTICAL PREPARATIONS
6916,API,SERVICES-PREPACKAGED SOFTWARE
6917,DYFN,Unknown
6918,EBON,"SECURITY &amp; COMMODITY BROKERS, DEALERS, EXCHANGES &amp; SERVICES"
6919,FREE,SUGAR &amp; CONFECTIONERY PRODUCTS
6920,FTHY,Unknown
6921,FUSN,BIOLOGICAL PRODUCTS (NO DIAGNOSTIC SUBSTANCES)
6922,PYPD,SURGICAL &amp; MEDICAL INSTRUMENTS &amp; APPARATUS
6923,SOAC,Unknown
6924,ACCD,"SERVICES-BUSINESS SERVICES, NEC"
6925,ADTX,PHARMACEUTICAL PREPARATIONS
6926,GIK,Unknown
6927,JWS,Unknown
6928,LMND,"FIRE, MARINE &amp; CASUALTY INSURANCE"
6929,SAK,Unknown
6930,HOFV,SERVICES-MISCELLANEOUS AMUSEMENT &amp; RECREATION
6931,IMTX,BIOLOGICAL PRODUCTS (NO DIAGNOSTIC SUBSTANCES)
6932,AMYT,PHARMACEUTICAL PREPARATIONS
6933,BLCT,Unknown
6934,IVA,PHARMACEUTICAL PREPARATIONS
6935,NKTX,PHARMACEUTICAL PREPARATIONS
6936,PSTX,BIOLOGICAL PRODUCTS (NO DIAGNOSTIC SUBSTANCES)
6937,QH,"SERVICES-BUSINESS SERVICES, NEC"
6938,TXAC,Unknown
6939,LGVW,Unknown
6940,ALXO,PHARMACEUTICAL PREPARATIONS
6941,BLI,LABORATORY ANALYTICAL INSTRUMENTS
6942,DMS,"SERVICES-BUSINESS SERVICES, NEC"
6943,GOCO,INSURANCE AGENTS BROKERS &amp; SERVICES
6944,NCNO,SERVICES-PREPACKAGED SOFTWARE
6945,PAND,Unknown
6946,RLAY,BIOLOGICAL PRODUCTS (NO DIAGNOSTIC SUBSTANCES)
6947,RNLX,SERVICES-MEDICAL LABORATORIES
6948,TIG,"FIRE, MARINE &amp; CASUALTY INSURANCE"
6949,WPF,Unknown
6950,ANNX,PHARMACEUTICAL PREPARATIONS
6951,BRLI,SERVICES-MANAGEMENT CONSULTING SERVICES
6952,EDTK,SERVICES-EDUCATIONAL SERVICES
6953,INZY,PHARMACEUTICAL PREPARATIONS
6954,ITOS,BIOLOGICAL PRODUCTS (NO DIAGNOSTIC SUBSTANCES)
6955,MEG,SERVICES-MANAGEMENT CONSULTING SERVICES
6956,NRIX,PHARMACEUTICAL PREPARATIONS
6957,ALVR,BIOLOGICAL PRODUCTS (NO DIAGNOSTIC SUBSTANCES)
6958,ARYB,Unknown
6959,ASGI,Unknown
6960,BEPC,ELECTRIC SERVICES
6961,FTHM,REAL ESTATE AGENTS &amp; MANAGERS (FOR OTHERS)
6962,GOED,Unknown
6963,HEC,Unknown
6964,ITRG,GOLD &amp; SILVER ORES
6965,LI,MOTOR VEHICLES &amp; PASSENGER CAR BODIES
6966,VERX,SERVICES-PREPACKAGED SOFTWARE
6967,VITL,FOOD &amp; KINDRED PRODUCTS
6968,VSTA,SERVICES-EDUCATIONAL SERVICES
6969,AFIB,SURGICAL &amp; MEDICAL INSTRUMENTS &amp; APPARATUS
6970,BIGC,SERVICES-PREPACKAGED SOFTWARE
6971,CMPI,Unknown
6972,FCRW,Unknown
6973,FRLN,BIOLOGICAL PRODUCTS (NO DIAGNOSTIC SUBSTANCES)
6974,HSAQ,SURGICAL &amp; MEDICAL INSTRUMENTS &amp; APPARATUS
6975,IBEX,SERVICES-COMPUTER PROCESSING &amp; DATA PREPARATION
6976,OSH,SERVICES-HEALTH SERVICES
6977,RACA,Unknown
6978,RKT,MORTGAGE BANKERS &amp; LOAN CORRESPONDENTS
6979,RXT,"SERVICES-COMPUTER PROGRAMMING, DATA PROCESSING, ETC."
6980,TREB,Unknown
6981,MLAC,MOTOR VEHICLES &amp; PASSENGER CAR BODIES
6982,BEKE,REAL ESTATE AGENTS &amp; MANAGERS (FOR OTHERS)
6983,CVAC,PHARMACEUTICAL PREPARATIONS
6984,DCT,SERVICES-PREPACKAGED SOFTWARE
6985,FSDC,Unknown
6986,FUSE,Unknown
6987,KBNT,SERVICES-COMPUTER INTEGRATED SYSTEMS DESIGN
6988,NTST,REAL ESTATE INVESTMENT TRUSTS
6989,KCAC,Unknown
6990,AOUTV,Unknown
6991,HRMY,PHARMACEUTICAL PREPARATIONS
6992,INBX,BIOLOGICAL PRODUCTS (NO DIAGNOSTIC SUBSTANCES)
6993,KYMR,BIOLOGICAL PRODUCTS (NO DIAGNOSTIC SUBSTANCES)
6994,NNOX,X-RAY APPARATUS &amp; TUBES &amp; RELATED IRRADIATION APPARATUS
6995,NYC,REAL ESTATE INVESTMENT TRUSTS
6996,PANA,BLANK CHECKS
6997,UZD,RADIO TELEPHONE COMMUNICATIONS
6998,VMAC,Unknown
6999,MAXNV,Unknown
7000,AOUT,Unknown
7001,GB,SERVICES-COMPUTER PROCESSING &amp; DATA PREPARATION
7002,GP,TRUCK &amp; BUS BODIES
7003,HPK,DRILLING OIL &amp; GAS WELLS
7004,MAXN,SEMICONDUCTORS &amp; RELATED DEVICES
7005,MCAC,CONSTRUCTION SPECIAL TRADE CONTRACTORS
7006,MDNA,PHARMACEUTICAL PREPARATIONS
7007,NDMO,Unknown
7008,SNBP,Unknown
7009,XPEV,MOTOR VEHICLES &amp; PASSENGER CAR BODIES
7010,PSAC,Unknown
7011,AACQ,Unknown
7012,AKU,SERVICES-MEDICAL LABORATORIES
7013,AUVI,ELECTRIC LIGHTING &amp; WIRING EQUIPMENT
7014,BCTG,Unknown
7015,DEH,Unknown
7016,GRCY,BLANK CHECKS
7017,PRFX,PHARMACEUTICAL PREPARATIONS
7018,HPX,BLANK CHECKS
7019,LSPD,SERVICES-PREPACKAGED SOFTWARE
7020,PSTH,Unknown
7021,SCCC,REAL ESTATE INVESTMENT TRUSTS
7022,SLN,PHARMACEUTICAL PREPARATIONS
7023,ACND,Unknown
7024,ACEV,PRINTED CIRCUIT BOARDS
7025,AMWL,"SERVICES-BUSINESS SERVICES, NEC"
7026,ATHA,BIOLOGICAL PRODUCTS (NO DIAGNOSTIC SUBSTANCES)
7027,BIVI,PHARMACEUTICAL PREPARATIONS
7028,BNL,REAL ESTATE INVESTMENT TRUSTS
7029,CCIV,Unknown
7030,CMPS,PHARMACEUTICAL PREPARATIONS
7031,DFHT,Unknown
7032,DYN,PHARMACEUTICAL PREPARATIONS
7033,ERES,INVESTMENT ADVICE
7034,ETAC,BLANK CHECKS
7035,FROG,SERVICES-PREPACKAGED SOFTWARE
7036,MNSBP,STATE COMMERCIAL BANKS
7037,MTCR,PHARMACEUTICAL PREPARATIONS
7038,OM,ELECTROMEDICAL &amp; ELECTROTHERAPEUTIC APPARATUS
7039,PTVE,"PLASTICS, FOIL &amp; COATED PAPER BAGS"
7040,SNOW,SERVICES-PREPACKAGED SOFTWARE
7041,STEP,INVESTMENT ADVICE
7042,SUMO,SERVICES-PREPACKAGED SOFTWARE
7043,U,SERVICES-PREPACKAGED SOFTWARE
7044,VTRU,SERVICES-EDUCATIONAL SERVICES
7045,PRPB,Unknown
7046,DEN,CRUDE PETROLEUM &amp; NATURAL GAS
7047,AMST,SERVICES-PREPACKAGED SOFTWARE
7048,BCAT,Unknown
7049,BSY,SERVICES-PREPACKAGED SOFTWARE
7050,CRSR,"COMPUTER PERIPHERAL EQUIPMENT, NEC"
7051,FIII,Unknown
7052,GDRX,SERVICES-COMPUTER PROCESSING &amp; DATA PREPARATION
7053,GLSI,PHARMACEUTICAL PREPARATIONS
7054,GOAC,Unknown
7055,GRAY,PHARMACEUTICAL PREPARATIONS
7056,LSF,FOOD &amp; KINDRED PRODUCTS
7057,NHIC,BLANK CHECKS
7058,OFSSG,Unknown
7059,PMVP,PHARMACEUTICAL PREPARATIONS
7060,PRLD,PHARMACEUTICAL PREPARATIONS
7061,PTK,Unknown
7062,SOJE,ELECTRIC SERVICES
7063,TSHA,BIOLOGICAL PRODUCTS (NO DIAGNOSTIC SUBSTANCES)
7064,VIAO,SEMICONDUCTORS &amp; RELATED DEVICES
7065,YAC,Unknown
7066,ASAN,SERVICES-PREPACKAGED SOFTWARE
7067,ASO,RETAIL-MISCELLANEOUS SHOPPING GOODS STORES
7068,AVO,AGRICULTURE SERVICES
7069,BQ,"RETAIL-RETAIL STORES, NEC"
7070,CCCC,BIOLOGICAL PRODUCTS (NO DIAGNOSTIC SUBSTANCES)
7071,CD,"SERVICES-COMPUTER PROGRAMMING, DATA PROCESSING, ETC."
7072,FAII,Unknown
7073,GRSV,Unknown
7074,IMNM,PHARMACEUTICAL PREPARATIONS
7075,KSMT,Unknown
7076,LUNG,SURGICAL &amp; MEDICAL INSTRUMENTS &amp; APPARATUS
7077,LXEH,SERVICES-EDUCATIONAL SERVICES
7078,MGRB,INVESTMENT ADVICE
7079,ONCR,PHARMACEUTICAL PREPARATIONS
7080,ORPH,Unknown
7081,PLTR,SERVICES-PREPACKAGED SOFTWARE
7082,THRY,SERVICES-ADVERTISING
7083,YALA,"SERVICES-COMPUTER PROGRAMMING, DATA PROCESSING, ETC."
7084,DGNR,Unknown
7085,DMYD,Unknown
7086,HOL,Unknown
7087,LNSR,SURGICAL &amp; MEDICAL INSTRUMENTS &amp; APPARATUS
7088,RBAC,Unknown
7089,AONE,Unknown
7090,AZYO,BIOLOGICAL PRODUCTS (NO DIAGNOSTIC SUBSTANCES)
7091,DTB,ELECTRIC SERVICES
7092,MPLN,"SERVICES-BUSINESS SERVICES, NEC"
7093,NGA,Unknown
7094,RADI,"LESSORS OF REAL PROPERTY, NEC"
7095,SAII,Unknown
7096,SQFT,REAL ESTATE INVESTMENT TRUSTS
7097,STPK,Unknown
7098,VNT,TOTALIZING FLUID METERS &amp; COUNTING DEVICES
7099,BTAQ,Unknown
7100,CLA,Unknown
7101,FST,Unknown
7102,HZAC,Unknown
7103,IH,SERVICES-EDUCATIONAL SERVICES
7104,KRON,PHARMACEUTICAL PREPARATIONS
7105,SPRB,PHARMACEUTICAL PREPARATIONS
7106,STTK,PHARMACEUTICAL PREPARATIONS
7107,ALGS,BIOLOGICAL PRODUCTS (NO DIAGNOSTIC SUBSTANCES)
7108,ASAQ,BLANK CHECKS
7109,BUR,FINANCE SERVICES
7110,CDAK,BIOLOGICAL PRODUCTS (NO DIAGNOSTIC SUBSTANCES)
7111,CFII,Unknown
7112,CURI,SERVICES-MOTION PICTURE &amp; VIDEO TAPE PRODUCTION
7113,EAR,"ORTHOPEDIC, PROSTHETIC &amp; SURGICAL APPLIANCES &amp; SUPPLIES"
7114,EBC,"SAVINGS INSTITUTION, FEDERALLY CHARTERED"
7115,FTOC,Unknown
7116,FVAM,BLANK CHECKS
7117,KRBP,BIOLOGICAL PRODUCTS (NO DIAGNOSTIC SUBSTANCES)
7118,MNSO,RETAIL-VARIETY STORES
7119,PRAX,PHARMACEUTICAL PREPARATIONS
7120,SFT,RETAIL-AUTO DEALERS &amp; GASOLINE STATIONS
7121,TARS,BIOLOGICAL PRODUCTS (NO DIAGNOSTIC SUBSTANCES)
7122,TIMB,TELEPHONE COMMUNICATIONS (NO RADIO TELEPHONE)
7123,TTCF,MISCELLANEOUS FOOD PREPARATIONS &amp; KINDRED PRODUCTS
7124,ABCM,BIOLOGICAL PRODUCTS (NO DIAGNOSTIC SUBSTANCES)
7125,AMTR,NATIONAL COMMERCIAL BANKS
7126,BAMH,OPERATORS OF NONRESIDENTIAL BUILDINGS
7127,BLSA,BLANK CHECKS
7128,BOWX,Unknown
7129,FHTX,PHARMACEUTICAL PREPARATIONS
7130,GHLD,MORTGAGE BANKERS &amp; LOAN CORRESPONDENTS
7131,HLXA,Unknown
7132,MCFE,SERVICES-PREPACKAGED SOFTWARE
7133,PAYA,"SERVICES-BUSINESS SERVICES, NEC"
7134,TWND,"MISCELLANEOUS ELECTRICAL MACHINERY, EQUIPMENT &amp; SUPPLIES"
7135,YGMZ,TRANSPORTATION SERVICES
7136,RIDE,MOTOR VEHICLES &amp; PASSENGER CAR BODIES
7137,HCDI,OPERATIVE BUILDERS
7138,ADV,"SERVICES-BUSINESS SERVICES, NEC"
7139,ALGM,SEMICONDUCTORS &amp; RELATED DEVICES
7140,AVIR,PHARMACEUTICAL PREPARATIONS
7141,BDSX,SERVICES-MEDICAL LABORATORIES
7142,CERE,PHARMACEUTICAL PREPARATIONS
7143,CRHC,BLANK CHECKS
7144,FSR,MOTOR VEHICLES &amp; PASSENGER CAR BODIES
7145,GATO,GOLD &amp; SILVER ORES
7146,GLTO,PHARMACEUTICAL PREPARATIONS
7147,IACA,Unknown
7148,ITAC,Unknown
7149,JUPW,"PERFUMES, COSMETICS &amp; OTHER TOILET PREPARATIONS"
7150,LESL,"RETAIL-RETAIL STORES, NEC"
7151,LU,FINANCE SERVICES
7152,MAX,"SERVICES-BUSINESS SERVICES, NEC"
7153,PTA,Unknown
7154,ROOT,"FIRE, MARINE &amp; CASUALTY INSURANCE"
7155,SQZ,BIOLOGICAL PRODUCTS (NO DIAGNOSTIC SUBSTANCES)
7156,TLMD,Unknown
7157,BSN,Unknown
7158,LEAP,Unknown
7159,NSH,Unknown
7160,PIAI,BLANK CHECKS
7161,SNPR,Unknown
7162,CMLF,Unknown
7163,ENPC,BLANK CHECKS
7164,EQD,BLANK CHECKS
7165,INAQ,PATENT OWNERS &amp; LESSORS
7166,RTP,Unknown
7167,SBG,Unknown
7168,SVAC,Unknown
7169,TMTS,Unknown
7170,TWCT,Unknown
7171,OACB,Unknown
7172,CAPA,Unknown
7173,ASPL,Unknown
7174,PMVC,BLANK CHECKS
7175,TRIT,Unknown
7176,PDAC,Unknown
7177,NMMC,SERVICES-PREPACKAGED SOFTWARE
7178,BFT,Unknown
7179,VIH,Unknown
7180,FTIV,Unknown
7181,AVAN,BLANK CHECKS
7182,CLII,Unknown
7183,DBDR,Unknown
7184,DGNS,Unknown
7185,EOSE,"MISCELLANEOUS ELECTRICAL MACHINERY, EQUIPMENT &amp; SUPPLIES"
7186,FCAC,Unknown
7187,FGNA,Unknown
7188,GCMG,INVESTMENT ADVICE
7189,JYAC,BLANK CHECKS
7190,LSAQ,Unknown
7191,MP,METAL MINING
7192,MRVI,PHARMACEUTICAL PREPARATIONS
7193,NBA,Unknown
7194,NGMS,SERVICES-AMUSEMENT &amp; RECREATION SERVICES
7195,OLMA,PHARMACEUTICAL PREPARATIONS
7196,PAIC,Unknown
7197,PRTC,PHARMACEUTICAL PREPARATIONS
7198,SEAH,Unknown
7199,SHC,"SERVICES-MISC HEALTH &amp; ALLIED SERVICES, NEC"
7200,TLS,SERVICES-COMPUTER INTEGRATED SYSTEMS DESIGN
7201,UK,"SERVICES-BUSINESS SERVICES, NEC"
7202,VGAC,Unknown
7203,VTRS,PHARMACEUTICAL PREPARATIONS
7204,VYGG,BLANK CHECKS
7205,YSG,"PERFUMES, COSMETICS &amp; OTHER TOILET PREPARATIONS"
7206,APSG,Unknown
7207,CNXCV,Unknown
7208,IMPX,"MOTORCYCLES, BICYCLES &amp; PARTS"
7209,VACQ,Unknown
7210,VSPR,Unknown
7211,RCHG,BLANK CHECKS
7212,ACTC,Unknown
7213,AIZN,"INSURANCE CARRIERS, NEC"
7214,BAMI,OPERATORS OF NONRESIDENTIAL BUILDINGS
7215,DTP,ELECTRIC SERVICES
7216,ECOLW,Unknown
7217,ELAT,PHARMACEUTICAL PREPARATIONS
7218,FMAC,Unknown
7219,HAACU,BLANK CHECKS
7220,HFEN,Unknown
7221,IPOD,BLANK CHECKS
7222,IPOE,Unknown
7223,IPOF,BLANK CHECKS
7224,LUXE,Unknown
7225,OZON,RETAIL-CATALOG &amp; MAIL-ORDER HOUSES
7226,PACE,Unknown
7227,QELL,Unknown
7228,QS,"MISCELLANEOUS ELECTRICAL MACHINERY, EQUIPMENT &amp; SUPPLIES"
7229,SDHY,Unknown
7230,SOLN,Unknown
7231,STWO,Unknown
7232,SWT,"CUTLERY, HANDTOOLS &amp; GENERAL HARDWARE"
7233,VMAR,SHIP &amp; BOAT BUILDING &amp; REPAIRING
7234,AHAC,Unknown
7235,IGAC,BLANK CHECKS
7236,TPGY,BLANK CHECKS
7237,AGC,Unknown
7238,CNXC,"SERVICES-BUSINESS SERVICES, NEC"
7239,LAZR,MOTOR VEHICLE PARTS &amp; ACCESSORIES
7240,PBLA,PHARMACEUTICAL PREPARATIONS
7241,PRG,"SERVICES-EQUIPMENT RENTAL &amp; LEASING, NEC"
7242,PTPI,PHARMACEUTICAL PREPARATIONS
7243,WRAP,"ORDNANCE &amp; ACCESSORIES, (NO VEHICLES/GUIDED MISSILES)"
7244,LCY,Unknown
7245,DCBO,SERVICES-PREPACKAGED SOFTWARE
7246,DSAC,Unknown
7247,KNTE,PHARMACEUTICAL PREPARATIONS
7248,SBTX,PHARMACEUTICAL PREPARATIONS
7249,SEER,LABORATORY ANALYTICAL INSTRUMENTS
7250,SGTX,PHARMACEUTICAL PREPARATIONS
7251,YQ,SERVICES-EDUCATIONAL SERVICES
7252,MAAC,Unknown
7253,ONDS,RADIO &amp; TV BROADCASTING &amp; COMMUNICATIONS EQUIPMENT
7254,MACU,Unknown
7255,ABCL,PHARMACEUTICAL PREPARATIONS
7256,ABNB,SERVICES-TO DWELLINGS &amp; OTHER BUILDINGS
7257,ADOC,FATS &amp; OILS
7258,ATAC,Unknown
7259,BTWN,BLANK CHECKS
7260,CERT,SERVICES-PREPACKAGED SOFTWARE
7261,DASH,"SERVICES-BUSINESS SERVICES, NEC"
7262,FDMT,BIOLOGICAL PRODUCTS (NO DIAGNOSTIC SUBSTANCES)
7263,GWAC,Unknown
7264,HIGA,BLANK CHECKS
7265,HTOO,MISC INDUSTRIAL &amp; COMMERCIAL MACHINERY &amp; EQUIPMENT
7266,HYFM,WHOLESALE-MISCELLANEOUS NONDURABLE GOODS
7267,HZON,BLANK CHECKS
7268,NBTX,PHARMACEUTICAL PREPARATIONS
7269,NGAC,Unknown
7270,PUBM,"SERVICES-COMPUTER PROGRAMMING, DATA PROCESSING, ETC."
7271,RICE,Unknown
7272,SGAM,Unknown
7273,SPNV,Unknown
7274,SV,Unknown
7275,VVOS,SURGICAL &amp; MEDICAL INSTRUMENTS &amp; APPARATUS
7276,XPOA,Unknown
7277,YSAC,Unknown
7278,MOTN,Unknown
7279,ACAC,BLANK CHECKS
7280,ACIC,Unknown
7281,AIRC,REAL ESTATE INVESTMENT TRUSTS
7282,AJAX,Unknown
7283,BCAB,BIOLOGICAL PRODUCTS (NO DIAGNOSTIC SUBSTANCES)
7284,BFI,RETAIL-EATING PLACES
7285,BHSE,FINANCE SERVICES
7286,BOAC,BLANK CHECKS
7287,CLVR,PHARMACEUTICAL PREPARATIONS
7288,DCRB,Unknown
7289,FGF,FINANCE SERVICES
7290,LFTR,BLANK CHECKS
7291,LUXA,BLANK CHECKS
7292,MASS,"MEASURING &amp; CONTROLLING DEVICES, NEC"
7293,OCG,SERVICES-MISCELLANEOUS BUSINESS SERVICES
7294,OTRA,Unknown
7295,PCGU,ELECTRIC &amp; OTHER SERVICES COMBINED
7296,RVPH,PHARMACEUTICAL PREPARATIONS
7297,SCPS,PHARMACEUTICAL PREPARATIONS
7298,SKLZ,SERVICES-COMPUTER PROCESSING &amp; DATA PREPARATION
7299,STIC,Unknown
7300,UPST,FINANCE SERVICES
7301,UZE,RADIO TELEPHONE COMMUNICATIONS
7302,VIRI,PHARMACEUTICAL PREPARATIONS
7303,WISH,RETAIL-CATALOG &amp; MAIL-ORDER HOUSES
7304,WNW,"SOAP, DETERGENT, CLEANING PREPARATIONS, PERFUMES, COSMETICS"
7305,ARKO,RETAIL-CONVENIENCE STORES
7306,ASLE,"WHOLESALE-MACHINERY, EQUIPMENT &amp; SUPPLIES"
7307,BREZ,BLANK CHECKS
7308,GBS,SURGICAL &amp; MEDICAL INSTRUMENTS &amp; APPARATUS
7309,GOEV,MOTOR VEHICLE PARTS &amp; ACCESSORIES
7310,IKT,BIOLOGICAL PRODUCTS (NO DIAGNOSTIC SUBSTANCES)
7311,OPEN,REAL ESTATE AGENTS &amp; MANAGERS (FOR OTHERS)
7312,ORLA,GOLD &amp; SILVER ORES
7313,PHAR,PHARMACEUTICAL PREPARATIONS
7314,PPBT,PHARMACEUTICAL PREPARATIONS
7315,PRCH,SERVICES-PREPACKAGED SOFTWARE
7316,VINC,PHARMACEUTICAL PREPARATIONS
7317,SRSA,BLANK CHECKS
7318,TEKK,BLANK CHECKS
7319,TMPM,BLANK CHECKS
7320,BWAC,BEVERAGES
7321,CLNN,PHARMACEUTICAL PREPARATIONS
7322,DMYI,Unknown
7323,DNMR,"PLASTICS, MATERIALS, SYNTH RESINS &amp; NONVULCAN ELASTOMERS"
7324,EUCR,BLANK CHECKS
7325,GEG,SERVICES-PREPACKAGED SOFTWARE
7326,GNOG,Unknown
7327,IPA,PHARMACEUTICAL PREPARATIONS
7328,MRM,SERVICES-PERSONAL SERVICES
7329,RMO,MOTOR VEHICLE PARTS &amp; ACCESSORIES
7330,RSI,SERVICES-MISCELLANEOUS AMUSEMENT &amp; RECREATION
7331,STRR,ELECTROMEDICAL &amp; ELECTROTHERAPEUTIC APPARATUS
7332,TSIA,Unknown
7333,AGCB,BLANK CHECKS
7334,CFAC,Unknown
7335,CHFW,Unknown
7336,CLOV,HOSPITAL &amp; MEDICAL SERVICE PLANS
7337,GRCL,PHARMACEUTICAL PREPARATIONS
7338,HCAR,BLANK CHECKS
7339,IIAC,Unknown
7340,LNFA,Unknown
7341,MODV,TRANSPORTATION SERVICES
7342,OMEG,BLANK CHECKS
7343,PIPP,BLANK CHECKS
7344,ROCC,CRUDE PETROLEUM &amp; NATURAL GAS
7345,RSVA,Unknown
7346,RTPZ,Unknown
7347,ZNTE,Unknown
7348,PHIC,BLANK CHECKS
7349,AFRM,PERSONAL CREDIT INSTITUTIONS
7350,ARBG,BLANK CHECKS
7351,ARBGW,BLANK CHECKS
7352,BTRS,SERVICES-COMPUTER PROGRAMMING SERVICES
7353,DRVN,"SERVICES-AUTOMOTIVE REPAIR, SERVICES &amp; PARKING"
7354,FRX,Unknown
7355,GBNY,"SAVINGS INSTITUTION, FEDERALLY CHARTERED"
7356,GNPK,Unknown
7357,HAAC,BLANK CHECKS
7358,KUKE,SERVICES-EDUCATIONAL SERVICES
7359,MSGM,SERVICES-PREPACKAGED SOFTWARE
7360,OCA,Unknown
7361,PLTK,SERVICES-COMPUTER PROCESSING &amp; DATA PREPARATION
7362,POSH,RETAIL-CATALOG &amp; MAIL-ORDER HOUSES
7363,QLI,PHARMACEUTICAL PREPARATIONS
7364,TBA,Unknown
7365,TINV,"SERVICES-COMPUTER PROGRAMMING, DATA PROCESSING, ETC."
7366,VCVC,Unknown
7367,WOOF,"RETAIL-RETAIL STORES, NEC"
7368,AFBI,"SAVINGS INSTITUTIONS, NOT FEDERALLY CHARTERED"
7369,CAP,Unknown
7370,DFH,OPERATIVE BUILDERS
7371,HIMS,SERVICES-OFFICES &amp; CLINICS OF DOCTORS OF MEDICINE
7372,HUDI,STEEL PIPE &amp; TUBES
7373,ISUN,SEMICONDUCTORS &amp; RELATED DEVICES
7374,LOKB,Unknown
7375,LOTZ,RETAIL-AUTO DEALERS &amp; GASOLINE STATIONS
7376,MNTK,GAS &amp; OTHER SERVICES COMBINED
7377,MYTE,RETAIL-CATALOG &amp; MAIL-ORDER HOUSES
7378,PAX,INVESTMENT ADVICE
7379,RLX,CIGARETTES
7380,SPFR,Unknown
7381,TACA,Unknown
7382,UWMC,MORTGAGE BANKERS &amp; LOAN CORRESPONDENTS
7383,VRDN,PHARMACEUTICAL PREPARATIONS
7384,AGFY,AGRICULTURE SERVICES
7385,ALTO,INDUSTRIAL ORGANIC CHEMICALS
7386,ALTU,"ORTHOPEDIC, PROSTHETIC &amp; SURGICAL APPLIANCES &amp; SUPPLIES"
7387,APPH,AGRICULTURE PRODUCTION - CROPS
7388,ATA,"SERVICES-BUSINESS SERVICES, NEC"
7389,BENE,BLANK CHECKS
7390,BTNB,Unknown
7391,CBAH,Unknown
7392,CLVT,SERVICES-COMPUTER PROCESSING &amp; DATA PREPARATION
7393,CND,BLANK CHECKS
7394,CRKN,"ELECTRONIC COMPONENTS, NEC"
7395,EZGO,"MOTORCYCLES, BICYCLES &amp; PARTS"
7396,FTCV,BLANK CHECKS
7397,HCAQ,Unknown
7398,HMCO,BLANK CHECKS
7399,HMPT,MORTGAGE BANKERS &amp; LOAN CORRESPONDENTS
7400,MOTV,Unknown
7401,NEBC,Unknown
7402,NLSP,PHARMACEUTICAL PREPARATIONS
7403,NOAC,BLANK CHECKS
7404,OCDX,Unknown
7405,PDO,Unknown
7406,PTIC,REAL ESTATE AGENTS &amp; MANAGERS (FOR OTHERS)
7407,RMGB,Unknown
7408,SHLS,SEMICONDUCTORS &amp; RELATED DEVICES
7409,SVFA,BLANK CHECKS
7410,TIRX,INSURANCE AGENTS BROKERS &amp; SERVICES
7411,VINP,INVESTMENT ADVICE
7412,XM,SERVICES-PREPACKAGED SOFTWARE
7413,ZIM,DEEP SEA FOREIGN TRANSPORTATION OF FREIGHT
7414,PCPC,BLANK CHECKS
7415,VS,SERVICES-COMPUTER PROCESSING &amp; DATA PREPARATION
7416,ACKIT,Unknown
7417,ADN,"MISCELLANEOUS ELECTRICAL MACHINERY, EQUIPMENT &amp; SUPPLIES"
7418,ANGN,PHARMACEUTICAL PREPARATIONS
7419,ATC,Unknown
7420,BOLT,PHARMACEUTICAL PREPARATIONS
7421,CCV,BLANK CHECKS
7422,CGNT,SERVICES-PREPACKAGED SOFTWARE
7423,CNEY,INDUSTRIAL ORGANIC CHEMICALS
7424,CTAQ,BLANK CHECKS
7425,ETWO,SERVICES-COMPUTER PROCESSING &amp; DATA PREPARATION
7426,EVAX,BIOLOGICAL PRODUCTS (NO DIAGNOSTIC SUBSTANCES)
7427,FWAA,Unknown
7428,GFX,BLANK CHECKS
7429,GHVI,Unknown
7430,GLAQ,Unknown
7431,HTPA,BLANK CHECKS
7432,IMCR,BIOLOGICAL PRODUCTS (NO DIAGNOSTIC SUBSTANCES)
7433,KINZ,SERVICES-PREPACKAGED SOFTWARE
7434,LABP,PHARMACEUTICAL PREPARATIONS
7435,LHDX,IN VITRO &amp; IN VIVO DIAGNOSTIC SUBSTANCES
7436,MRAC,Unknown
7437,ONTF,SERVICES-PREPACKAGED SOFTWARE
7438,PHVS,PHARMACEUTICAL PREPARATIONS
7439,SANA,BIOLOGICAL PRODUCTS (NO DIAGNOSTIC SUBSTANCES)
7440,SCOA,BLANK CHECKS
7441,SNRH,BLANK CHECKS
7442,SNSE,PHARMACEUTICAL PREPARATIONS
7443,TERN,PHARMACEUTICAL PREPARATIONS
7444,TIXT,SERVICES-COMPUTER PROCESSING &amp; DATA PREPARATION
7445,VHAQ,PHARMACEUTICAL PREPARATIONS
7446,VOR,BIOLOGICAL PRODUCTS (NO DIAGNOSTIC SUBSTANCES)
7447,VTAQ,SERVICES-PREPACKAGED SOFTWARE
7448,AEI,REAL ESTATE
7449,ADAG,PHARMACEUTICAL PREPARATIONS
7450,APR,Unknown
7451,BAOS,"SERVICES-BUSINESS SERVICES, NEC"
7452,BLUW,Unknown
7453,BMBL,"SERVICES-COMPUTER PROGRAMMING, DATA PROCESSING, ETC."
7454,BPTS,PHARMACEUTICAL PREPARATIONS
7455,BSPE,Unknown
7456,BVS,SURGICAL &amp; MEDICAL INSTRUMENTS &amp; APPARATUS
7457,DBTX,PHARMACEUTICAL PREPARATIONS
7458,DSP,"SERVICES-COMPUTER PROGRAMMING, DATA PROCESSING, ETC."
7459,FLAC,BLANK CHECKS
7460,GMTX,PHARMACEUTICAL PREPARATIONS
7461,IIII,BLANK CHECKS
7462,LDI,FINANCE SERVICES
7463,LGVN,PHARMACEUTICAL PREPARATIONS
7464,MILE,Unknown
7465,MTAC,SURGICAL &amp; MEDICAL INSTRUMENTS &amp; APPARATUS
7466,NEXI,PHARMACEUTICAL PREPARATIONS
7467,NSTB,BLANK CHECKS
7468,NUVB,PHARMACEUTICAL PREPARATIONS
7469,PLBY,RETAIL-MISCELLANEOUS RETAIL
7470,RAAC,Unknown
7471,RAAS,SERVICES-PREPACKAGED SOFTWARE
7472,SDH,Unknown
7473,SGFY,SERVICES-HOME HEALTH CARE SERVICES
7474,SVOK,Unknown
7475,TFSA,REAL ESTATE INVESTMENT TRUSTS
7476,TLIS,LABORATORY ANALYTICAL INSTRUMENTS
7477,TVAC,Unknown
7478,UGRO,"WHOLESALE-MACHINERY, EQUIPMENT &amp; SUPPLIES"
7479,VII,SERVICES-PREPACKAGED SOFTWARE
7480,VLON,PHARMACEUTICAL PREPARATIONS
7481,WAFDP,NATIONAL COMMERCIAL BANKS
7482,ABGI,BLANK CHECKS
7483,AUUD,SERVICES-COMPUTER PROCESSING &amp; DATA PREPARATION
7484,BFLY,X-RAY APPARATUS &amp; TUBES &amp; RELATED IRRADIATION APPARATUS
7485,BWSN,"HEATING EQUIPMENT, EXCEPT ELECTRIC &amp; WARM AIR FURNACES"
7486,CFIV,BLANK CHECKS
7487,DUNE,INDUSTRIAL INORGANIC CHEMICALS
7488,FSII,Unknown
7489,KWAC,BLANK CHECKS
7490,PPTA,GOLD &amp; SILVER ORES
7491,RCC,REAL ESTATE INVESTMENT TRUSTS
7492,VRPX,PHARMACEUTICAL PREPARATIONS
7493,WGLD,Unknown
7494,AKIC,BLANK CHECKS
7495,ARYD,BLANK CHECKS
7496,EPWR,BLANK CHECKS
7497,FOXW,BLANK CHECKS
7498,FVT,BLANK CHECKS
7499,IVAN,Unknown
7500,KAIR,BLANK CHECKS
7501,PPGH,Unknown
7502,PRTG,FINANCE SERVICES
7503,RFMZ,Unknown
7504,SCR,Unknown
7505,SWBK,Unknown
7506,CHPT,MISCELLANEOUS TRANSPORTATION EQUIPMENT
7507,ADEX,FINANCE SERVICES
7508,ASAI,RETAIL-GROCERY STORES
7509,ASXC,SURGICAL &amp; MEDICAL INSTRUMENTS &amp; APPARATUS
7510,BLTS,BLANK CHECKS
7511,CLAS,BLANK CHECKS
7512,DLCA,BLANK CHECKS
7513,EAC,ARRANGEMENT OF TRANSPORTATION OF FREIGHT &amp; CARGO
7514,ENFA,Unknown
7515,EPHY,BLANK CHECKS
7516,FCAX,BLANK CHECKS
7517,FORA,SERVICES-COMPUTER PROCESSING &amp; DATA PREPARATION
7518,GPAC,PRIMARY SMELTING &amp; REFINING OF NONFERROUS METALS
7519,GSAQ,Unknown
7520,IDBA,SERVICES-COMPUTER INTEGRATED SYSTEMS DESIGN
7521,IMCC,MEDICINAL CHEMICALS &amp; BOTANICAL PRODUCTS
7522,INKA,SERVICES-COMPUTER PROCESSING &amp; DATA PREPARATION
7523,KLAQ,BLANK CHECKS
7524,KVSA,BLANK CHECKS
7525,LEGO,Unknown
7526,LHAA,BLANK CHECKS
7527,LJAQ,BLANK CHECKS
7528,LWAC,Unknown
7529,NGAB,Unknown
7530,OSCR,HOSPITAL &amp; MEDICAL SERVICE PLANS
7531,PACX,BLANK CHECKS
7532,PAQC,SERVICES-PREPACKAGED SOFTWARE
7533,PNTM,BLANK CHECKS
7534,PRSR,BLANK CHECKS
7535,ROT,Unknown
7536,TMKR,BLANK CHECKS
7537,VCKA,BIOLOGICAL PRODUCTS (NO DIAGNOSTIC SUBSTANCES)
7538,FINM,BLANK CHECKS
7539,ADER,BLANK CHECKS
7540,AEAC,BLANK CHECKS
7541,AESC,COGENERATION SERVICES &amp; SMALL POWER PRODUCERS
7542,AEVA,MOTOR VEHICLE PARTS &amp; ACCESSORIES
7543,CPNG,RETAIL-CATALOG &amp; MAIL-ORDER HOUSES
7544,CSAN,RETAIL-AUTO DEALERS &amp; GASOLINE STATIONS
7545,ENVI,Unknown
7546,EUSG,Unknown
7547,FHS,SERVICES-EDUCATIONAL SERVICES
7548,GNAC,BLANK CHECKS
7549,GROY,GOLD &amp; SILVER ORES
7550,HAYW,REFRIGERATION &amp; SERVICE INDUSTRY MACHINERY
7551,HCCC,Unknown
7552,HCIC,BLANK CHECKS
7553,IGNY,BIOLOGICAL PRODUCTS (NO DIAGNOSTIC SUBSTANCES)
7554,JOAN,RETAIL-MISCELLANEOUS SHOPPING GOODS STORES
7555,LBPH,PHARMACEUTICAL PREPARATIONS
7556,MITC,Unknown
7557,OCAX,BLANK CHECKS
7558,OSTR,BLANK CHECKS
7559,OUST,"GENERAL INDUSTRIAL MACHINERY &amp; EQUIPMENT, NEC"
7560,PV,BLANK CHECKS
7561,PYR,PHARMACEUTICAL PREPARATIONS
7562,QFTA,BLANK CHECKS
7563,RBLX,SERVICES-PREPACKAGED SOFTWARE
7564,RXDX,PHARMACEUTICAL PREPARATIONS
7565,SLCR,BLANK CHECKS
7566,SPRQ,Unknown
7567,SVFB,BLANK CHECKS
7568,SVFC,Unknown
7569,TZPS,BLANK CHECKS
7570,VAQC,BLANK CHECKS
7571,VIEW,FLAT GLASS
7572,VWTR,REAL ESTATE
7573,MON,BLANK CHECKS
7574,HLAH,BLANK CHECKS
7575,CAHC,Unknown
7576,AFCG,Unknown
7577,ASAX,TRANSPORTATION SERVICES
7578,BIOT,BLANK CHECKS
7579,BLUA,SURGICAL &amp; MEDICAL INSTRUMENTS &amp; APPARATUS
7580,CLIM,BLANK CHECKS
7581,CNTB,PHARMACEUTICAL PREPARATIONS
7582,CSTA,BLANK CHECKS
7583,EQHA,BLANK CHECKS
7584,FNCH,BIOLOGICAL PRODUCTS (NO DIAGNOSTIC SUBSTANCES)
7585,FSSI,BLANK CHECKS
7586,GANX,PHARMACEUTICAL PREPARATIONS
7587,GBNH,"SERVICES-MISC HEALTH &amp; ALLIED SERVICES, NEC"
7588,GMBT,Unknown
7589,GMII,Unknown
7590,JCIC,BLANK CHECKS
7591,JWEL,RETAIL-NONSTORE RETAILERS
7592,LMACA,BLANK CHECKS
7593,LMAO,SURGICAL &amp; MEDICAL INSTRUMENTS &amp; APPARATUS
7594,MCAD,Unknown
7595,MIT,BLANK CHECKS
7596,NAAC,BLANK CHECKS
7597,NAPA,BEVERAGES
7598,PCT,"PLASTICS, MATERIALS, SYNTH RESINS &amp; NONVULCAN ELASTOMERS"
7599,PGRW,BLANK CHECKS
7600,RACB,BLANK CHECKS
7601,SHAC,BLANK CHECKS
7602,SNCY,"AIR TRANSPORTATION, SCHEDULED"
7603,SSAA,BLANK CHECKS
7604,TIL,BIOLOGICAL PRODUCTS (NO DIAGNOSTIC SUBSTANCES)
7605,TLGA,"MISCELLANEOUS ELECTRICAL MACHINERY, EQUIPMENT &amp; SUPPLIES"
7606,TUYA,SERVICES-PREPACKAGED SOFTWARE
7607,VEI,Unknown
7608,VOSO,Unknown
7609,DNZ,BLANK CHECKS
7610,OEPW,BLANK CHECKS
7611,ITHX,Unknown
7612,ACVA,"SERVICES-BUSINESS SERVICES, NEC"
7613,AGAC,BLANK CHECKS
7614,ALHC,HOSPITAL &amp; MEDICAL SERVICE PLANS
7615,ARVL,MOTOR VEHICLES &amp; PASSENGER CAR BODIES
7616,ATMR,Unknown
7617,BIGZ,Unknown
7618,CPUH,BLANK CHECKS
7619,CRCT,"SPECIAL INDUSTRY MACHINERY, NEC"
7620,DGNU,BLANK CHECKS
7621,DHHC,OPERATIVE BUILDERS
7622,DOCN,"SERVICES-COMPUTER PROGRAMMING, DATA PROCESSING, ETC."
7623,DSEY,"SPECIALTY CLEANING, POLISHING AND SANITATION PREPARATIONS"
7624,DSGN,PHARMACEUTICAL PREPARATIONS
7625,ECCW,Unknown
7626,EEIQ,SERVICES-EDUCATIONAL SERVICES
7627,EWTX,PHARMACEUTICAL PREPARATIONS
7628,GCAC,Unknown
7629,GHAC,BLANK CHECKS
7630,GSQD,BLANK CHECKS
7631,HHLA,SERVICES-MEDICAL LABORATORIES
7632,HYW,INVESTMENT ADVICE
7633,IKNA,BIOLOGICAL PRODUCTS (NO DIAGNOSTIC SUBSTANCES)
7634,JWSM,BLANK CHECKS
7635,KVSB,Unknown
7636,KVSC,BLANK CHECKS
7637,LBPS,Unknown
7638,LVTX,PHARMACEUTICAL PREPARATIONS
7639,MDH,BLANK CHECKS
7640,MOVE,SERVICES-COMPUTER PROCESSING &amp; DATA PREPARATION
7641,NVVE,"POWER, DISTRIBUTION &amp; SPECIALTY TRANSFORMERS"
7642,OLK,LABORATORY ANALYTICAL INSTRUMENTS
7643,PUCK,BLANK CHECKS
7644,SEMR,SERVICES-PREPACKAGED SOFTWARE
7645,SJIV,NATURAL GAS DISTRIBUTION
7646,TDUP,RETAIL-CATALOG &amp; MAIL-ORDER HOUSES
7647,TMAC,BLANK CHECKS
7648,UPC,PHARMACEUTICAL PREPARATIONS
7649,VZIO,HOUSEHOLD AUDIO &amp; VIDEO EQUIPMENT
7650,ZH,"SERVICES-BUSINESS SERVICES, NEC"
7651,CFV,Unknown
7652,CLRM,BLANK CHECKS
7653,CRU,BLANK CHECKS
7654,HCII,BLANK CHECKS
7655,NXU,Unknown
7656,PRPC,BLANK CHECKS
7657,ROCR,Unknown
7658,THMA,Unknown
7659,KRNL,BLANK CHECKS
7660,NRAC,BLANK CHECKS
7661,STPC,Unknown
7662,ACHL,BIOLOGICAL PRODUCTS (NO DIAGNOSTIC SUBSTANCES)
7663,APGB,BLANK CHECKS
7664,CCVI,BLANK CHECKS
7665,COMP,REAL ESTATE AGENTS &amp; MANAGERS (FOR OTHERS)
7666,COUR,SERVICES-PREPACKAGED SOFTWARE
7667,COVA,BLANK CHECKS
7668,CTOS,"SERVICES-EQUIPMENT RENTAL &amp; LEASING, NEC"
7669,CVII,BLANK CHECKS
7670,DCRN,Unknown
7671,EM,SERVICES-PERSONAL SERVICES
7672,FOA,MORTGAGE BANKERS &amp; LOAN CORRESPONDENTS
7673,IACB,Unknown
7674,ISLE,Unknown
7675,ITQ,BLANK CHECKS
7676,JOFF,BLANK CHECKS
7677,KARO,SERVICES-PREPACKAGED SOFTWARE
7678,PICC,BLANK CHECKS
7679,PSFE,"SERVICES-BUSINESS SERVICES, NEC"
7680,RMGC,ELECTRICAL INDUSTRIAL APPARATUS
7681,SLAC,FINANCE SERVICES
7682,TBCP,BLANK CHECKS
7683,TWOA,BLANK CHECKS
7684,ULCC,"AIR TRANSPORTATION, SCHEDULED"
7685,ZWRK,BLANK CHECKS
7686,BITE,BLANK CHECKS
7687,BOAS,BLANK CHECKS
7688,CENH,Unknown
7689,CPTK,WHOLESALE-HARDWARE
7690,ENNV,Unknown
7691,KURI,Unknown
7692,RCLF,SURGICAL &amp; MEDICAL INSTRUMENTS &amp; APPARATUS
7693,SDAC,BLANK CHECKS
7694,EVOJ,BLANK CHECKS
7695,ASTS,"COMMUNICATION SERVICES, NEC"
7696,AUD,RADIO BROADCASTING STATIONS
7697,FORE,Unknown
7698,HTFB,Unknown
7699,LGAC,BLANK CHECKS
7700,MACA,BLANK CHECKS
7701,MSAC,BLANK CHECKS
7702,RPHM,PHARMACEUTICAL PREPARATIONS
7703,SCLE,ELECTRIC SERVICES
7704,SCOB,BLANK CHECKS
7705,SPGS,BLANK CHECKS
7706,SPTK,BLANK CHECKS
7707,TCAC,Unknown
7708,TPGS,Unknown
7709,TSIB,BLANK CHECKS
7710,TWNI,BLANK CHECKS
7711,UTME,ELECTRONIC &amp; OTHER ELECTRICAL EQUIPMENT (NO COMPUTER EQUIP)
7712,VECT,BIOLOGICAL PRODUCTS (NO DIAGNOSTIC SUBSTANCES)
7713,XPDI,Unknown
7714,FACA,BLANK CHECKS
7715,INVZ,MOTOR VEHICLE PARTS &amp; ACCESSORIES
7716,PFDR,SERVICES-PREPACKAGED SOFTWARE
7717,PSAG,BLANK CHECKS
7718,AGL,"SERVICES-MISC HEALTH &amp; ALLIED SERVICES, NEC"
7719,AKYA,LABORATORY ANALYTICAL INSTRUMENTS
7720,ALKT,SERVICES-PREPACKAGED SOFTWARE
7721,ANAC,BLANK CHECKS
7722,APP,"SERVICES-COMPUTER PROGRAMMING, DATA PROCESSING, ETC."
7723,ASPC,Unknown
7724,ASZ,BLANK CHECKS
7725,AUS,BLANK CHECKS
7726,BEPH,ELECTRIC SERVICES
7727,BMEA,PHARMACEUTICAL PREPARATIONS
7728,CFVI,"SERVICES-COMPUTER PROGRAMMING, DATA PROCESSING, ETC."
7729,COIN,FINANCE SERVICES
7730,COLI,BLANK CHECKS
7731,EBET,SERVICES-AMUSEMENT &amp; RECREATION SERVICES
7732,FACT,CONSTRUCTION SPECIAL TRADE CONTRACTORS
7733,FLME,CRUDE PETROLEUM &amp; NATURAL GAS
7734,FSNB,BLANK CHECKS
7735,GBRG,BLANK CHECKS
7736,HUGS,BLANK CHECKS
7737,KRT,"PLASTICS PRODUCTS, NEC"
7738,LIII,Unknown
7739,NVSA,BLANK CHECKS
7740,RXRX,BIOLOGICAL PRODUCTS (NO DIAGNOSTIC SUBSTANCES)
7741,SLAM,"COMMUNICATION SERVICES, NEC"
7742,SLAMW,"COMMUNICATION SERVICES, NEC"
7743,TCVA,BLANK CHECKS
7744,TSP,SERVICES-COMPUTER INTEGRATED SYSTEMS DESIGN
7745,VELO,BLANK CHECKS
7746,VENA,SERVICES-COMPUTER PROGRAMMING SERVICES
7747,WARR,BLANK CHECKS
7748,YTPG,BLANK CHECKS
7749,GSEV,BLANK CHECKS
7750,HIII,BLANK CHECKS
7751,IBER,BLANK CHECKS
7752,KAII,BLANK CHECKS
7753,FSRX,BLANK CHECKS
7754,BCTX,PHARMACEUTICAL PREPARATIONS
7755,KIII,BLANK CHECKS
7756,ATSPT,Unknown
7757,CMII,Unknown
7758,AGTI,SERVICES-MISCELLANEOUS EQUIPMENT RENTAL &amp; LEASING
7759,AMPI,BLANK CHECKS
7760,ARRW,SERVICES-PREPACKAGED SOFTWARE
7761,ATAQ,BLANK CHECKS
7762,DHBC,BLANK CHECKS
7763,DMYQ,Unknown
7764,DV,"SERVICES-COMPUTER PROGRAMMING, DATA PROCESSING, ETC."
7765,EGLX,SERVICES-AMUSEMENT &amp; RECREATION SERVICES
7766,FTEV,BLANK CHECKS
7767,GENI,SERVICES-MISCELLANEOUS AMUSEMENT &amp; RECREATION
7768,GIIX,INDUSTRIAL ORGANIC CHEMICALS
7769,IFBD,SERVICES-PREPACKAGED SOFTWARE
7770,IMPL,PHARMACEUTICAL PREPARATIONS
7771,IPVA,SERVICES-AUTO RENTAL &amp; LEASING (NO DRIVERS)
7772,IPVF,"SECURITY BROKERS, DEALERS &amp; FLOTATION COMPANIES"
7773,KKRS,INVESTMENT ADVICE
7774,KNBE,"SERVICES-COMPUTER PROGRAMMING, DATA PROCESSING, ETC."
7775,LGO,"MINING, QUARRYING OF NONMETALLIC MINERALS (NO FUELS)"
7776,LOKM,BLANK CHECKS
7777,MACQ,Unknown
7778,MBAC,"COMMUNICATION SERVICES, NEC"
7779,NDAC,BLANK CHECKS
7780,NIMC,ELECTRIC &amp; OTHER SERVICES COMBINED
7781,NPCE,SURGICAL &amp; MEDICAL INSTRUMENTS &amp; APPARATUS
7782,OHPA,BLANK CHECKS
7783,PATH,SERVICES-PREPACKAGED SOFTWARE
7784,RAIN,PHARMACEUTICAL PREPARATIONS
7785,SKYT,SEMICONDUCTORS &amp; RELATED DEVICES
7786,SRNG,Unknown
7787,SWIM,"PLASTICS PRODUCTS, NEC"
7788,TMCI,SURGICAL &amp; MEDICAL INSTRUMENTS &amp; APPARATUS
7789,TRCA,BLANK CHECKS
7790,TRKA,CABLE &amp; OTHER PAY TELEVISION SERVICES
7791,TSPQ,BLANK CHECKS
7792,TWNT,Unknown
7793,VPCC,Unknown
7794,WPCA,BLANK CHECKS
7795,WPCB,BLANK CHECKS
7796,ZY,SERVICES-COMMERCIAL PHYSICAL &amp; BIOLOGICAL RESEARCH
7797,ISOS,Unknown
7798,DHCA,SERVICES-COMPUTER INTEGRATED SYSTEMS DESIGN
7799,EJFA,Unknown
7800,FTAA,BLANK CHECKS
7801,MACC,BLANK CHECKS
7802,NSTC,BLANK CHECKS
7803,NSTD,BLANK CHECKS
7804,SNII,Unknown
7805,ANZU,"ORTHOPEDIC, PROSTHETIC &amp; SURGICAL APPLIANCES &amp; SUPPLIES"
7806,PMGM,PHARMACEUTICAL PREPARATIONS
7807,NBST,BLANK CHECKS
7808,ACAH,BLANK CHECKS
7809,AVAH,SERVICES-HOME HEALTH CARE SERVICES
7810,CLAA,"SERVICES-BUSINESS SERVICES, NEC"
7811,FTCI,SEMICONDUCTORS &amp; RELATED DEVICES
7812,GAPA,BLANK CHECKS
7813,HERA,BLANK CHECKS
7814,HOWL,PHARMACEUTICAL PREPARATIONS
7815,IACC,BLANK CHECKS
7816,IPVI,BLANK CHECKS
7817,NPCT,Unknown
7818,PRVA,SERVICES-HEALTH SERVICES
7819,ROSS,BLANK CHECKS
7820,RXRA,BLANK CHECKS
7821,SBEA,Unknown
7822,STEM,SERVICES-COMPUTER INTEGRATED SYSTEMS DESIGN
7823,UROY,Unknown
7824,VACC,PHARMACEUTICAL PREPARATIONS
7825,AMAO,PATENT OWNERS &amp; LESSORS
7826,AURC,LOAN BROKERS
7827,DTOC,SERVICES-HEALTH SERVICES
7828,ESM,BLANK CHECKS
7829,SBII,BLANK CHECKS
7830,VPCB,BLANK CHECKS
7831,FRW,BLANK CHECKS
7832,PDOT,BLANK CHECKS
7833,AAQC,BLANK CHECKS
7834,ALF,"SERVICES-COMPUTER PROGRAMMING, DATA PROCESSING, ETC."
7835,ANEB,PHARMACEUTICAL PREPARATIONS
7836,BLDE,SERVICES-HEALTH SERVICES
7837,BWMN,SERVICES-MANAGEMENT CONSULTING SERVICES
7838,FRON,BLANK CHECKS
7839,FRSG,BLANK CHECKS
7840,FRXB,BLANK CHECKS
7841,FYBR,TELEPHONE COMMUNICATIONS (NO RADIO TELEPHONE)
7842,FZT,BLANK CHECKS
7843,GOTU,SERVICES-EDUCATIONAL SERVICES
7844,GTPB,BLANK CHECKS
7845,HNST,RETAIL-CATALOG &amp; MAIL-ORDER HOUSES
7846,HROWL,PHARMACEUTICAL PREPARATIONS
7847,KAHC,BLANK CHECKS
7848,LCAA,BLANK CHECKS
7849,LEV,MOTOR VEHICLES &amp; PASSENGER CAR BODIES
7850,LGV,BLANK CHECKS
7851,OG,RETAIL-CATALOG &amp; MAIL-ORDER HOUSES
7852,PTOC,SERVICES-PREPACKAGED SOFTWARE
7853,RTPY,Unknown
7854,SKIN,SURGICAL &amp; MEDICAL INSTRUMENTS &amp; APPARATUS
7855,TALS,BIOLOGICAL PRODUCTS (NO DIAGNOSTIC SUBSTANCES)
7856,VALN,BIOLOGICAL PRODUCTS (NO DIAGNOSTIC SUBSTANCES)
7857,WDH,INSURANCE AGENTS BROKERS &amp; SERVICES
7858,ZEV,MOTOR VEHICLES &amp; PASSENGER CAR BODIES
7859,FVIV,BLANK CHECKS
7860,GAMC,INDUSTRIAL ORGANIC CHEMICALS
7861,PLMI,SERVICES-COMPUTER INTEGRATED SYSTEMS DESIGN
7862,CFFE,"SERVICES-BUSINESS SERVICES, NEC"
7863,SPKB,BLANK CHECKS
7864,MBTC,ELECTROMEDICAL &amp; ELECTROTHERAPEUTIC APPARATUS
7865,BGSX,BLANK CHECKS
7866,BYTS,SERVICES-PREPACKAGED SOFTWARE
7867,DBGI,RETAIL-APPAREL &amp; ACCESSORY STORES
7868,EJH,SERVICES-MISCELLANEOUS REPAIR SERVICES
7869,FLGC,WHOLESALE-DRUGS PROPRIETARIES &amp; DRUGGISTS&#39; SUNDRIES
7870,GLBE,SERVICES-PREPACKAGED SOFTWARE
7871,GLSPT,Unknown
7872,GTPA,BLANK CHECKS
7873,IPW,"RETAIL-BUILDING MATERIALS, HARDWARE, GARDEN SUPPLY"
7874,REVH,BLANK CHECKS
7875,RKTA,BLANK CHECKS
7876,SCAQ,OIL &amp; GAS FILED MACHINERY &amp; EQUIPMENT
7877,SMWB,"SERVICES-COMPUTER PROGRAMMING, DATA PROCESSING, ETC."
7878,SVFD,AGRICULTURE CHEMICALS
7879,VERA,PHARMACEUTICAL PREPARATIONS
7880,VGII,Unknown
7881,DCRC,Unknown
7882,EBAC,BLANK CHECKS
7883,GGPI,Unknown
7884,GLHA,BLANK CHECKS
7885,GXII,BLANK CHECKS
7886,KSI,BLANK CHECKS
7887,NGC,BLANK CHECKS
7888,OPA,BLANK CHECKS
7889,STRE,BLANK CHECKS
7890,ACQR,BLANK CHECKS
7891,AGGR,BLANK CHECKS
7892,LDHA,BLANK CHECKS
7893,LVRA,BLANK CHECKS
7894,NGCA,Unknown
7895,TETC,BLANK CHECKS
7896,DISA,BLANK CHECKS
7897,ACTD,Unknown
7898,JZXN,RETAIL-AUTO DEALERS &amp; GASOLINE STATIONS
7899,NEWP,GOLD &amp; SILVER ORES
7900,OTLY,FOOD &amp; KINDRED PRODUCTS
7901,OWL,INVESTMENT ADVICE
7902,OXSQG,Unknown
7903,PCOR,SERVICES-PREPACKAGED SOFTWARE
7904,POLY,TELEPHONE &amp; TELEGRAPH APPARATUS
7905,SQSP,SERVICES-PREPACKAGED SOFTWARE
7906,WALD,"PERFUMES, COSMETICS &amp; OTHER TOILET PREPARATIONS"
7907,MSDA,BLANK CHECKS
7908,NMG,MISCELLANEOUS METAL ORES
7909,ACBA,BLANK CHECKS
7910,ATVC,Unknown
7911,LEGA,BLANK CHECKS
7912,AFAQ,BLANK CHECKS
7913,BIPH,NATURAL GAS TRANSMISSION &amp; DISTRIBUTION
7914,BRCN,DAIRY PRODUCTS
7915,CNTA,PHARMACEUTICAL PREPARATIONS
7916,DAWN,PHARMACEUTICAL PREPARATIONS
7917,DYNS,Unknown
7918,FCRX,Unknown
7919,FIGS,APPAREL &amp; OTHER FINISHED PRODS OF FABRICS &amp; SIMILAR MATERIAL
7920,FLYW,"SERVICES-BUSINESS SERVICES, NEC"
7921,FWAC,REAL ESTATE
7922,NBXG,Unknown
7923,OMIC,LABORATORY ANALYTICAL INSTRUMENTS
7924,PAY,"SERVICES-BUSINESS SERVICES, NEC"
7925,QIPT,"SERVICES-MISC HEALTH &amp; ALLIED SERVICES, NEC"
7926,TUEM,RETAIL-VARIETY STORES
7927,UGIC,GAS &amp; OTHER SERVICES COMBINED
7928,VMEO,"SERVICES-COMPUTER PROGRAMMING, DATA PROCESSING, ETC."
7929,ZIP,"SERVICES-COMPUTER PROGRAMMING, DATA PROCESSING, ETC."
7930,CMLT,Unknown
7931,ADF,Unknown
7932,CANO,SERVICES-OFFICES &amp; CLINICS OF DOCTORS OF MEDICINE
7933,DLO,"SERVICES-BUSINESS SERVICES, NEC"
7934,FMIV,BLANK CHECKS
7935,HITI,"RETAIL-RETAIL STORES, NEC"
7936,LTCH,WHOLESALE-HARDWARE
7937,OGN,PHARMACEUTICAL PREPARATIONS
7938,SOFI,FINANCE SERVICES
7939,WFRD,OIL &amp; GAS FILED MACHINERY &amp; EQUIPMENT
7940,TBSA,BLANK CHECKS
7941,TIOA,BLANK CHECKS
7942,CRZN,BLANK CHECKS
7943,ATY,SERVICES-COMPUTER PROCESSING &amp; DATA PREPARATION
7944,BZ,"SERVICES-COMPUTER PROGRAMMING, DATA PROCESSING, ETC."
7945,CMAX,SERVICES-NURSING &amp; PERSONAL CARE FACILITIES
7946,DIBS,RETAIL-CATALOG &amp; MAIL-ORDER HOUSES
7947,INDI,SEMICONDUCTORS &amp; RELATED DEVICES
7948,ISAA,BLANK CHECKS
7949,JANX,PHARMACEUTICAL PREPARATIONS
7950,JBI,"METAL DOORS, SASH, FRAMES, MOLDING &amp; TRIM"
7951,KPLT,"SERVICES-EQUIPMENT RENTAL &amp; LEASING, NEC"
7952,LFST,SERVICES-HEALTH SERVICES
7953,MAQC,SERVICES-PREPACKAGED SOFTWARE
7954,MNDY,SERVICES-PREPACKAGED SOFTWARE
7955,MQ,SERVICES-PREPACKAGED SOFTWARE
7956,NAUT,LABORATORY ANALYTICAL INSTRUMENTS
7957,QSI,"MEASURING &amp; CONTROLLING DEVICES, NEC"
7958,SBEV,BEVERAGES
7959,SKIL,SERVICES-PREPACKAGED SOFTWARE
7960,SLHG,Unknown
7961,TASK,SERVICES-COMPUTER PROCESSING &amp; DATA PREPARATION
7962,UPH,SERVICES-HEALTH SERVICES
7963,VWE,BEVERAGES
7964,ZETA,SERVICES-PREPACKAGED SOFTWARE
7965,ZME,Unknown
7966,ALZN,PHARMACEUTICAL PREPARATIONS
7967,AMAM,BIOLOGICAL PRODUCTS (NO DIAGNOSTIC SUBSTANCES)
7968,AOMR,REAL ESTATE
7969,ATIP,SERVICES-NURSING &amp; PERSONAL CARE FACILITIES
7970,CNVY,"SERVICES-MISC HEALTH &amp; ALLIED SERVICES, NEC"
7971,CYT,PHARMACEUTICAL PREPARATIONS
7972,DNAY,LABORATORY ANALYTICAL INSTRUMENTS
7973,ECCC,Unknown
7974,ERO,METAL MINING
7975,FEMY,SURGICAL &amp; MEDICAL INSTRUMENTS &amp; APPARATUS
7976,GAME,SERVICES-AMUSEMENT &amp; RECREATION SERVICES
7977,GROM,"SERVICES-COMPUTER PROGRAMMING, DATA PROCESSING, ETC."
7978,HUT,FINANCE SERVICES
7979,IPSC,BIOLOGICAL PRODUCTS (NO DIAGNOSTIC SUBSTANCES)
7980,ISPC,SERVICES-COMMERCIAL PHYSICAL &amp; BIOLOGICAL RESEARCH
7981,LYEL,PHARMACEUTICAL PREPARATIONS
7982,MAPS,SERVICES-PREPACKAGED SOFTWARE
7983,ME,PHARMACEUTICAL PREPARATIONS
7984,MOLN,BIOLOGICAL PRODUCTS (NO DIAGNOSTIC SUBSTANCES)
7985,PTRA,MOTOR VEHICLES &amp; PASSENGER CAR BODIES
7986,REAX,REAL ESTATE AGENTS &amp; MANAGERS (FOR OTHERS)
7987,RERE,"RETAIL-RETAIL STORES, NEC"
7988,TPTA,REAL ESTATE INVESTMENT TRUSTS
7989,TRMR,"SERVICES-COMPUTER PROGRAMMING, DATA PROCESSING, ETC."
7990,VERV,PHARMACEUTICAL PREPARATIONS
7991,WKME,SERVICES-PREPACKAGED SOFTWARE
7992,MCAE,BLANK CHECKS
7993,ACXP,PHARMACEUTICAL PREPARATIONS
7994,BAMR,"INSURANCE CARRIERS, NEC"
7995,BHG,HOSPITAL &amp; MEDICAL SERVICE PLANS
7996,BITF,FINANCE SERVICES
7997,BODY,RETAIL-NONSTORE RETAILERS
7998,BON,MEDICINAL CHEMICALS &amp; BOTANICAL PRODUCTS
7999,CFLT,SERVICES-PREPACKAGED SOFTWARE
8000,CXM,SERVICES-PREPACKAGED SOFTWARE
8001,DKDCA,SERVICES-COMMERCIAL PHYSICAL &amp; BIOLOGICAL RESEARCH
8002,DOCS,SERVICES-COMPUTER PROGRAMMING SERVICES
8003,ELEV,BIOLOGICAL PRODUCTS (NO DIAGNOSTIC SUBSTANCES)
8004,ELMS,Unknown
8005,FA,SERVICES-COMPUTER PROCESSING &amp; DATA PREPARATION
8006,GHRS,PHARMACEUTICAL PREPARATIONS
8007,GLUE,BIOLOGICAL PRODUCTS (NO DIAGNOSTIC SUBSTANCES)
8008,GMVD,SURGICAL &amp; MEDICAL INSTRUMENTS &amp; APPARATUS
8009,GRVI,Unknown
8010,LVOX,SERVICES-COMPUTER PROCESSING &amp; DATA PREPARATION
8011,MCW,"SERVICES-AUTOMOTIVE REPAIR, SERVICES &amp; PARKING"
8012,MF,"RETAIL-RETAIL STORES, NEC"
8013,MIRO,BIOLOGICAL PRODUCTS (NO DIAGNOSTIC SUBSTANCES)
8014,MYPS,SERVICES-PREPACKAGED SOFTWARE
8015,PWP,FINANCE SERVICES
8016,TKNO,IN VITRO &amp; IN VIVO DIAGNOSTIC SUBSTANCES
8017,TUGC,Unknown
8018,VLAT,BLANK CHECKS
8019,WDI,Unknown
8020,YMM,SERVICES-PREPACKAGED SOFTWARE
8021,BSKY,BLANK CHECKS
8022,ABOS,BIOLOGICAL PRODUCTS (NO DIAGNOSTIC SUBSTANCES)
8023,ASTR,TRANSPORTATION SERVICES
8024,AVPT,SERVICES-PREPACKAGED SOFTWARE
8025,AVTE,PHARMACEUTICAL PREPARATIONS
8026,BRIV,BLANK CHECKS
8027,CPOP,SERVICES-AMUSEMENT &amp; RECREATION SERVICES
8028,CURV,RETAIL-APPAREL &amp; ACCESSORY STORES
8029,CVRX,SURGICAL &amp; MEDICAL INSTRUMENTS &amp; APPARATUS
8030,DDL,RETAIL-CATALOG &amp; MAIL-ORDER HOUSES
8031,DIDI,Unknown
8032,DNAA,Unknown
8033,DNAB,BLANK CHECKS
8034,DNAC,Unknown
8035,DNAD,BLANK CHECKS
8036,DNUT,RETAIL-FOOD STORES
8037,DTM,NATURAL GAS TRANSMISSION
8038,EVCM,SERVICES-PREPACKAGED SOFTWARE
8039,EVGO,"SERVICES-AUTOMOTIVE REPAIR, SERVICES &amp; PARKING"
8040,GOBI,Unknown
8041,HEPS,RETAIL-CATALOG &amp; MAIL-ORDER HOUSES
8042,HVBT,Unknown
8043,IAS,"SERVICES-COMPUTER PROGRAMMING, DATA PROCESSING, ETC."
8044,INTA,SERVICES-PREPACKAGED SOFTWARE
8045,IS,SERVICES-COMPUTER PROCESSING &amp; DATA PREPARATION
8046,LZ,SERVICES-COMPUTER PROCESSING &amp; DATA PREPARATION
8047,PAYO,"SERVICES-BUSINESS SERVICES, NEC"
8048,PNT,PHARMACEUTICAL PREPARATIONS
8049,SHCR,SERVICES-HEALTH SERVICES
8050,TBLA,"SERVICES-COMPUTER PROGRAMMING, DATA PROCESSING, ETC."
8051,VRAR,SERVICES-COMPUTER PROGRAMMING SERVICES
8052,WAVE,ELECTRIC SERVICES
8053,XMTR,"SERVICES-BUSINESS SERVICES, NEC"
8054,YOU,SERVICES-PREPACKAGED SOFTWARE
8055,AGRI,FINANCE SERVICES
8056,ALCC,ELECTRIC SERVICES
8057,ALIT,"SERVICES-BUSINESS SERVICES, NEC"
8058,CDZIP,Unknown
8059,CLBR,SERVICES-ADVERTISING
8060,FREY,"MISCELLANEOUS ELECTRICAL MACHINERY, EQUIPMENT &amp; SUPPLIES"
8061,GIW,BLANK CHECKS
8062,MITQ,PHOTOGRAPHIC EQUIPMENT &amp; SUPPLIES
8063,OSI,BLANK CHECKS
8064,POND,BLANK CHECKS
8065,RAM,BLANK CHECKS
8066,RNAZ,PHARMACEUTICAL PREPARATIONS
8067,SNTG,FINANCE SERVICES
8068,SUNL,FINANCE SERVICES
8069,VEV,MOTOR VEHICLES &amp; PASSENGER CAR BODIES
8070,GFOR,BIOLOGICAL PRODUCTS (NO DIAGNOSTIC SUBSTANCES)
8071,ORIA,BLANK CHECKS
8072,ARTA,Unknown
8073,ARYE,BLANK CHECKS
8074,BLFY,"SAVINGS INSTITUTIONS, NOT FEDERALLY CHARTERED"
8075,BLND,"SERVICES-COMPUTER PROGRAMMING, DATA PROCESSING, ETC."
8076,BRDG,INVESTMENT ADVICE
8077,CELU,PHARMACEUTICAL PREPARATIONS
8078,CPAR,BLANK CHECKS
8079,EGGF,"AIR TRANSPORTATION, NONSCHEDULED"
8080,ENVX,"MISCELLANEOUS ELECTRICAL MACHINERY, EQUIPMENT &amp; SUPPLIES"
8081,ERAS,PHARMACEUTICAL PREPARATIONS
8082,FXLV,WHOLESALE-PROFESSIONAL &amp; COMMERCIAL EQUIPMENT &amp; SUPPLIES
8083,HLLY,MOTOR VEHICLE PARTS &amp; ACCESSORIES
8084,HLMN,"CUTLERY, HANDTOOLS &amp; GENERAL HARDWARE"
8085,HYZN,ELECTRICAL INDUSTRIAL APPARATUS
8086,IINN,SURGICAL &amp; MEDICAL INSTRUMENTS &amp; APPARATUS
8087,IMGO,PHARMACEUTICAL PREPARATIONS
8088,MCG,HOTELS &amp; MOTELS
8089,MKFG,"COMPUTER PERIPHERAL EQUIPMENT, NEC"
8090,OWLT,"MEASURING &amp; CONTROLLING DEVICES, NEC"
8091,PBBK,"SAVINGS INSTITUTIONS, NOT FEDERALLY CHARTERED"
8092,PECO,REAL ESTATE INVESTMENT TRUSTS
8093,PSPC,BLANK CHECKS
8094,RGC,MEDICINAL CHEMICALS &amp; BOTANICAL PRODUCTS
8095,RPID,LABORATORY ANALYTICAL INSTRUMENTS
8096,SERA,SERVICES-MEDICAL LABORATORIES
8097,SGHT,SURGICAL &amp; MEDICAL INSTRUMENTS &amp; APPARATUS
8098,SLI,CHEMICALS &amp; ALLIED PRODUCTS
8099,STVN,SURGICAL &amp; MEDICAL INSTRUMENTS &amp; APPARATUS
8100,TCBS,"SAVINGS INSTITUTIONS, NOT FEDERALLY CHARTERED"
8101,UNCY,PHARMACEUTICAL PREPARATIONS
8102,UP,"AIR TRANSPORTATION, NONSCHEDULED"
8103,AAIN,REAL ESTATE INVESTMENT TRUSTS
8104,SKYA,BLANK CHECKS
8105,AATC,"MEASURING &amp; CONTROLLING DEVICES, NEC"
8106,ABSI,SERVICES-COMMERCIAL PHYSICAL &amp; BIOLOGICAL RESEARCH
8107,BASE,SERVICES-PREPACKAGED SOFTWARE
8108,BGRY,"GENERAL INDUSTRIAL MACHINERY &amp; EQUIPMENT, NEC"
8109,CNM,"WHOLESALE-DURABLE GOODS, NEC"
8110,CRBU,BIOLOGICAL PRODUCTS (NO DIAGNOSTIC SUBSTANCES)
8111,CTKB,LABORATORY ANALYTICAL INSTRUMENTS
8112,FFIE,MOTOR VEHICLES &amp; PASSENGER CAR BODIES
8113,GAMB,SERVICES-MISCELLANEOUS AMUSEMENT &amp; RECREATION
8114,HCWB,PHARMACEUTICAL PREPARATIONS
8115,KLTR,SERVICES-PREPACKAGED SOFTWARE
8116,LAW,SERVICES-PREPACKAGED SOFTWARE
8117,MGRD,INVESTMENT ADVICE
8118,MKTW,SERVICES-PREPACKAGED SOFTWARE
8119,MTTR,SERVICES-PREPACKAGED SOFTWARE
8120,NABL,SERVICES-PREPACKAGED SOFTWARE
8121,OB,"SERVICES-COMPUTER PROGRAMMING, DATA PROCESSING, ETC."
8122,OPFI,FINANCE SERVICES
8123,OTEC,"ORTHOPEDIC, PROSTHETIC &amp; SURGICAL APPLIANCES &amp; SUPPLIES"
8124,PYCR,SERVICES-PREPACKAGED SOFTWARE
8125,REE,MOTOR VEHICLES &amp; PASSENGER CAR BODIES
8126,RYAN,INSURANCE AGENTS BROKERS &amp; SERVICES
8127,SMFR,SERVICES-HEALTH SERVICES
8128,SNAX,FOOD &amp; KINDRED PRODUCTS
8129,SOPH,SERVICES-COMPUTER PROCESSING &amp; DATA PREPARATION
8130,TCBC,"SAVINGS INSTITUTION, FEDERALLY CHARTERED"
8131,USCB,STATE COMMERCIAL BANKS
8132,VEEE,SHIP &amp; BOAT BUILDING &amp; REPAIRING
8133,VTEX,SERVICES-PREPACKAGED SOFTWARE
8134,XPOF,SERVICES-MISCELLANEOUS AMUSEMENT &amp; RECREATION
8135,ZENV,SERVICES-PREPACKAGED SOFTWARE
8136,ZVIA,BOTTLED &amp; CANNED SOFT DRINKS CARBONATED WATERS
8137,LAAA,BLANK CHECKS
8138,BSGA,SERVICES-COMPUTER PROCESSING &amp; DATA PREPARATION
8139,CADL,BIOLOGICAL PRODUCTS (NO DIAGNOSTIC SUBSTANCES)
8140,CCCS,SERVICES-PREPACKAGED SOFTWARE
8141,COOK,HOUSEHOLD APPLIANCES
8142,CYXT,"SERVICES-COMPUTER PROGRAMMING, DATA PROCESSING, ETC."
8143,DALS,BLANK CHECKS
8144,DOLE,AGRICULTURE PRODUCTION - CROPS
8145,DOMA,TITLE INSURANCE
8146,DPRO,AIRCRAFT
8147,DUOL,SERVICES-PREPACKAGED SOFTWARE
8148,FTRP,Unknown
8149,GACQ,MISCELLANEOUS MANUFACTURING INDUSTRIES
8150,GXO,TRANSPORTATION SERVICES
8151,HOOD,"SECURITY BROKERS, DEALERS &amp; FLOTATION COMPANIES"
8152,ICVX,BIOLOGICAL PRODUCTS (NO DIAGNOSTIC SUBSTANCES)
8153,IMRX,PHARMACEUTICAL PREPARATIONS
8154,INAB,BIOLOGICAL PRODUCTS (NO DIAGNOSTIC SUBSTANCES)
8155,LCID,MOTOR VEHICLES &amp; PASSENGER CAR BODIES
8156,MCAF,BLANK CHECKS
8157,MLNK,SERVICES-PREPACKAGED SOFTWARE
8158,NUVL,PHARMACEUTICAL PREPARATIONS
8159,OMGA,BIOLOGICAL PRODUCTS (NO DIAGNOSTIC SUBSTANCES)
8160,PWSC,SERVICES-PREPACKAGED SOFTWARE
8161,RANI,PHARMACEUTICAL PREPARATIONS
8162,RLYB,PHARMACEUTICAL PREPARATIONS
8163,ROVR,SERVICES-PERSONAL SERVICES
8164,RSKD,"SERVICES-BUSINESS SERVICES, NEC"
8165,RSVR,SERVICES-AMUSEMENT &amp; RECREATION SERVICES
8166,RXST,OPHTHALMIC GOODS
8167,SNPO,ELECTRONIC COMPONENTS &amp; ACCESSORIES
8168,TBLD,Unknown
8169,TNYA,BIOLOGICAL PRODUCTS (NO DIAGNOSTIC SUBSTANCES)
8170,SPK,BIOLOGICAL PRODUCTS (NO DIAGNOSTIC SUBSTANCES)
8171,SMIH,BLANK CHECKS
8172,GPCO,"SERVICES-COMPUTER PROGRAMMING, DATA PROCESSING, ETC."
8173,ADGI,BIOLOGICAL PRODUCTS (NO DIAGNOSTIC SUBSTANCES)
8174,AMBP,METAL CANS
8175,CLAQ,"GENERAL INDUSTRIAL MACHINERY &amp; EQUIPMENT, NEC"
8176,EWCZ,SERVICES-PERSONAL SERVICES
8177,HCNE,BLANK CHECKS
8178,HIPO,"FIRE, MARINE &amp; CASUALTY INSURANCE"
8179,MIO,Unknown
8180,RONI,ELECTRICAL INDUSTRIAL APPARATUS
8181,STGW,SERVICES-ADVERTISING AGENCIES
8182,VSCO,RETAIL-WOMEN&#39;S CLOTHING STORES
8183,WEBR,HOUSEHOLD APPLIANCES
8184,DILA,BLANK CHECKS
8185,GSQB,BLANK CHECKS
8186,LITT,BLANK CHECKS
8187,CLAY,SEMICONDUCTORS &amp; RELATED DEVICES
8188,CRDL,BIOLOGICAL PRODUCTS (NO DIAGNOSTIC SUBSTANCES)
8189,DATS,TELEGRAPH &amp; OTHER MESSAGE COMMUNICATIONS
8190,DRMA,PHARMACEUTICAL PREPARATIONS
8191,ELYM,PHARMACEUTICAL PREPARATIONS
8192,JOBY,AIRCRAFT
8193,JUGG,BLANK CHECKS
8194,LICY,HAZARDOUS WASTE MANAGEMENT
8195,MNTS,GUIDED MISSILES &amp; SPACE VEHICLES &amp; PARTS
8196,RKLY,SEMICONDUCTORS &amp; RELATED DEVICES
8197,SRZN,BIOLOGICAL PRODUCTS (NO DIAGNOSTIC SUBSTANCES)
8198,SSBK,STATE COMMERCIAL BANKS
8199,TNGX,PHARMACEUTICAL PREPARATIONS
8200,TRON,BLANK CHECKS
8201,VQS,"SERVICES-COMPUTER PROGRAMMING, DATA PROCESSING, ETC."
8202,HLBZ,"SERVICES-BUSINESS SERVICES, NEC"
8203,MIMO,RADIO &amp; TV BROADCASTING &amp; COMMUNICATIONS EQUIPMENT
8204,MITA,BLANK CHECKS
8205,ZT,BLANK CHECKS
8206,EOCW,BLANK CHECKS
8207,FTVI,BLANK CHECKS
8208,GGGV,Unknown
8209,IMAQ,SERVICES-MOTION PICTURE &amp; VIDEO TAPE PRODUCTION
8210,LIDR,MOTOR VEHICLE PARTS &amp; ACCESSORIES
8211,NLIT,FINANCE SERVICES
8212,OTMO,SERVICES-PREPACKAGED SOFTWARE
8213,XOS,MOTOR VEHICLE PARTS &amp; ACCESSORIES
8214,CORS,BLANK CHECKS
8215,SHQA,BLANK CHECKS
8216,ACRO,BLANK CHECKS
8217,AGIL,SERVICES-MANAGEMENT CONSULTING SERVICES
8218,BRAG,SERVICES-COMPUTER RENTAL &amp; LEASING
8219,CIFR,FINANCE SERVICES
8220,CNTQ,"MISCELLANEOUS ELECTRICAL MACHINERY, EQUIPMENT &amp; SUPPLIES"
8221,CZOO,RETAIL-AUTO DEALERS &amp; GASOLINE STATIONS
8222,EFTR,PHARMACEUTICAL PREPARATIONS
8223,FATBB,RETAIL-EATING PLACES
8224,GDEV,SERVICES-COMPUTER PROGRAMMING SERVICES
8225,GLTA,SERVICES-AUTO RENTAL &amp; LEASING (NO DRIVERS)
8226,GWII,BLANK CHECKS
8227,HUMA,BIOLOGICAL PRODUCTS (NO DIAGNOSTIC SUBSTANCES)
8228,ICCM,SURGICAL &amp; MEDICAL INSTRUMENTS &amp; APPARATUS
8229,IRNT,SERVICES-PREPACKAGED SOFTWARE
8230,RKLB,GUIDED MISSILES &amp; SPACE VEHICLES &amp; PARTS
8231,RNW,ELECTRIC SERVICES
8232,RNXT,PHARMACEUTICAL PREPARATIONS
8233,SQL,SERVICES-HELP SUPPLY SERVICES
8234,VLTA,MISCELLANEOUS TRANSPORTATION EQUIPMENT
8235,ASPA,SERVICES-MANAGEMENT CONSULTING SERVICES
8236,CHRB,HAZARDOUS WASTE MANAGEMENT
8237,CLBT,SERVICES-PREPACKAGED SOFTWARE
8238,DDI,SERVICES-COMPUTER PROCESSING &amp; DATA PREPARATION
8239,INCR,PHARMACEUTICAL PREPARATIONS
8240,OPAD,REAL ESTATE AGENTS &amp; MANAGERS (FOR OTHERS)
8241,RCOR,BIOLOGICAL PRODUCTS (NO DIAGNOSTIC SUBSTANCES)
8242,RDW,GUIDED MISSILES &amp; SPACE VEHICLES &amp; PARTS
8243,SLGC,SERVICES-COMMERCIAL PHYSICAL &amp; BIOLOGICAL RESEARCH
8244,STAB,PHARMACEUTICAL PREPARATIONS
8245,JATT,BIOLOGICAL PRODUCTS (NO DIAGNOSTIC SUBSTANCES)
8246,ROCG,SEMICONDUCTORS &amp; RELATED DEVICES
8247,RICO,Unknown
8248,THCP,BLANK CHECKS
8249,ARQQ,SERVICES-PREPACKAGED SOFTWARE
8250,ATXS,PHARMACEUTICAL PREPARATIONS
8251,BKSY,RADIO &amp; TV BROADCASTING &amp; COMMUNICATIONS EQUIPMENT
8252,BSAQ,BLANK CHECKS
8253,CLOE,SERVICES-MISCELLANEOUS AMUSEMENT &amp; RECREATION
8254,CRXT,BIOLOGICAL PRODUCTS (NO DIAGNOSTIC SUBSTANCES)
8255,TMC,METAL MINING
8256,TNT,SERVICES-PREPACKAGED SOFTWARE
8257,TRTL,BLANK CHECKS
8258,TWCB,BLANK CHECKS
8259,WLTH,Unknown
8260,APAC,SERVICES-PREPACKAGED SOFTWARE
8261,FICV,BLANK CHECKS
8262,UPTD,BIOLOGICAL PRODUCTS (NO DIAGNOSTIC SUBSTANCES)
8263,ACHR,AIRCRAFT
8264,BLNG,BLANK CHECKS
8265,BROS,RETAIL-EATING &amp; DRINKING PLACES
8266,DH,SERVICES-PREPACKAGED SOFTWARE
8267,DICE,PHARMACEUTICAL PREPARATIONS
8268,DNA,BIOLOGICAL PRODUCTS (NO DIAGNOSTIC SUBSTANCES)
8269,EZFL,RETAIL-AUTO DEALERS &amp; GASOLINE STATIONS
8270,FORG,SERVICES-PREPACKAGED SOFTWARE
8271,GREE,FINANCE SERVICES
8272,JXN,LIFE INSURANCE
8273,KTTA,PHARMACEUTICAL PREPARATIONS
8274,LFG,GAS &amp; OTHER SERVICES COMBINED
8275,LILM,AIRCRAFT
8276,MDVA,Unknown
8277,MEAC,SURGICAL &amp; MEDICAL INSTRUMENTS &amp; APPARATUS
8278,MTAL,BLANK CHECKS
8279,ONON,RUBBER &amp; PLASTICS FOOTWEAR
8280,PRCT,SURGICAL &amp; MEDICAL INSTRUMENTS &amp; APPARATUS
8281,RBOT,"ORTHOPEDIC, PROSTHETIC &amp; SURGICAL APPLIANCES &amp; SUPPLIES"
8282,SGML,METAL MINING
8283,SRAD,"SERVICES-COMPUTER PROGRAMMING, DATA PROCESSING, ETC."
8284,TWKS,SERVICES-COMPUTER PROGRAMMING SERVICES
8285,TYRA,PHARMACEUTICAL PREPARATIONS
8286,VATE,FABRICATED STRUCTURAL METAL PRODUCTS
8287,WRAC,BLANK CHECKS
8288,ALPA,"SOAP, DETERGENT, CLEANING PREPARATIONS, PERFUMES, COSMETICS"
8289,APTM,BLANK CHECKS
8290,AKA,RETAIL-CATALOG &amp; MAIL-ORDER HOUSES
8291,ARBK,FINANCE SERVICES
8292,BRLT,"JEWELRY, SILVERWARE &amp; PLATED WARE"
8293,CHWA,Unknown
8294,CWAN,SERVICES-PREPACKAGED SOFTWARE
8295,ESMT,SERVICES-PREPACKAGED SOFTWARE
8296,ML,FINANCE SERVICES
8297,NRDY,SERVICES-EDUCATIONAL SERVICES
8298,PFTA,BLANK CHECKS
8299,RELY,"SERVICES-BUSINESS SERVICES, NEC"
8300,SOVO,FOOD &amp; KINDRED PRODUCTS
8301,STER,SERVICES-COMPUTER PROCESSING &amp; DATA PREPARATION
8302,SWAG,Unknown
8303,SWSS,BLANK CHECKS
8304,THRN,PHARMACEUTICAL PREPARATIONS
8305,TOST,SERVICES-COMPUTER PROCESSING &amp; DATA PREPARATION
8306,VBNK,"COMMERCIAL BANKS, NEC"
8307,XPAX,BLANK CHECKS
8308,JSPR,BIOLOGICAL PRODUCTS (NO DIAGNOSTIC SUBSTANCES)
8309,HWEL,BLANK CHECKS
8310,AFTR,BLANK CHECKS
8311,AMPL,SERVICES-PREPACKAGED SOFTWARE
8312,BHIL,FOOD &amp; KINDRED PRODUCTS
8313,DWAC,"SERVICES-COMPUTER PROGRAMMING, DATA PROCESSING, ETC."
8314,ECAT,Unknown
8315,EXAI,BIOLOGICAL PRODUCTS (NO DIAGNOSTIC SUBSTANCES)
8316,FWRG,RETAIL-EATING PLACES
8317,GFAI,"SERVICES-DETECTIVE, GUARD &amp; ARMORED CAR SERVICES"
8318,GLEE,SERVICES-PREPACKAGED SOFTWARE
8319,IONM,SURGICAL &amp; MEDICAL INSTRUMENTS &amp; APPARATUS
8320,IONQ,SERVICES-COMPUTER INTEGRATED SYSTEMS DESIGN
8321,JAQC,BLANK CHECKS
8322,KCGI,BLANK CHECKS
8323,KORE,"COMMUNICATION SERVICES, NEC"
8324,LMDX,PHARMACEUTICAL PREPARATIONS
8325,MEKA,BLANK CHECKS
8326,NFGC,GOLD &amp; SILVER ORES
8327,NVNO,SURGICAL &amp; MEDICAL INSTRUMENTS &amp; APPARATUS
8328,OLPX,"PERFUMES, COSMETICS &amp; OTHER TOILET PREPARATIONS"
8329,PAFO,BLANK CHECKS
8330,PROC,PHARMACEUTICAL PREPARATIONS
8331,ROIV,PHARMACEUTICAL PREPARATIONS
8332,SEVN,REAL ESTATE INVESTMENT TRUSTS
8333,SHPW,MISCELLANEOUS MANUFACTURING INDUSTRIES
8334,SLVM,PAPER MILLS
8335,SNT,"COMMUNICATIONS EQUIPMENT, NEC"
8336,STRC,SERVICES-PREPACKAGED SOFTWARE
8337,TDCX,SERVICES-COMPUTER INTEGRATED SYSTEMS DESIGN
8338,VLD,"SPECIAL INDUSTRY MACHINERY, NEC"
8339,VLN,SEMICONDUCTORS &amp; RELATED DEVICES
8340,WOLF,SEMICONDUCTORS &amp; RELATED DEVICES
8341,WRBY,OPHTHALMIC GOODS
8342,DCRD,BLANK CHECKS
8343,NOVV,BLANK CHECKS
8344,OXAC,"AIR TRANSPORTATION, NONSCHEDULED"
8345,VCXA,AGRICULTURE PRODUCTION - CROPS
8346,WBX,MISCELLANEOUS TRANSPORTATION EQUIPMENT
8347,WQGA,BLANK CHECKS
8348,ARBE,SERVICES-COMPUTER INTEGRATED SYSTEMS DESIGN
8349,BWC,BLANK CHECKS
8350,CCSI,SERVICES-PREPACKAGED SOFTWARE
8351,CENQ,INDUSTRIAL ORGANIC CHEMICALS
8352,CGTX,BIOLOGICAL PRODUCTS (NO DIAGNOSTIC SUBSTANCES)
8353,CION,Unknown
8354,GIPR,REAL ESTATE INVESTMENT TRUSTS
8355,GWH,"MISCELLANEOUS ELECTRICAL MACHINERY, EQUIPMENT &amp; SUPPLIES"
8356,ISO,LABORATORY ANALYTICAL INSTRUMENTS
8357,LTH,SERVICES-MEMBERSHIP SPORTS &amp; RECREATION CLUBS
8358,LVO,RETAIL-EATING PLACES
8359,MNDT,"COMPUTER PERIPHERAL EQUIPMENT, NEC"
8360,NVEI,"SERVICES-BUSINESS SERVICES, NEC"
8361,OXUS,FOOD &amp; KINDRED PRODUCTS
8362,PYXS,PHARMACEUTICAL PREPARATIONS
8363,SNCE,SERVICES-COMMERCIAL PHYSICAL &amp; BIOLOGICAL RESEARCH
8364,TCN,REAL ESTATE OPERATORS (NO DEVELOPERS) &amp; LESSORS
8365,THRX,PHARMACEUTICAL PREPARATIONS
8366,VLCN,MOTOR VEHICLES &amp; PASSENGER CAR BODIES
8367,APMI,BLANK CHECKS
8368,PONO,AIRCRAFT
8369,PPHP,BLANK CHECKS
8370,WAVC,BLANK CHECKS
8371,WINV,BLANK CHECKS
8372,BBLG,"ORTHOPEDIC, PROSTHETIC &amp; SURGICAL APPLIANCES &amp; SUPPLIES"
8373,BBLGW,"ORTHOPEDIC, PROSTHETIC &amp; SURGICAL APPLIANCES &amp; SUPPLIES"
8374,BKKT,FINANCE SERVICES
8375,CLST,"SAVINGS INSTITUTION, FEDERALLY CHARTERED"
8376,ENJY,Unknown
8377,FNA,SURGICAL &amp; MEDICAL INSTRUMENTS &amp; APPARATUS
8378,GTLB,SERVICES-PREPACKAGED SOFTWARE
8379,IHS,RADIO TELEPHONE COMMUNICATIONS
8380,INKT,BIOLOGICAL PRODUCTS (NO DIAGNOSTIC SUBSTANCES)
8381,IVT,REAL ESTATE INVESTMENT TRUSTS
8382,LUCD,SURGICAL &amp; MEDICAL INSTRUMENTS &amp; APPARATUS
8383,OZ,REAL ESTATE
8384,SISI,AGRICULTURE PRODUCTION - CROPS
8385,VGFC,FOOD &amp; KINDRED PRODUCTS
8386,XRTX,PHARMACEUTICAL PREPARATIONS
8387,RVAC,Unknown
8388,ARIS,"OIL, GAS FIELD SERVICES, NBC"
8389,ASTL,"STEEL WORKS, BLAST FURNACES  ROLLING MILLS (COKE OVENS)"
8390,BBLN,SERVICES-HEALTH SERVICES
8391,CCAI,BLANK CHECKS
8392,CNDA,BLANK CHECKS
8393,CNTX,PHARMACEUTICAL PREPARATIONS
8394,COCO,BEVERAGES
8395,CYN,SERVICES-COMPUTER PROGRAMMING SERVICES
8396,ENFN,SERVICES-PREPACKAGED SOFTWARE
8397,FBRT,REAL ESTATE INVESTMENT TRUSTS
8398,GET,"SERVICES-BUSINESS SERVICES, NEC"
8399,HHH,Unknown
8400,MEOA,SERVICES-COMPUTER PROCESSING &amp; DATA PREPARATION
8401,MIR,"MEASURING &amp; CONTROLLING DEVICES, NEC"
8402,NVTS,SEMICONDUCTORS &amp; RELATED DEVICES
8403,PTLO,RETAIL-EATING PLACES
8404,RDBX,Unknown
8405,REVE,SERVICES-MISCELLANEOUS AMUSEMENT &amp; RECREATION
8406,RWAY,Unknown
8407,SABS,BIOLOGICAL PRODUCTS (NO DIAGNOSTIC SUBSTANCES)
8408,SDIG,FINANCE SERVICES
8409,SEAT,SERVICES-MISCELLANEOUS AMUSEMENT &amp; RECREATION
8410,UTRS,SURGICAL &amp; MEDICAL INSTRUMENTS &amp; APPARATUS
8411,VTYX,PHARMACEUTICAL PREPARATIONS
8412,WE,OPERATORS OF NONRESIDENTIAL BUILDINGS
8413,XLO,PHARMACEUTICAL PREPARATIONS
8414,AIP,SEMICONDUCTORS &amp; RELATED DEVICES
8415,AIRS,SERVICES-OFFICES &amp; CLINICS OF DOCTORS OF MEDICINE
8416,AUGX,"SERVICES-BUSINESS SERVICES, NEC"
8417,AURA,BIOLOGICAL PRODUCTS (NO DIAGNOSTIC SUBSTANCES)
8418,BFRI,PHARMACEUTICAL PREPARATIONS
8419,BNIX,SERVICES-PREPACKAGED SOFTWARE
8420,BNNR,BLANK CHECKS
8421,BTTX,SERVICES-HEALTH SERVICES
8422,BXSL,Unknown
8423,DTC,Unknown
8424,DTRT,BLANK CHECKS
8425,EICA,Unknown
8426,FLNC,"MISCELLANEOUS ELECTRICAL MACHINERY, EQUIPMENT &amp; SUPPLIES"
8427,GFS,SEMICONDUCTORS &amp; RELATED DEVICES
8428,HRT,"SERVICES-BUSINESS SERVICES, NEC"
8429,INFA,SERVICES-PREPACKAGED SOFTWARE
8430,MEGI,Unknown
8431,MRAI,"SERVICES-MISC HEALTH &amp; ALLIED SERVICES, NEC"
8432,NN,"SEARCH, DETECTION, NAVIGATION, GUIDANCE, AERONAUTICAL SYS"
8433,OFSSH,Unknown
8434,PRBM,BLANK CHECKS
8435,RENT,"RETAIL-RETAIL STORES, NEC"
8436,SONX,DENTAL EQUIPMENT &amp; SUPPLIES
8437,TPBA,BLANK CHECKS
8438,TRDA,PHARMACEUTICAL PREPARATIONS
8439,UDMY,SERVICES-EDUCATIONAL SERVICES
8440,SKE,GOLD &amp; SILVER ORES
8441,AEHA,PHARMACEUTICAL PREPARATIONS
8442,ARHS,RETAIL-FURNITURE STORES
8443,AUR,SERVICES-COMPUTER INTEGRATED SYSTEMS DESIGN
8444,BIRD,APPAREL &amp; OTHER FINISHED PRODS OF FABRICS &amp; SIMILAR MATERIAL
8445,BMAQ,BLANK CHECKS
8446,BRDS,"MOTORCYCLES, BICYCLES &amp; PARTS"
8447,BSFC,PREPARED FRESH OR FROZEN FISH &amp; SEAFOODS
8448,CDRE,"ORTHOPEDIC, PROSTHETIC &amp; SURGICAL APPLIANCES &amp; SUPPLIES"
8449,CIAN,SERVICES-COMPUTER PROCESSING &amp; DATA PREPARATION
8450,CMPX,BIOLOGICAL PRODUCTS (NO DIAGNOSTIC SUBSTANCES)
8451,CMTG,REAL ESTATE
8452,DCGO,SERVICES-HEALTH SERVICES
8453,EDNC,BLANK CHECKS
8454,FLYA,BLANK CHECKS
8455,GIA,ELECTROMEDICAL &amp; ELECTROTHERAPEUTIC APPARATUS
8456,IOBT,PHARMACEUTICAL PREPARATIONS
8457,KD,SERVICES-COMPUTER INTEGRATED SYSTEMS DESIGN
8458,KIND,"SERVICES-COMPUTER PROGRAMMING, DATA PROCESSING, ETC."
8459,LIAN,PHARMACEUTICAL PREPARATIONS
8460,LYLT,"SERVICES-BUSINESS SERVICES, NEC"
8461,MDXH,SERVICES-MEDICAL LABORATORIES
8462,MYNZ,PHARMACEUTICAL PREPARATIONS
8463,NRDS,SERVICES-COMPUTER PROCESSING &amp; DATA PREPARATION
8464,NXDT,REAL ESTATE INVESTMENT TRUSTS
8465,RGF,FOOD &amp; KINDRED PRODUCTS
8466,SIER,BLANK CHECKS
8467,SLNH,FINANCE SERVICES
8468,TSVT,PHARMACEUTICAL PREPARATIONS
8469,AACI,BLANK CHECKS
8470,ARGU,BLANK CHECKS
8471,BJDX,SURGICAL &amp; MEDICAL INSTRUMENTS &amp; APPARATUS
8472,BLBX,METAL MINING
8473,BLZE,SERVICES-PREPACKAGED SOFTWARE
8474,BMAC,BLANK CHECKS
8475,BTBD,RETAIL-EATING PLACES
8476,CINT,SERVICES-COMPUTER PROGRAMMING SERVICES
8477,DRUG,PHARMACEUTICAL PREPARATIONS
8478,DSAQ,BLANK CHECKS
8479,EMBK,SERVICES-COMPUTER INTEGRATED SYSTEMS DESIGN
8480,EXFY,SERVICES-PREPACKAGED SOFTWARE
8481,LOCC,BLANK CHECKS
8482,LVLU,RETAIL-CATALOG &amp; MAIL-ORDER HOUSES
8483,MYNA,"COMMUNICATION SERVICES, NEC"
8484,PIK,RETAIL-CATALOG &amp; MAIL-ORDER HOUSES
8485,PRM,CHEMICALS &amp; ALLIED PRODUCTS
8486,RIVN,MOTOR VEHICLES &amp; PASSENGER CAR BODIES
8487,SANB,BLANK CHECKS
8488,SNDA,SERVICES-NURSING &amp; PERSONAL CARE FACILITIES
8489,SOPA,"SERVICES-BUSINESS SERVICES, NEC"
8490,TCBX,"SAVINGS INSTITUTIONS, NOT FEDERALLY CHARTERED"
8491,TELZ,CRUDE PETROLEUM &amp; NATURAL GAS
8492,TIVC,ELECTROMEDICAL &amp; ELECTROTHERAPEUTIC APPARATUS
8493,TOI,SERVICES-OFFICES &amp; CLINICS OF DOCTORS OF MEDICINE
8494,VAXX,PHARMACEUTICAL PREPARATIONS
8495,WBEV,RETAIL-MISCELLANEOUS RETAIL
8496,WEAV,SERVICES-PREPACKAGED SOFTWARE
8497,HHGC,BLANK CHECKS
8498,ONL,REAL ESTATE INVESTMENT TRUSTS
8499,GIAC,BLANK CHECKS
8500,IPAX,"SEARCH, DETECTION, NAVIGATION, GUIDANCE, AERONAUTICAL SYS"
8501,AHI,SERVICES-PREPACKAGED SOFTWARE
8502,BACA,BLANK CHECKS
8503,BRZE,SERVICES-PREPACKAGED SOFTWARE
8504,DGHI,FINANCE SERVICES
8505,DMYS,BLANK CHECKS
8506,FINW,STATE COMMERCIAL BANKS
8507,IREN,FINANCE SERVICES
8508,LITM,MISCELLANEOUS METAL ORES
8509,LOCL,AGRICULTURE PRODUCTION - CROPS
8510,NMAI,Unknown
8511,SEV,SEMICONDUCTORS &amp; RELATED DEVICES
8512,TROO,MISCELLANEOUS BUSINESS CREDIT INSTITUTION
8513,TSAT,"COMMUNICATION SERVICES, NEC"
8514,USER,SERVICES-PREPACKAGED SOFTWARE
8515,WEJO,SERVICES-COMPUTER PROCESSING &amp; DATA PREPARATION
8516,HCVI,BLANK CHECKS
8517,AERC,INDUSTRIAL &amp; COMMERCIAL FANS &amp; BLOWERS &amp; AIR PURIFYING EQUIP
8518,ARTE,WHOLESALE-DRUGS PROPRIETARIES &amp; DRUGGISTS&#39; SUNDRIES
8519,GATE,BLANK CHECKS
8520,GUG,Unknown
8521,HPLT,BLANK CHECKS
8522,HWKZ,BLANK CHECKS
8523,JMAC,BLANK CHECKS
8524,LCW,BLANK CHECKS
8525,MCLD,SERVICES-PREPACKAGED SOFTWARE
8526,MTRY,BLANK CHECKS
8527,TGVC,BLANK CHECKS
8528,DTG,ELECTRIC SERVICES
8529,NFYS,BLANK CHECKS
8530,PBAX,BIOLOGICAL PRODUCTS (NO DIAGNOSTIC SUBSTANCES)
8531,BAFN,STATE COMMERCIAL BANKS
8532,CDRO,SERVICES-MISCELLANEOUS AMUSEMENT &amp; RECREATION
8533,DMAQ,Unknown
8534,ENER,BLANK CHECKS
8535,GRAB,"SERVICES-BUSINESS SERVICES, NEC"
8536,OP,DEEP SEA FOREIGN TRANSPORTATION OF FREIGHT
8537,SGII,"MINING, QUARRYING OF NONMETALLIC MINERALS (NO FUELS)"
8538,AVAC,BLANK CHECKS
8539,BZFD,"COMMUNICATION SERVICES, NEC"
8540,FATP,SERVICES-PREPACKAGED SOFTWARE
8541,HGTY,INSURANCE AGENTS BROKERS &amp; SERVICES
8542,IMPP,DEEP SEA FOREIGN TRANSPORTATION OF FREIGHT
8543,MCAG,SURGICAL &amp; MEDICAL INSTRUMENTS &amp; APPARATUS
8544,PEAR,SERVICES-HEALTH SERVICES
8545,PIII,SERVICES-HEALTH SERVICES
8546,TRIS,BLANK CHECKS
8547,IXAQ,"COMMUNICATION SERVICES, NEC"
8548,ACAQ,BLANK CHECKS
8549,AMPS,ELECTRIC SERVICES
8550,ARIZ,BLANK CHECKS
8551,AXH,BLANK CHECKS
8552,BBAI,SERVICES-PREPACKAGED SOFTWARE
8553,BOXD,RETAIL-CATALOG &amp; MAIL-ORDER HOUSES
8554,CDAQ,BLANK CHECKS
8555,CING,PHARMACEUTICAL PREPARATIONS
8556,CRGY,CRUDE PETROLEUM &amp; NATURAL GAS
8557,CVT,SERVICES-PREPACKAGED SOFTWARE
8558,FNVT,BLANK CHECKS
8559,FOUN,Unknown
8560,GOGN,BLANK CHECKS
8561,ICNC,BLANK CHECKS
8562,IGAP,Unknown
8563,MBSC,BLANK CHECKS
8564,MOBQW,SERVICES-ADVERTISING
8565,NCAC,BLANK CHECKS
8566,NILE,OIL &amp; GAS FILED MACHINERY &amp; EQUIPMENT
8567,NRSN,PHARMACEUTICAL PREPARATIONS
8568,NU,FINANCE SERVICES
8569,ONYX,BLANK CHECKS
8570,PEPL,BLANK CHECKS
8571,PGSS,BLANK CHECKS
8572,PL,RADIO &amp; TV BROADCASTING &amp; COMMUNICATIONS EQUIPMENT
8573,REFI,REAL ESTATE INVESTMENT TRUSTS
8574,RENO,SERVICES-EDUCATIONAL SERVICES
8575,SLDP,"MISCELLANEOUS ELECTRICAL MACHINERY, EQUIPMENT &amp; SUPPLIES"
8576,VCSA,SERVICES-TO DWELLINGS &amp; OTHER BUILDINGS
8577,VLNS,MEDICINAL CHEMICALS &amp; BOTANICAL PRODUCTS
8578,ENTF,BLANK CHECKS
8579,FHLT,BLANK CHECKS
8580,THAC,BLANK CHECKS
8581,WWAC,SERVICES-MANAGEMENT CONSULTING SERVICES
8582,AEAE,MOTOR VEHICLE PARTS &amp; ACCESSORIES
8583,AHG,"SERVICES-BUSINESS SERVICES, NEC"
8584,BEPI,ELECTRIC SERVICES
8585,BNOX,PHARMACEUTICAL PREPARATIONS
8586,BOWL,SERVICES-AMUSEMENT &amp; RECREATION SERVICES
8587,BWNB,"HEATING EQUIPMENT, EXCEPT ELECTRIC &amp; WARM AIR FURNACES"
8588,EQRX,PHARMACEUTICAL PREPARATIONS
8589,ESAC,CONSTRUCTION SPECIAL TRADE CONTRACTORS
8590,EVTL,AIRCRAFT
8591,GNTA,BIOLOGICAL PRODUCTS (NO DIAGNOSTIC SUBSTANCES)
8592,IMMX,PHARMACEUTICAL PREPARATIONS
8593,IOT,SERVICES-COMPUTER INTEGRATED SYSTEMS DESIGN
8594,LAX,SERVICES-HEALTH SERVICES
8595,NPFD,Unknown
8596,PCX,BLANK CHECKS
8597,SANG,"SERVICES-COMPUTER PROGRAMMING, DATA PROCESSING, ETC."
8598,SIDU,RADIO TELEPHONE COMMUNICATIONS
8599,SSU,RETAIL-MISCELLANEOUS SHOPPING GOODS STORES
8600,VINE,RETAIL-CATALOG &amp; MAIL-ORDER HOUSES
8601,WAVD,SERVICES-PREPACKAGED SOFTWARE
8602,WULF,FINANCE SERVICES
8603,XFIN,BLANK CHECKS
8604,ZGN,APPAREL &amp; OTHER FINISHED PRODS OF FABRICS &amp; SIMILAR MATERIAL
8605,INTE,BLANK CHECKS
8606,LVAC,BLANK CHECKS
8607,PHYT,BLANK CHECKS
8608,ADSE,MISCELLANEOUS TRANSPORTATION EQUIPMENT
8609,ADTH,"SERVICES-COMPUTER PROGRAMMING, DATA PROCESSING, ETC."
8610,ALLR,PHARMACEUTICAL PREPARATIONS
8611,CNDB,SEMICONDUCTORS &amp; RELATED DEVICES
8612,FATH,FABRICATED STRUCTURAL METAL PRODUCTS
8613,FIAC,"INVESTORS, NEC"
8614,GLLI,BLANK CHECKS
8615,GTAC,"SERVICES-BUSINESS SERVICES, NEC"
8616,HYPR,ELECTROMEDICAL &amp; ELECTROTHERAPEUTIC APPARATUS
8617,JUN,BLANK CHECKS
8618,LGTO,HEAVY CONSTRUCTION OTHER THAN BUILDING CONST - CONTRACTORS
8619,MLAI,BLANK CHECKS
8620,NXGL,SURGICAL &amp; MEDICAL INSTRUMENTS &amp; APPARATUS
8621,OHAA,BLANK CHECKS
8622,PCCT,"MEASURING &amp; CONTROLLING DEVICES, NEC"
8623,PEGR,BLANK CHECKS
8624,PRDS,PHARMACEUTICAL PREPARATIONS
8625,RRAC,BLANK CHECKS
8626,SCCD,REAL ESTATE INVESTMENT TRUSTS
8627,SCMA,BLANK CHECKS
8628,SPRC,PHARMACEUTICAL PREPARATIONS
8629,SVNA,BLANK CHECKS
8630,TRAQ,BLANK CHECKS
8631,USCT,BLANK CHECKS
8632,VSAC,BLANK CHECKS
8633,SEDA,BLANK CHECKS
8634,ARCK,BLANK CHECKS
8635,ACDI,BLANK CHECKS
8636,ADAL,BLANK CHECKS
8637,BCSA,BLANK CHECKS
8638,CCRD,SERVICES-PREPACKAGED SOFTWARE
8639,CCTS,BLANK CHECKS
8640,CMPO,FINANCE SERVICES
8641,DHAC,SERVICES-HEALTH SERVICES
8642,DOUG,REAL ESTATE AGENTS &amp; MANAGERS (FOR OTHERS)
8643,DPCS,BLANK CHECKS
8644,FRLA,"SPECIAL INDUSTRY MACHINERY, NEC"
8645,GBLL,Unknown
8646,GVCI,BLANK CHECKS
8647,HLGN,ELECTRIC SERVICES
8648,HTAQ,BLANK CHECKS
8649,IQMD,BLANK CHECKS
8650,IRRX,BLANK CHECKS
8651,LGVC,BLANK CHECKS
8652,LIBY,BLANK CHECKS
8653,MPRA,BLANK CHECKS
8654,RCFA,GOLD &amp; SILVER ORES
8655,ROC,OIL &amp; GAS FILED MACHINERY &amp; EQUIPMENT
8656,SHCA,BLANK CHECKS
8657,VORB,"SEARCH, DETECTION, NAVIGATION, GUIDANCE, AERONAUTICAL SYS"
8658,AFAC,BLANK CHECKS
8659,CBRG,BLANK CHECKS
8660,MCAA,BLANK CHECKS
8661,TOAC,BLANK CHECKS
8662,APN,BIOLOGICAL PRODUCTS (NO DIAGNOSTIC SUBSTANCES)
8663,NPAB,BLANK CHECKS
8664,AMLX,PHARMACEUTICAL PREPARATIONS
8665,AZ,"GENERAL INDUSTRIAL MACHINERY &amp; EQUIPMENT, NEC"
8666,CINC,PHARMACEUTICAL PREPARATIONS
8667,HOUR,RETAIL-CATALOG &amp; MAIL-ORDER HOUSES
8668,IFIN,"SERVICES-BUSINESS SERVICES, NEC"
8669,IOAC,SERVICES-AUTO RENTAL &amp; LEASING (NO DRIVERS)
8670,JWAC,BLANK CHECKS
8671,NETC,BLANK CHECKS
8672,NFNT,BLANK CHECKS
8673,RNER,BLANK CHECKS
8674,ROCL,CRUDE PETROLEUM &amp; NATURAL GAS
8675,SGLY,ARRANGEMENT OF TRANSPORTATION OF FREIGHT &amp; CARGO
8676,SUAC,BLANK CHECKS
8677,VIGL,BIOLOGICAL PRODUCTS (NO DIAGNOSTIC SUBSTANCES)
8678,LGST,BIOLOGICAL PRODUCTS (NO DIAGNOSTIC SUBSTANCES)
8679,VMGA,BLANK CHECKS
8680,ALOR,BLANK CHECKS
8681,BLEU,BLANK CHECKS
8682,BRD,BLANK CHECKS
8683,CFSB,"SAVINGS INSTITUTION, FEDERALLY CHARTERED"
8684,CISO,SERVICES-MANAGEMENT CONSULTING SERVICES
8685,DAOO,BLANK CHECKS
8686,DCFC,MISCELLANEOUS TRANSPORTATION EQUIPMENT
8687,DMA,Unknown
8688,FEXD,LOAN BROKERS
8689,FXCO,BLANK CHECKS
8690,GDNR,BLANK CHECKS
8691,GLS,PHARMACEUTICAL PREPARATIONS
8692,HILS,PHARMACEUTICAL PREPARATIONS
8693,MAAQ,IN VITRO &amp; IN VIVO DIAGNOSTIC SUBSTANCES
8694,MNTN,BLANK CHECKS
8695,TPG,INVESTMENT ADVICE
8696,VHNA,INSURANCE AGENTS BROKERS &amp; SERVICES
8697,ZING,BLANK CHECKS
8698,CREC,BLANK CHECKS
8699,ENCP,ELECTRICAL INDUSTRIAL APPARATUS
8700,ALSA,SERVICES-PREPACKAGED SOFTWARE
8701,AORT,SURGICAL &amp; MEDICAL INSTRUMENTS &amp; APPARATUS
8702,CNGL,SERVICES-COMPUTER INTEGRATED SYSTEMS DESIGN
8703,CORZ,FINANCE SERVICES
8704,IGTA,BLANK CHECKS
8705,KACL,BLANK CHECKS
8706,NSTS,"SAVINGS INSTITUTION, FEDERALLY CHARTERED"
8707,NXPL,TELEPHONE COMMUNICATIONS (NO RADIO TELEPHONE)
8708,PACI,"AIR TRANSPORTATION, NONSCHEDULED"
8709,RVLP,PHARMACEUTICAL PREPARATIONS
8710,SOND,"HOTELS, ROOMING HOUSE, CAMPS &amp; OTHER LODGING PLACES"
8711,STET,BLANK CHECKS
8712,TKLF,"RETAIL-RETAIL STORES, NEC"
8713,VZLA,GOLD &amp; SILVER ORES
8714,WEL,RETAIL-NONSTORE RETAILERS
8715,WTMAR,"MISCELLANEOUS ELECTRICAL MACHINERY, EQUIPMENT &amp; SUPPLIES"
8716,CMCA,BLANK CHECKS
8717,TLGY,"PLASTICS, MATERIALS, SYNTH RESINS &amp; NONVULCAN ELASTOMERS"
8718,WTMA,"MISCELLANEOUS ELECTRICAL MACHINERY, EQUIPMENT &amp; SUPPLIES"
8719,CYBN,PHARMACEUTICAL PREPARATIONS
8720,ALR,SERVICES-SKILLED NURSING CARE FACILITIES
8721,BIPI,WATER TRANSPORTATION
8722,BPAC,BLANK CHECKS
8723,CRDO,SEMICONDUCTORS &amp; RELATED DEVICES
8724,ECCV,Unknown
8725,FGI,"HEATING EQUIP, EXCEPT ELEC &amp; WARM AIR &amp; PLUMBING FIXTURES"
8726,FGIWW,"HEATING EQUIP, EXCEPT ELEC &amp; WARM AIR &amp; PLUMBING FIXTURES"
8727,GEEX,BLANK CHECKS
8728,KSCP,"COMMUNICATIONS EQUIPMENT, NEC"
8729,MTVC,BLANK CHECKS
8730,NVAC,SURGICAL &amp; MEDICAL INSTRUMENTS &amp; APPARATUS
8731,OLIT,OPTICAL INSTRUMENTS &amp; LENSES
8732,PAXS,Unknown
8733,PORT,SERVICES-MOTION PICTURE &amp; VIDEO TAPE PRODUCTION
8734,RJAC,BLANK CHECKS
8735,SATL,RADIO &amp; TV BROADCASTING &amp; COMMUNICATIONS EQUIPMENT
8736,SCUA,BLANK CHECKS
8737,SGHC,SERVICES-MISCELLANEOUS AMUSEMENT &amp; RECREATION
8738,SKYH,REAL ESTATE
8739,SST,"SERVICES-COMPUTER PROGRAMMING, DATA PROCESSING, ETC."
8740,TCOA,BLANK CHECKS
8741,TCRT,PHARMACEUTICAL PREPARATIONS
8742,UTAA,BLANK CHECKS
8743,ATEK,HAZARDOUS WASTE MANAGEMENT
8744,ACLX,BIOLOGICAL PRODUCTS (NO DIAGNOSTIC SUBSTANCES)
8745,ANGH,"COMMUNICATION SERVICES, NEC"
8746,APCA,BLANK CHECKS
8747,BRKH,SEMICONDUCTORS &amp; RELATED DEVICES
8748,CEG,ELECTRIC SERVICES
8749,EVE,BLANK CHECKS
8750,FRBN,BLANK CHECKS
8751,FSRD,FABRICATED STRUCTURAL METAL PRODUCTS
8752,GGAA,BLANK CHECKS
8753,GRNA,BIOLOGICAL PRODUCTS (NO DIAGNOSTIC SUBSTANCES)
8754,HORI,BLANK CHECKS
8755,IDAI,SERVICES-PREPACKAGED SOFTWARE
8756,LFLY,SERVICES-PREPACKAGED SOFTWARE
8757,MTEK,"COMMUNICATIONS EQUIPMENT, NEC"
8758,NVCT,PHARMACEUTICAL PREPARATIONS
8759,NVX,"MISCELLANEOUS ELECTRICAL MACHINERY, EQUIPMENT &amp; SUPPLIES"
8760,SHAP,"SERVICES-BUSINESS SERVICES, NEC"
8761,SHEL,CRUDE PETROLEUM &amp; NATURAL GAS
8762,SSIC,Unknown
8763,SZZL,BLANK CHECKS
8764,TGAA,BLANK CHECKS
8765,XPDB,AIR COND &amp; WARM AIR HEATING EQUIP &amp; COMM &amp; INDL REFRIG EQUIP
8766,AHRN,BLANK CHECKS
8767,BFAC,BLANK CHECKS
8768,GFGD,MOTOR VEHICLE PARTS &amp; ACCESSORIES
8769,IVCB,BLANK CHECKS
8770,ADRT,BLANK CHECKS
8771,PRLH,BLANK CHECKS
8772,HAIA,BLANK CHECKS
8773,APXI,BLANK CHECKS
8774,AOGO,SERVICES-PREPACKAGED SOFTWARE
8775,AREB,MISCELLANEOUS FABRICATED METAL PRODUCTS
8776,AREBW,MISCELLANEOUS FABRICATED METAL PRODUCTS
8777,AREN,CABLE &amp; OTHER PAY TELEVISION SERVICES
8778,BRCC,BEVERAGES
8779,CEAD,AGRICULTURE SERVICES
8780,CFFS,BLANK CHECKS
8781,CPTN,MOTOR VEHICLE PARTS &amp; ACCESSORIES
8782,DRCT,SERVICES-ADVERTISING
8783,HTCR,SERVICES-COMPUTER PROCESSING &amp; DATA PREPARATION
8784,ISPO,BLANK CHECKS
8785,LSPR,PHARMACEUTICAL PREPARATIONS
8786,MDV,REAL ESTATE INVESTMENT TRUSTS
8787,MODD,SURGICAL &amp; MEDICAL INSTRUMENTS &amp; APPARATUS
8788,NRGV,"MISCELLANEOUS ELECTRICAL MACHINERY, EQUIPMENT &amp; SUPPLIES"
8789,QNGY,MOTOR VEHICLE PARTS &amp; ACCESSORIES
8790,RMMZ,Unknown
8791,SAGA,BLANK CHECKS
8792,SKYX,ELECTRIC LIGHTING &amp; WIRING EQUIPMENT
8793,TCBP,BIOLOGICAL PRODUCTS (NO DIAGNOSTIC SUBSTANCES)
8794,RCAC,"AIR TRANSPORTATION, NONSCHEDULED"
8795,BOCN,BLANK CHECKS
8796,BTOG,FINANCE SERVICES
8797,BWV,PHARMACEUTICAL PREPARATIONS
8798,EMLD,FINANCE SERVICES
8799,IVCP,CRUDE PETROLEUM &amp; NATURAL GAS
8800,MHUA,SURGICAL &amp; MEDICAL INSTRUMENTS &amp; APPARATUS
8801,QTEK,"WATER, SEWER, PIPELINE, COMM AND POWER LINE CONSTRUCTION"
8802,SMFL,MEDICINAL CHEMICALS &amp; BOTANICAL PRODUCTS
8803,AIB,BLANK CHECKS
8804,BOC,REAL ESTATE OPERATORS (NO DEVELOPERS) &amp; LESSORS
8805,CXAC,BLANK CHECKS
8806,RLTY,Unknown
8807,TGAN,SEMICONDUCTORS &amp; RELATED DEVICES
8808,CITE,BLANK CHECKS
8809,IXHL,PHARMACEUTICAL PREPARATIONS
8810,RGTI,SERVICES-COMPUTER PROGRAMMING SERVICES
8811,RGTIW,SERVICES-COMPUTER PROGRAMMING SERVICES
8812,SCRM,BLANK CHECKS
8813,VBOC,BLANK CHECKS
8814,ZIMV,DENTAL EQUIPMENT &amp; SUPPLIES
8815,GMFI,BLANK CHECKS
8816,ITAQ,INDUSTRIAL ORGANIC CHEMICALS
8817,VCXB,BIOLOGICAL PRODUCTS (NO DIAGNOSTIC SUBSTANCES)
8818,WNNR,SERVICES-PREPACKAGED SOFTWARE
8819,KYCH,BLANK CHECKS
8820,PPYA,BLANK CHECKS
8821,ACAB,BIOLOGICAL PRODUCTS (NO DIAGNOSTIC SUBSTANCES)
8822,CSLM,SERVICES-COMPUTER INTEGRATED SYSTEMS DESIGN
8823,EP,CRUDE PETROLEUM &amp; NATURAL GAS
8824,GAQ,BLANK CHECKS
8825,GCTK,SURGICAL &amp; MEDICAL INSTRUMENTS &amp; APPARATUS
8826,HMA,BLANK CHECKS
8827,IDR,GOLD &amp; SILVER ORES
8828,KMPB,"FIRE, MARINE &amp; CASUALTY INSURANCE"
8829,KNSW,BLANK CHECKS
8830,MGLD,FINANCE SERVICES
8831,SCCE,REAL ESTATE INVESTMENT TRUSTS
8832,DRTS,SURGICAL &amp; MEDICAL INSTRUMENTS &amp; APPARATUS
8833,LIVB,BLANK CHECKS
8834,TETE,"SERVICES-BUSINESS SERVICES, NEC"
8835,BYN,RETAIL-EATING &amp; DRINKING PLACES
8836,AKAN,MEDICINAL CHEMICALS &amp; BOTANICAL PRODUCTS
8837,ALLG,"SERVICES-AUTOMOTIVE REPAIR, SERVICES &amp; PARKING"
8838,ASCA,BLANK CHECKS
8839,BBUC,CONSTRUCTION SPECIAL TRADE CONTRACTORS
8840,DUET,BLANK CHECKS
8841,FEAM,"MINING, QUARRYING OF NONMETALLIC MINERALS (NO FUELS)"
8842,LATG,BLANK CHECKS
8843,PGRU,SERVICES-COMPUTER PROCESSING &amp; DATA PREPARATION
8844,POET,SEMICONDUCTORS &amp; RELATED DEVICES
8845,GHIX,BLANK CHECKS
8846,HCMA,BLANK CHECKS
8847,BWAQ,BLANK CHECKS
8848,ACAX,WHOLESALE-DRUGS PROPRIETARIES &amp; DRUGGISTS&#39; SUNDRIES
8849,ANTX,PHARMACEUTICAL PREPARATIONS
8850,AXAC,BLANK CHECKS
8851,FRGE,"SECURITY &amp; COMMODITY BROKERS, DEALERS, EXCHANGES &amp; SERVICES"
8852,GGE,REAL ESTATE
8853,LCFY,"SERVICES-COMPUTER PROGRAMMING, DATA PROCESSING, ETC."
8854,LLAP,GUIDED MISSILES &amp; SPACE VEHICLES &amp; PARTS
8855,MTMT,SERVICES-MOTION PICTURE &amp; VIDEO TAPE PRODUCTION
8856,SCTL,Unknown
8857,TGR,BLANK CHECKS
8858,ZTEK,MISCELLANEOUS CHEMICAL PRODUCTS
8859,ATAK,SURGICAL &amp; MEDICAL INSTRUMENTS &amp; APPARATUS
8860,EMBC,SURGICAL &amp; MEDICAL INSTRUMENTS &amp; APPARATUS
8861,MURF,PHARMACEUTICAL PREPARATIONS
8862,PEGY,CONSTRUCTION SPECIAL TRADE CONTRACTORS
8863,RVSN,RAILROAD EQUIPMENT
8864,STRY,TELEPHONE COMMUNICATIONS (NO RADIO TELEPHONE)
8865,SWVL,"SERVICES-BUSINESS SERVICES, NEC"
8866,XPON,"MISCELLANEOUS ELECTRICAL MACHINERY, EQUIPMENT &amp; SUPPLIES"
8867,BYNO,BLANK CHECKS
8868,CPAQ,BLANK CHECKS
8869,EVGR,BLANK CHECKS
8870,HNRA,CRUDE PETROLEUM &amp; NATURAL GAS
8871,SGHL,BLANK CHECKS
8872,DC,METAL MINING
8873,ESAB,"GENERAL INDUSTRIAL MACHINERY &amp; EQUIPMENT, NEC"
8874,FTII,BIOLOGICAL PRODUCTS (NO DIAGNOSTIC SUBSTANCES)
8875,GENQ,BLANK CHECKS
8876,GGR,MOTOR VEHICLES &amp; PASSENGER CAR BODIES
8877,JGGC,BLANK CHECKS
8878,LAB,LABORATORY ANALYTICAL INSTRUMENTS
8879,MLTX,PHARMACEUTICAL PREPARATIONS
8880,NUTX,"SERVICES-BUSINESS SERVICES, NEC"
8881,RACY,BLANK CHECKS
8882,WBD,CABLE &amp; OTHER PAY TELEVISION SERVICES
8883,APLD,SERVICES-COMPUTER PROCESSING &amp; DATA PREPARATION
8884,CRGE,TELEGRAPH &amp; OTHER MESSAGE COMMUNICATIONS
8885,GDST,ELECTRICAL INDUSTRIAL APPARATUS
8886,GNS,SERVICES-PREPACKAGED SOFTWARE
8887,LBBB,BLANK CHECKS
8888,PWUP,PHARMACEUTICAL PREPARATIONS
8889,STSS,SURGICAL &amp; MEDICAL INSTRUMENTS &amp; APPARATUS
8890,WAVS,SERVICES-COMPUTER PROGRAMMING SERVICES
8891,ACON,SERVICES-MEDICAL LABORATORIES
8892,CLIN,ELECTRIC &amp; OTHER SERVICES COMBINED
8893,FGMC,SERVICES-PREPACKAGED SOFTWARE
8894,JCSE,MISCELLANEOUS MANUFACTURING INDUSTRIES
8895,RFAC,BLANK CHECKS
8896,SPCM,BLANK CHECKS
8897,VMCA,BLANK CHECKS
8898,SHUA,BLANK CHECKS
8899,GSRM,FINANCE SERVICES
8900,AIU,SERVICES-EDUCATIONAL SERVICES
8901,BLTE,PHARMACEUTICAL PREPARATIONS
8902,ELBM,"MINING, QUARRYING OF NONMETALLIC MINERALS (NO FUELS)"
8903,HLVX,BIOLOGICAL PRODUCTS (NO DIAGNOSTIC SUBSTANCES)
8904,LNW,SERVICES-COMPUTER INTEGRATED SYSTEMS DESIGN
8905,OST,"ELECTRONIC COMPONENTS, NEC"
8906,RWOD,BIOLOGICAL PRODUCTS (NO DIAGNOSTIC SUBSTANCES)
8907,SAI,FINANCE SERVICES
8908,SOUN,SERVICES-PREPACKAGED SOFTWARE
8909,TNON,SURGICAL &amp; MEDICAL INSTRUMENTS &amp; APPARATUS
8910,AUST,GOLD &amp; SILVER ORES
8911,BIOR,PHARMACEUTICAL PREPARATIONS
8912,BLCO,OPHTHALMIC GOODS
8913,DPSI,"SERVICES-COMPUTER PROGRAMMING, DATA PROCESSING, ETC."
8914,EDBL,AGRICULTURE PRODUCTION - CROPS
8915,NHWK,PHARMACEUTICAL PREPARATIONS
8916,NUBI,"MISCELLANEOUS ELECTRICAL MACHINERY, EQUIPMENT &amp; SUPPLIES"
8917,PEPG,PHARMACEUTICAL PREPARATIONS
8918,PLAO,BLANK CHECKS
8919,SAT,Unknown
8920,SMR,FABRICATED PLATE WORK (BOILER SHOPS)
8921,FERG,WHOLESALE-HARDWARE &amp; PLUMBING &amp; HEATING EQUIPMENT &amp; SUPPLIES
8922,EVEX,AIRCRAFT
8923,HNVR,STATE COMMERCIAL BANKS
8924,PFHC,"OIL, GAS FIELD SERVICES, NBC"
8925,SCCF,REAL ESTATE INVESTMENT TRUSTS
8926,BGXX,MEDICINAL CHEMICALS &amp; BOTANICAL PRODUCTS
8927,CMRA,PHARMACEUTICAL PREPARATIONS
8928,FIG,Unknown
8929,IAUX,GOLD &amp; SILVER ORES
8930,OKYO,BIOLOGICAL PRODUCTS (NO DIAGNOSTIC SUBSTANCES)
8931,PRE,LABORATORY ANALYTICAL INSTRUMENTS
8932,SASI,TRANSPORTATION SERVICES
8933,SOBR,PERIODICALS:  PUBLISHING OR PUBLISHING AND PRINTING
8934,VEDU,SERVICES-EDUCATIONAL SERVICES
8935,BNRG,"HEATING EQUIPMENT, EXCEPT ELECTRIC &amp; WARM AIR FURNACES"
8936,BTMD,MEDICINAL CHEMICALS &amp; BOTANICAL PRODUCTS
8937,LSAK,"FUNCTIONS RELATED TO DEPOSITORY BANKING, NEC"
8938,MICS,SERVICES-COMPUTER INTEGRATED SYSTEMS DESIGN
8939,MSPR,SERVICES-COMPUTER PROCESSING &amp; DATA PREPARATION
8940,ODV,GOLD &amp; SILVER ORES
8941,AFAR,SERVICES-MOTION PICTURE &amp; VIDEO TAPE DISTRIBUTION
8942,BCAN,SERVICES-PREPACKAGED SOFTWARE
8943,CLRC,BLANK CHECKS
8944,EMWP,Unknown
8945,GBTG,TRANSPORTATION SERVICES
8946,MSSA,BLANK CHECKS
8947,SVRE,SERVICES-COMPUTER PROGRAMMING SERVICES
8948,TOP,"SECURITY &amp; COMMODITY BROKERS, DEALERS, EXCHANGES &amp; SERVICES"
8949,WDS,CRUDE PETROLEUM &amp; NATURAL GAS
8950,ASCB,BLANK CHECKS
8951,DECA,PHARMACEUTICAL PREPARATIONS
8952,MXCT,SERVICES-COMMERCIAL PHYSICAL &amp; BIOLOGICAL RESEARCH
8953,AFRI,GRAIN MILL PRODUCTS
8954,HOUS,REAL ESTATE AGENTS &amp; MANAGERS (FOR OTHERS)
8955,PEV,TRUCK &amp; BUS BODIES
8956,SNTI,BIOLOGICAL PRODUCTS (NO DIAGNOSTIC SUBSTANCES)
8957,SYM,"GENERAL INDUSTRIAL MACHINERY &amp; EQUIPMENT, NEC"
8958,ALVO,BIOLOGICAL PRODUCTS (NO DIAGNOSTIC SUBSTANCES)
8959,CNXA,"SERVICES-COMPUTER PROGRAMMING, DATA PROCESSING, ETC."
8960,EGIO,"SERVICES-BUSINESS SERVICES, NEC"
8961,GBBK,BLANK CHECKS
8962,GROV,RETAIL-CATALOG &amp; MAIL-ORDER HOUSES
8963,HSCS,"ORTHOPEDIC, PROSTHETIC &amp; SURGICAL APPLIANCES &amp; SUPPLIES"
8964,LYT,SERVICES-COMPUTER PROCESSING &amp; DATA PREPARATION
8965,SBIG,SERVICES-COMPUTER PROGRAMMING SERVICES
8966,SCWO,MOTORS &amp; GENERATORS
8967,CHEA,BLANK CHECKS
8968,GSUN,SERVICES-EDUCATIONAL SERVICES
8969,HTFC,Unknown
8970,INTR,"COMMERCIAL BANKS, NEC"
8971,IPX,MISCELLANEOUS METAL ORES
8972,PGY,FINANCE SERVICES
8973,PSNY,MOTOR VEHICLES &amp; PASSENGER CAR BODIES
8974,PSNYW,MOTOR VEHICLES &amp; PASSENGER CAR BODIES
8975,AIMBU,BLANK CHECKS
8976,EHAB,SERVICES-HOME HEALTH CARE SERVICES
8977,IE,METAL MINING
8978,IONR,"MINING, QUARRYING OF NONMETALLIC MINERALS (NO FUELS)"
8979,KAL,AGRICULTURE PRODUCTION - CROPS
8980,TYDE,SHORT-TERM BUSINESS CREDIT INSTITUTIONS
8981,YOTA,RETAIL-AUTO DEALERS &amp; GASOLINE STATIONS
8982,IVCA,BLANK CHECKS
8983,RENE,BLANK CHECKS
8984,CHRD,CRUDE PETROLEUM &amp; NATURAL GAS
8985,EVTV,MOTOR VEHICLE PARTS &amp; ACCESSORIES
8986,PMN,PHARMACEUTICAL PREPARATIONS
8987,PNAC,BLANK CHECKS
8988,USEA,WATER TRANSPORTATION
8989,VVX,SERVICES-FACILITIES SUPPORT MANAGEMENT SERVICES
8990,GRRR,SERVICES-PREPACKAGED SOFTWARE
8991,HKD,FINANCE SERVICES
8992,ILAG,"PARTITIONS, SHELVING, LOCKERS &amp; OFFICE AND STORE FIXTURES"
8993,NA,SEMICONDUCTORS &amp; RELATED DEVICES
8994,NCPL,FINANCE SERVICES
8995,NCPLW,FINANCE SERVICES
8996,PROK,BIOLOGICAL PRODUCTS (NO DIAGNOSTIC SUBSTANCES)
8997,FAZE,SERVICES-MISCELLANEOUS AMUSEMENT &amp; RECREATION
8998,GETY,"SERVICES-BUSINESS SERVICES, NEC"
8999,GWAV,WHOLESALE-METALS SERVICE CENTERS &amp; OFFICES
9000,HLN,"PERFUMES, COSMETICS &amp; OTHER TOILET PREPARATIONS"
9001,MOND,TRANSPORTATION SERVICES
9002,OPAL,GAS &amp; OTHER SERVICES COMBINED
9003,VRAX,IN VITRO &amp; IN VIVO DIAGNOSTIC SUBSTANCES
9004,WETG,SERVICES-COMPUTER PROCESSING &amp; DATA PREPARATION
9005,APGN,PHARMACEUTICAL PREPARATIONS
9006,ECBK,"SAVINGS INSTITUTIONS, NOT FEDERALLY CHARTERED"
9007,MAIA,PHARMACEUTICAL PREPARATIONS
9008,MGAM,SERVICES-AMUSEMENT &amp; RECREATION SERVICES
9009,NEOV,"MISCELLANEOUS ELECTRICAL MACHINERY, EQUIPMENT &amp; SUPPLIES"
9010,NOTE,"SERVICES-BUSINESS SERVICES, NEC"
9011,PLUR,BIOLOGICAL PRODUCTS (NO DIAGNOSTIC SUBSTANCES)
9012,QNCX,BIOLOGICAL PRODUCTS (NO DIAGNOSTIC SUBSTANCES)
9013,IRAA,BLANK CHECKS
9014,BRSH,DENTAL EQUIPMENT &amp; SUPPLIES
9015,EFSH,SERVICES-MANAGEMENT CONSULTING SERVICES
9016,FIP,"RAILROADS, LINE-HAUL OPERATING"
9017,MEGL,FINANCE SERVICES
9018,STIX,SERVICES-COMPUTER PROGRAMMING SERVICES
9019,STKH,FOOD &amp; KINDRED PRODUCTS
9020,ZFOX,"SERVICES-BUSINESS SERVICES, NEC"
9021,QBTS,SERVICES-COMPUTER PROCESSING &amp; DATA PREPARATION
9022,ACNT,CHEMICALS &amp; ALLIED PRODUCTS
9023,AIMD,PHARMACEUTICAL PREPARATIONS
9024,AIMDW,PHARMACEUTICAL PREPARATIONS
9025,BGLC,SERVICES-MEDICAL LABORATORIES
9026,BNH,Unknown
9027,BNJ,Unknown
9028,BODI,Unknown
9029,CALC,Unknown
9030,CHG,REAL ESTATE
9031,COEP,PHARMACEUTICAL PREPARATIONS
9032,CXT,Unknown
9033,ELTX,Unknown
9034,ELVN,Unknown
9035,EPOW,"MISCELLANEOUS ELECTRICAL MACHINERY, EQUIPMENT &amp; SUPPLIES"
9036,ETAO,Unknown
9037,FLJ,Unknown
9038,FOXO,Unknown
9039,FRZA,SHIP &amp; BOAT BUILDING &amp; REPAIRING
9040,GRNT,CRUDE PETROLEUM &amp; NATURAL GAS
9041,ICCT,SERVICES-PREPACKAGED SOFTWARE
9042,INBS,Unknown
9043,IRON,Unknown
9044,KRRO,Unknown
9045,LENZ,Unknown
9046,LIFW,Unknown
9047,LNKB,STATE COMMERCIAL BANKS
9048,LPTV,SERVICES-HELP SUPPLY SERVICES
9049,LUCY,OPHTHALMIC GOODS
9050,MCOM,Unknown
9051,MCVT,FINANCE SERVICES
9052,MLGO,Unknown
9053,NUKK,SERVICES-MANAGEMENT CONSULTING SERVICES
9054,OBDC,Unknown
9055,OCTO,Unknown
9056,PET,SERVICES-PERSONAL SERVICES
9057,RBCP,Unknown
9058,RBT,SERVICES-PREPACKAGED SOFTWARE
9059,REBN,RETAIL-EATING PLACES
9060,SMX,MISC INDUSTRIAL &amp; COMMERCIAL MACHINERY &amp; EQUIPMENT
9061,SPEC,Unknown
9062,SPRU,Unknown
9063,TGL,"SERVICES-BUSINESS SERVICES, NEC"
9064,THAR,Unknown
9065,TORM,Unknown
9066,TRML,Unknown
9067,UZF,RADIO TELEPHONE COMMUNICATIONS
9068,WGS,Unknown
9069,FLFV,MOTOR VEHICLES &amp; PASSENGER CAR BODIES
9070,GCT,RETAIL-CATALOG &amp; MAIL-ORDER HOUSES
9071,GRFX,ELECTRICAL INDUSTRIAL APPARATUS
9072,REUN,SERVICES-HEALTH SERVICES
9073,SKGR,BLANK CHECKS
9074,UPXI,FINANCE SERVICES
9075,AKLI,SURGICAL &amp; MEDICAL INSTRUMENTS &amp; APPARATUS
9076,APE,SERVICES-MOTION PICTURE THEATERS
9077,JFBR,RETAIL-MISCELLANEOUS RETAIL
9078,MOB,AIRCRAFT
9079,ONFO,SERVICES-COMPUTER PROCESSING &amp; DATA PREPARATION
9080,PXMD,PHARMACEUTICAL PREPARATIONS
9081,SCCG,REAL ESTATE INVESTMENT TRUSTS
9082,STBX,SERVICES-ADVERTISING
9083,JZ,SERVICES-EDUCATIONAL SERVICES
9084,ATXG,"SERVICES-MAILING, REPRODUCTION, COMMERCIAL ART &amp; PHOTOGRAPHY"
9085,BIAF,SERVICES-COMMERCIAL PHYSICAL &amp; BIOLOGICAL RESEARCH
9086,HPCO,CIGARETTES
9087,NOGN,"SERVICES-BUSINESS SERVICES, NEC"
9088,SHPH,PHARMACEUTICAL PREPARATIONS
9089,TFPM,MINERAL ROYALTY TRADERS
9090,VANI,ELECTROMEDICAL &amp; ELECTROTHERAPEUTIC APPARATUS
9091,WEST,BEVERAGES
9092,FRTX,BIOLOGICAL PRODUCTS (NO DIAGNOSTIC SUBSTANCES)
9093,MODG,Unknown
9094,YOSH,RETAIL-EATING PLACES
9095,AMPX,"MISCELLANEOUS ELECTRICAL MACHINERY, EQUIPMENT &amp; SUPPLIES"
9096,CRBG,LIFE INSURANCE
9097,HMAC,BLANK CHECKS
9098,HOLO,Unknown
9099,IVVD,BIOLOGICAL PRODUCTS (NO DIAGNOSTIC SUBSTANCES)
9100,KITT,"GENERAL INDUSTRIAL MACHINERY &amp; EQUIPMENT, NEC"
9101,KNW,FINANCE SERVICES
9102,NXL,ELECTROMEDICAL &amp; ELECTROTHERAPEUTIC APPARATUS
9103,RUM,Unknown
9104,THRD,PHARMACEUTICAL PREPARATIONS
9105,WLDS,COMPUTER COMMUNICATIONS EQUIPMENT
9106,IMNN,Unknown
9107,NYAX,SERVICES-PREPACKAGED SOFTWARE
9108,PRST,Unknown
9109,ALPS,Unknown
9110,AMV,Unknown
9111,LASE,Unknown
9112,LVWR,Unknown
9113,MOBV,BLANK CHECKS
9114,PTWO,SERVICES-OFFICES &amp; CLINICS OF DOCTORS OF MEDICINE
9115,SHFS,Unknown
9116,THCH,RETAIL-EATING PLACES
9117,BHM,REAL ESTATE INVESTMENT TRUSTS
9118,DFLI,Unknown
9119,MPTI,"ELECTRONIC COMPONENTS, NEC"
9120,RZC,Unknown
9121,CTM,SERVICES-MANAGEMENT CONSULTING SERVICES
9122,EFXT,Unknown
9123,RTO,SERVICES-MANAGEMENT SERVICES
9124,TOVX,Unknown
9125,VOXR,GOLD &amp; SILVER ORES
9126,AQU,BLANK CHECKS
9127,BMN,Unknown
9128,CDIO,Unknown
9129,ICU,Unknown
9130,MBLY,Unknown
9131,PERF,SERVICES-PREPACKAGED SOFTWARE
9132,SATX,RADIO &amp; TV BROADCASTING &amp; COMMUNICATIONS EQUIPMENT
9133,SLNA,HOTELS &amp; MOTELS
9134,SVII,MISCELLANEOUS METAL ORES
9135,ACDC,Unknown
9136,ADD,Unknown
9137,LUXH,Unknown
9138,OABI,Unknown
9139,PKBO,Unknown
9140,RXO,Unknown
9141,SAJ,Unknown
9142,ASPI,MISCELLANEOUS CHEMICAL PRODUCTS
9143,ATAT,HOTELS &amp; MOTELS
9144,FSCO,Unknown
9145,SCLX,Unknown
9146,SNAL,Unknown
9147,SPRY,Unknown
9148,UHALB,Unknown
9149,GLST,BLANK CHECKS
9150,ACRV,Unknown
9151,CMND,Unknown
9152,EUDA,Unknown
9153,GRND,Unknown
9154,LFCR,Unknown
9155,NWTN,MOTOR VEHICLES &amp; PASSENGER CAR BODIES
9156,POCI,Unknown
9157,NYXH,SURGICAL &amp; MEDICAL INSTRUMENTS &amp; APPARATUS
9158,BKDT,Unknown
9159,NAMS,PHARMACEUTICAL PREPARATIONS
9160,TMPO,Unknown
9161,QOMO,Unknown
9162,AGAE,Unknown
9163,DRS,"SEARCH, DETECTION, NAVIGATION, GUIDANCE, AERONAUTICAL SYS"
9164,SFR,Unknown
9165,TFIN,Unknown
9166,DMYY,BLANK CHECKS
9167,EFHT,MOTOR VEHICLES &amp; PASSENGER CAR BODIES
9168,GETR,Unknown
9169,JEWL,"JEWELRY, SILVERWARE &amp; PLATED WARE"
9170,KWE,SERVICES-PREPACKAGED SOFTWARE
9171,OSA,SURGICAL &amp; MEDICAL INSTRUMENTS &amp; APPARATUS
9172,TENK,PHARMACEUTICAL PREPARATIONS
9173,BNRE,Unknown
9174,LANV,APPAREL &amp; OTHER FINISHED PRODS OF FABRICS &amp; SIMILAR MATERIAL
9175,MATH,Unknown
9176,MBC,Unknown
9177,RAYA,MOTORS &amp; GENERATORS
9178,SAY,Unknown
9179,ZVSA,Unknown
9180,MRDB,Unknown
9181,CACO,Unknown
9182,DOMH,Unknown
9183,ECX,Unknown
9184,HUDA,BLANK CHECKS
9185,LIPO,PHARMACEUTICAL PREPARATIONS
9186,UHAL.B,Unknown
9187,COYA,Unknown
9188,FGH,Unknown
9189,RTC,Unknown
9190,ALTI,Unknown
9191,GEHC,Unknown
9192,MLEC,Unknown
9193,VTLE,Unknown
9194,AMLI,Unknown
9195,CCLD,Unknown
9196,GDC,Unknown
9197,MGOL,Unknown
9198,MKUL,Unknown
9199,PLTN,Unknown
9200,SKWD,Unknown
9201,ATMC,Unknown
9202,CVKD,Unknown
9203,VTS,Unknown
9204,EU,MISCELLANEOUS METAL ORES
9205,ALAR,Unknown
9206,ATMV,Unknown
9207,AVTA,Unknown
9208,BAER,"SERVICES-BUSINESS SERVICES, NEC"
9209,BREA,Unknown
9210,CRGO,Unknown
9211,GNLX,PHARMACEUTICAL PREPARATIONS
9212,HSPO,Unknown
9213,OBIO,Unknown
9214,QSG,Unknown
9215,TXO,Unknown
9216,SEPA,Unknown
9217,ASST,FINANCE SERVICES
9218,AWIN,Unknown
9219,BURU,Unknown
9220,GPCR,Unknown
9221,MPU,Unknown
9222,ENLT,Unknown
9223,HSAI,Unknown
9224,LICN,SERVICES-MANAGEMENT CONSULTING SERVICES
9225,LNZA,Unknown
9226,LSDI,PHARMACEUTICAL PREPARATIONS
9227,MLYS,Unknown
9228,MVLA,Unknown
9229,NXT,Unknown
9230,BFRG,Unknown
9231,LUNR,Unknown
9232,NFTG,Unknown
9233,OCEA,PHARMACEUTICAL PREPARATIONS
9234,SLND,Unknown
9235,VGAS,Unknown
9236,CATX,Unknown
9237,QDRO,Unknown
9238,STRW,REAL ESTATE INVESTMENT TRUSTS
9239,TIO,Unknown
9240,AMBI,Unknown
9241,ASBA,Unknown
9242,BMR,SERVICES-PREPACKAGED SOFTWARE
9243,HHRS,Unknown
9244,HUBC,COMPUTER COMMUNICATIONS EQUIPMENT
9245,LVRO,Unknown
9246,OCS,Unknown
9247,ZVRA,Unknown
9248,HUBCZ,Unknown
9249,AESI,Unknown
9250,AIXI,Unknown
9251,TORO,Unknown
9252,BLAC,SURGICAL &amp; MEDICAL INSTRUMENTS &amp; APPARATUS
9253,CXAI,Unknown
9254,ICG,SEMICONDUCTORS &amp; RELATED DEVICES
9255,IZM,RETAIL-RADIO TV &amp; CONSUMER ELECTRONICS STORES
9256,MARX,BLANK CHECKS
9257,PAVS,Unknown
9258,SHCO,Unknown
9259,YS,Unknown
9260,BANL,WHOLESALE-PETROLEUM &amp; PETROLEUM PRODUCTS (NO BULK STATIONS)
9261,BNMV,Unknown
9262,CELL,Unknown
9263,CETU,Unknown
9264,MGRX,Unknown
9265,NB,Unknown
9266,NIR,Unknown
9267,OMH,Unknown
9268,ZURA,Unknown
9269,APLM,Unknown
9270,CHSN,FOOD &amp; KINDRED PRODUCTS
9271,DIST,Unknown
9272,HKIT,SERVICES-PREPACKAGED SOFTWARE
9273,HLP,"GENERAL INDUSTRIAL MACHINERY &amp; EQUIPMENT, NEC"
9274,MWG,Unknown
9275,SFWL,Unknown
9276,STHO,Unknown
9277,SYT,Unknown
9278,UHG,Unknown
9279,YGF,FOOD &amp; KINDRED PRODUCTS
9280,ZJYL,Unknown
9281,ARBB,Unknown
9282,ISPR,Unknown
9283,MGIH,Unknown
9284,PTHR,Unknown
9285,SHLT,Unknown
9286,BTDR,Unknown
9287,GDHG,Unknown
9288,GDTC,Unknown
9289,ILLM,Unknown
9290,PKST,Unknown
9291,VCIG,Unknown
9292,JYD,Unknown
9293,SAZ,Unknown
9294,SPHR,Unknown
9295,TCJH,Unknown
9296,TPET,CRUDE PETROLEUM &amp; NATURAL GAS
9297,UCAR,Unknown
9298,USGO,Unknown
9299,WLGS,CONSTRUCTION SPECIAL TRADE CONTRACTORS
9300,SBXC,Unknown
9301,TRNR,Unknown
9302,WUCT,Unknown
9303,KVUE,Unknown
9304,SLRN,Unknown
9305,TMTC,BLANK CHECKS
9306,ZAPP,Unknown
9307,FORL,BLANK CHECKS
9308,CWD,Unknown
9309,FRES,Unknown
9310,MGRM,Unknown
9311,OAKU,Unknown
9312,SDA,Unknown
9313,SGE,PHOTOGRAPHIC EQUIPMENT &amp; SUPPLIES
9314,TBMC,Unknown
9315,ATMU,Unknown
9316,ATS,Unknown
9317,LAES,Unknown
9318,TYGO,Unknown
9319,CJET,Unknown
9320,KNF,Unknown
9321,AACT,Unknown
9322,BENF,Unknown
9323,NPWR,Unknown
9324,AZTR,Unknown
9325,BOF,Unknown
9326,CAVA,Unknown
9327,CISS,Unknown
9328,DTI,Unknown
9329,METCB,Unknown
9330,MTBL,Unknown
9331,NVRI,Unknown
9332,TOON,Unknown
9333,AENT,Unknown
9334,ALCY,Unknown
9335,BGC,Unknown
9336,BTM,Unknown
9337,FIHL,Unknown
9338,FTRE,Unknown
9339,GENK,Unknown
9340,GODN,Unknown
9341,INTS,BIOLOGICAL PRODUCTS (NO DIAGNOSTIC SUBSTANCES)
9342,KGS,Unknown
9343,SVV,RETAIL-MISCELLANEOUS RETAIL
9344,VTMX,Unknown
9345,ABL,Unknown
9346,ELVA,Unknown
9347,LZM,Unknown
9348,PHIN,Unknown
9349,PWM,Unknown
9350,APGE,Unknown
9351,CALY,Unknown
9352,CTCX,Unknown
9353,SGMT,Unknown
9354,SXTP,Unknown
9355,AEON,Unknown
9356,CSLR,Unknown
9357,ESHA,Unknown
9358,IPXX,Unknown
9359,ODD,Unknown
9360,PSQH,Unknown
9361,TSBX,Unknown
9362,ELWS,Unknown
9363,JNVR,Unknown
9364,PRZO,"AIRCRAFT PART &amp; AUXILIARY EQUIPMENT, NEC"
9365,SDOT,Unknown
9366,SRFM,Unknown
9367,WRNT,SERVICES-MISCELLANEOUS BUSINESS SERVICES
9368,ZLS,Unknown
9369,ALUR,Unknown
9370,CTNT,Unknown
9371,EICB,Unknown
9372,ELIQ,Unknown
9373,HRYU,Unknown
9374,LDWY,Unknown
9375,LLYVA,Unknown
9376,LLYVK,Unknown
9377,MAMA,Unknown
9378,MIRA,Unknown
9379,PXDT,Unknown
9380,RENB,Unknown
9381,FTEL,Unknown
9382,JTAI,Unknown
9383,LQR,Unknown
9384,NRXS,Unknown
9385,TLSI,Unknown
9386,ABLV,Unknown
9387,BOWN,Unknown
9388,SPGC,Unknown
9389,SRM,Unknown
9390,VFS,Unknown
9391,VTAK,Unknown
9392,BEEP,REAL ESTATE INVESTMENT TRUSTS
9393,BETR,Unknown
9394,BUJA,Unknown
9395,FMST,Unknown
9396,APOS,Unknown
9397,CLCO,Unknown
9398,EXTO,Unknown
9399,IVP,Unknown
9400,NCNC,Unknown
9401,DMK,Unknown
9402,ELUT,Unknown
9403,NETD,Unknown
9404,PODC,Unknown
9405,SCNI,Unknown
9406,WTO,Unknown
9407,SEZL,Unknown
9408,ARM,Unknown
9409,ARMN,Unknown
9410,CLDI,Unknown
9411,KVAC,Unknown
9412,MDAI,Unknown
9413,MI,Unknown
9414,NMRA,Unknown
9415,NWGL,Unknown
9416,RYZB,Unknown
9417,SHOT,Unknown
9418,SPPL,Unknown
9419,TKO,Unknown
9420,ABAT,Unknown
9421,AONC,Unknown
9422,CCG,Unknown
9423,CDT,Unknown
9424,DTCK,Unknown
9425,GFR,Unknown
9426,KVYO,Unknown
9427,MDBH,Unknown
9428,RDZN,Unknown
9429,SRBK,Unknown
9430,TURB,Unknown
9431,YHGJ,Unknown
9432,ANL,Unknown
9433,BTCT,Unknown
9434,COCH,Unknown
9435,ESLA,Unknown
9436,KLG,Unknown
9437,LRE,OPERATIVE BUILDERS
9438,PMTU,Unknown
9439,SGD,Unknown
9440,SYRA,Unknown
9441,VLTO,Unknown
9442,VSME,Unknown
9443,VSTS,Unknown
9444,FBYD,Unknown
9445,LAAC,Unknown
9446,MSS,Unknown
9447,NKGN,Unknown
9448,NVNI,Unknown
9449,ATPC,Unknown
9450,BIRK,Unknown
9451,GMM,Unknown
9452,GPAK,Unknown
9453,KGEI,Unknown
9454,LRHC,REAL ESTATE AGENTS &amp; MANAGERS (FOR OTHERS)
9455,MNY,Unknown
9456,NNAG,Unknown
9457,PMEC,SERVICES-TO DWELLINGS &amp; OTHER BUILDINGS
9458,ABVX,Unknown
9459,CPBI,Unknown
9460,EGOX,Unknown
9461,NATL,Unknown
9462,NCL,Unknown
9463,ULY,Unknown
9464,VYX,Unknown
9465,WBUY,Unknown
9466,PEPLW,BLANK CHECKS
9467,AIRE,Unknown
9468,CCIA,Unknown
9469,ATGL,Unknown
9470,BFX,Unknown
9471,BYON,Unknown
9472,CAUD,Unknown
9473,ENGN,Unknown
9474,LXEO,Unknown
9475,NLOP,Unknown
9476,PAPL,Unknown
9477,RMCO,Unknown
9478,ROI,Unknown
9479,CREV,Unknown
9480,AERT,Unknown
9481,BRNS,Unknown
9482,CRGX,Unknown
9483,GVH,Unknown
9484,HG,Unknown
9485,ONMD,Unknown
9486,OPTX,Unknown
9487,ABTS,Unknown
9488,BNRE.A,Unknown
9489,CAPT,Unknown
9490,DDC,Unknown
9491,MURA,Unknown
9492,RNAC,Unknown
9493,SGN,Unknown
9494,SHIM,Unknown
9495,ELAB,Unknown
9496,FEBO,Unknown
9497,GSIW,Unknown
9498,QETA,Unknown
9499,SOAR,Unknown
9500,SYRE,Unknown
9501,WS,Unknown
9502,XBP,Unknown
9503,SPKL,Unknown
9504,AAGR,AGRICULTURE PRODUCTION - CROPS
9505,ECO,Unknown
9506,BNZI,Unknown
9507,CHAI,Unknown
9508,ECDA,Unknown
9509,FGN,Unknown
9510,INHD,Unknown
9511,SVMH,Unknown
9512,ZKH,Unknown
9513,AISP,Unknown
9514,CDLR,Unknown
9515,HGAS,Unknown
9516,LDTC,Unknown
9517,LGCB,Unknown
9518,MOBX,Unknown
9519,MSAI,Unknown
9520,ONCO,Unknown
9521,VSTE,Unknown
9522,ALCE,Unknown
9523,BAYA,Unknown
9524,ELPC,Unknown
9525,FLYX,Unknown
9526,NBBK,Unknown
9527,ZCAR,Unknown
9528,AITR,Unknown
9529,ANSC,Unknown
9530,PNST,Unknown
9531,HWH,Unknown
9532,ROMA,Unknown
9533,SDHC,Unknown
9534,SYNX,Unknown
9535,TCTM,Unknown
9536,TLPH,Unknown
9537,CCTG,Unknown
9538,GORV,Unknown
9539,GXAI,Unknown
9540,HOVR,Unknown
9541,KSPI,Unknown
9542,NEXN,Unknown
9543,PSBD,Unknown
9544,AFJK,Unknown
9545,AVBP,Unknown
9546,BTSG,Unknown
9547,CGON,Unknown
9548,ECCF,Unknown
9549,JL,Unknown
9550,MFAN,Unknown
9551,MSDL,Unknown
9552,NCDL,Unknown
9553,NEUE,Unknown
9554,OBDE,Unknown
9555,PBM,Unknown
9556,SOGP,Unknown
9557,SUGP,Unknown
9558,YIBO,Unknown
9559,RR,Unknown
9560,AMIX,Unknown
9561,ANRO,Unknown
9562,ARQ,Unknown
9563,DAY,Unknown
9564,FBLG,Unknown
9565,GUTS,Unknown
9566,LFWD,Unknown
9567,RWTN,Unknown
9568,TRUG,Unknown
9569,XTKG,Unknown
9570,AHR,Unknown
9571,ATCH,Unknown
9572,BRLS,Unknown
9573,DHAI,Unknown
9574,GRYP,Unknown
9575,HLXB,Unknown
9576,KYTX,Unknown
9577,MGX,Unknown
9578,MITN,Unknown
9579,PLMJ,Unknown
9580,PMNT,Unknown
9581,SCPX,Unknown
9582,TBBB,Unknown
9583,TELO,Unknown
9584,AXIL,Unknown
9585,CERO,Unknown
9586,CHRO,Unknown
9587,IROH,Unknown
9588,IROHR,Unknown
9589,PRKS,Unknown
9590,SELX,Unknown
9591,SOC,Unknown
9592,TVGN,Unknown
9593,UMAC,Unknown
9594,ASTH,Unknown
9595,LOT,Unknown
9596,VHAI,Unknown
9597,WETH,"COMPUTER PERIPHERAL EQUIPMENT, NEC"
9598,CRML,Unknown
9599,FUFU,Unknown
9600,MTUS,Unknown
9601,SMXT,CONSTRUCTION SPECIAL TRADE CONTRACTORS
9602,RYDE,Unknown
9603,LGCL,Unknown
9604,QTI,Unknown
9605,AS,Unknown
9606,AIRJ,Unknown
9607,ATHS,Unknown
9608,BNAI,Unknown
9609,GTI,Unknown
9610,NMHI,Unknown
9611,XTIA,Unknown
9612,ALAB,Unknown
9613,AQNU,ELECTRIC SERVICES
9614,AUNA,Unknown
9615,COOT,Unknown
9616,CPAY,Unknown
9617,DEC,Unknown
9618,FLUT,Unknown
9619,GRDI,Unknown
9620,HSHP,Unknown
9621,INDV,Unknown
9622,INTJ,Unknown
9623,KWESW,Unknown
9624,LOBO,Unknown
9625,MRNO,Unknown
9626,NITO,Unknown
9627,RDDT,Unknown
9628,ZEO,Unknown
9629,HPH,Unknown
9630,AACIW,BLANK CHECKS
9631,AAGRW,Unknown
9632,ABLLL,Unknown
9633,ABLLW,Unknown
9634,ABR$D,Unknown
9635,ABR$E,Unknown
9636,ABR$F,Unknown
9637,ACGLN,"FIRE, MARINE &amp; CASUALTY INSURANCE"
9638,ACGLO,"FIRE, MARINE &amp; CASUALTY INSURANCE"
9639,ACHR.W,Unknown
9640,ACONW,SERVICES-MEDICAL LABORATORIES
9641,ACP$A,Unknown
9642,ACR$C,Unknown
9643,ACR$D,Unknown
9644,ADC$A,Unknown
9645,ADNWW,"MISCELLANEOUS ELECTRICAL MACHINERY, EQUIPMENT &amp; SUPPLIES"
9646,ADRT.U,Unknown
9647,ADSEW,MISCELLANEOUS TRANSPORTATION EQUIPMENT
9648,ADTHW,"SERVICES-COMPUTER PROGRAMMING, DATA PROCESSING, ETC."
9649,ADVWW,"SERVICES-BUSINESS SERVICES, NEC"
9650,AEL$A,Unknown
9651,AEL$B,Unknown
9652,AEON.W,Unknown
9653,AERTW,Unknown
9654,AEVA.W,Unknown
9655,AFJKR,Unknown
9656,AFJKU,Unknown
9657,AFRIW,GRAIN MILL PRODUCTS
9658,AGM$C,Unknown
9659,AGM$D,Unknown
9660,AGM$E,Unknown
9661,AGM$F,Unknown
9662,AGM$G,Unknown
9663,AGNCL,REAL ESTATE INVESTMENT TRUSTS
9664,AGNCM,REAL ESTATE INVESTMENT TRUSTS
9665,AGNCN,REAL ESTATE INVESTMENT TRUSTS
9666,AGNCO,REAL ESTATE INVESTMENT TRUSTS
9667,AGNCP,REAL ESTATE INVESTMENT TRUSTS
9668,AGRIW,FINANCE SERVICES
9669,AHH$A,Unknown
9670,AHL$C,Unknown
9671,AHL$D,Unknown
9672,AHL$E,Unknown
9673,AHT$D,Unknown
9674,AHT$F,Unknown
9675,AHT$G,Unknown
9676,AHT$H,Unknown
9677,AHT$I,Unknown
9678,AIRJW,Unknown
9679,AIRTP,Unknown
9680,AISPW,Unknown
9681,AITRU,Unknown
9682,AL$A,Unknown
9683,ALB$A,Unknown
9684,ALL$B,Unknown
9685,ALL$H,Unknown
9686,ALL$I,Unknown
9687,ALL$J,Unknown
9688,ALTG$A,Unknown
9689,ALUR.W,Unknown
9690,AMH$G,Unknown
9691,AMH$H,Unknown
9692,AMPGW,"COMMUNICATIONS EQUIPMENT, NEC"
9693,AMPX.W,Unknown
9694,ANGHW,"COMMUNICATION SERVICES, NEC"
9695,ANSCU,Unknown
9696,AONCW,Unknown
9697,APACU,SERVICES-PREPACKAGED SOFTWARE
9698,APACW,SERVICES-PREPACKAGED SOFTWARE
9699,APCXW,SERVICES-PREPACKAGED SOFTWARE
9700,APO$A,Unknown
9701,APXIW,BLANK CHECKS
9702,AQUNR,Unknown
9703,ARBEW,SERVICES-COMPUTER INTEGRATED SYSTEMS DESIGN
9704,ARBKL,FINANCE SERVICES
9705,ARGO$A,Unknown
9706,ARKOW,RETAIL-CONVENIENCE STORES
9707,ARQQW,SERVICES-PREPACKAGED SOFTWARE
9708,ARR$C,Unknown
9709,ARRWU,SERVICES-PREPACKAGED SOFTWARE
9710,ARRWW,SERVICES-PREPACKAGED SOFTWARE
9711,ASB$E,Unknown
9712,ASB$F,Unknown
9713,ASCAR,BLANK CHECKS
9714,ASCAU,BLANK CHECKS
9715,ASCBW,BLANK CHECKS
9716,ASTLW,"STEEL WORKS, BLAST FURNACES  ROLLING MILLS (COKE OVENS)"
9717,ASTSW,"COMMUNICATION SERVICES, NEC"
9718,ATCO$D,Unknown
9719,ATCO$H,Unknown
9720,ATCOL,DEEP SEA FOREIGN TRANSPORTATION OF FREIGHT
9721,ATH$A,Unknown
9722,ATH$B,Unknown
9723,ATH$C,Unknown
9724,ATH$D,Unknown
9725,ATH$E,Unknown
9726,ATLCL,PERSONAL CREDIT INSTITUTIONS
9727,ATLCP,PERSONAL CREDIT INSTITUTIONS
9728,ATLCZ,Unknown
9729,ATMCW,Unknown
9730,ATMVR,Unknown
9731,ATNFW,FINANCE SERVICES
9732,AUB$A,Unknown
9733,AUROW,SERVICES-COMPUTER INTEGRATED SYSTEMS DESIGN
9734,AVPTW,SERVICES-PREPACKAGED SOFTWARE
9735,AWINW,Unknown
9736,AXS$E,Unknown
9737,BAC$B,Unknown
9738,BAC$E,Unknown
9739,BAC$K,Unknown
9740,BAC$L,Unknown
9741,BAC$M,Unknown
9742,BAC$N,Unknown
9743,BAC$O,Unknown
9744,BAC$P,Unknown
9745,BAC$Q,Unknown
9746,BAC$S,Unknown
9747,BAERW,Unknown
9748,BANC$F,Unknown
9749,BARK.W,Unknown
9750,BAYAR,Unknown
9751,BAYAU,Unknown
9752,BBAI.W,Unknown
9753,BC$A,Unknown
9754,BC$B,Unknown
9755,BC$C,Unknown
9756,BCG,Unknown
9757,BCGWW,Unknown
9758,BCSAU,BLANK CHECKS
9759,BCTXW,PHARMACEUTICAL PREPARATIONS
9760,BEEMW,SEMICONDUCTORS &amp; RELATED DEVICES
9761,BEP$A,Unknown
9762,BEPJ,Unknown
9763,BETRW,Unknown
9764,BFAC.W,Unknown
9765,BFIIW,RETAIL-EATING PLACES
9766,BFLY.W,Unknown
9767,BFRGW,Unknown
9768,BFRIW,PHARMACEUTICAL PREPARATIONS
9769,BFS$D,Unknown
9770,BFS$E,Unknown
9771,BHFAM,LIFE INSURANCE
9772,BHFAN,LIFE INSURANCE
9773,BHFAO,LIFE INSURANCE
9774,BHFAP,LIFE INSURANCE
9775,BHR$B,Unknown
9776,BHR$D,Unknown
9777,BIAFW,SERVICES-COMMERCIAL PHYSICAL &amp; BIOLOGICAL RESEARCH
9778,BIP$A,Unknown
9779,BIP$B,Unknown
9780,BITE.W,Unknown
9781,BKHAU,Unknown
9782,BKKT.W,Unknown
9783,BKSY.W,Unknown
9784,BLACW,Unknown
9785,BLDEW,SERVICES-HEALTH SERVICES
9786,BLUA.W,Unknown
9787,BML$G,Unknown
9788,BML$H,Unknown
9789,BML$J,Unknown
9790,BML$L,Unknown
9791,BMTX.W,Unknown
9792,BNAIW,Unknown
9793,BNIXR,SERVICES-PREPACKAGED SOFTWARE
9794,BNIXW,SERVICES-PREPACKAGED SOFTWARE
9795,BNZIW,Unknown
9796,BOH$A,Unknown
9797,BOWNR,Unknown
9798,BPOPM,STATE COMMERCIAL BANKS
9799,BPYPM,REAL ESTATE
9800,BPYPN,REAL ESTATE
9801,BPYPO,REAL ESTATE
9802,BPYPP,REAL ESTATE
9803,BREZR,BLANK CHECKS
9804,BREZW,BLANK CHECKS
9805,BRKHW,SEMICONDUCTORS &amp; RELATED DEVICES
9806,BRLSW,Unknown
9807,BROGW,PETROLEUM REFINING
9808,BTBDW,RETAIL-EATING PLACES
9809,BTCTW,Unknown
9810,BTMWW,Unknown
9811,BTSGU,Unknown
9812,BUJAR,Unknown
9813,BUJAW,Unknown
9814,BW$A,Unknown
9815,BWAQR,BLANK CHECKS
9816,BWBBP,STATE COMMERCIAL BANKS
9817,BZFDW,"COMMUNICATION SERVICES, NEC"
9818,C$N,Unknown
9819,CADE$A,Unknown
9820,CAPTW,Unknown
9821,CCGWW,Unknown
9822,CCLDP,Unknown
9823,CCNEP,STATE COMMERCIAL BANKS
9824,CDIOW,Unknown
9825,CDR$B,Unknown
9826,CDR$C,Unknown
9827,CEADW,AGRICULTURE SERVICES
9828,CELG.R,Unknown
9829,CELUW,PHARMACEUTICAL PREPARATIONS
9830,CEROW,Unknown
9831,CETUR,Unknown
9832,CFG$D,Unknown
9833,CFG$E,Unknown
9834,CFR$B,Unknown
9835,CGABL,INVESTMENT ADVICE
9836,CGBDL,Unknown
9837,CHKEL,CRUDE PETROLEUM &amp; NATURAL GAS
9838,CHKEZ,CRUDE PETROLEUM &amp; NATURAL GAS
9839,CHMI$A,Unknown
9840,CHMI$B,Unknown
9841,CHSCL,WHOLESALE-FARM PRODUCT RAW MATERIALS
9842,CHSCM,WHOLESALE-FARM PRODUCT RAW MATERIALS
9843,CHSCN,WHOLESALE-FARM PRODUCT RAW MATERIALS
9844,CHSCO,WHOLESALE-FARM PRODUCT RAW MATERIALS
9845,CHSCP,WHOLESALE-FARM PRODUCT RAW MATERIALS
9846,CIFRW,FINANCE SERVICES
9847,CIM$A,Unknown
9848,CIM$B,Unknown
9849,CIM$C,Unknown
9850,CIM$D,Unknown
9851,CIO$A,Unknown
9852,CLBR.W,Unknown
9853,CLBTW,SERVICES-PREPACKAGED SOFTWARE
9854,CLDI.W,Unknown
9855,CLDT$A,Unknown
9856,CLRCR,BLANK CHECKS
9857,CLRCW,BLANK CHECKS
9858,CLVRW,PHARMACEUTICAL PREPARATIONS
9859,CLVT$A,Unknown
9860,CMCAW,Unknown
9861,CMPOW,FINANCE SERVICES
9862,CMRE$B,Unknown
9863,CMRE$C,Unknown
9864,CMRE$D,Unknown
9865,CMRE$E,Unknown
9866,CMS$B,Unknown
9867,CMS$C,Unknown
9868,CNDA.W,Unknown
9869,CNO$A,Unknown
9870,CNOBP,STATE COMMERCIAL BANKS
9871,COCHW,Unknown
9872,CODI$A,Unknown
9873,CODI$B,Unknown
9874,CODI$C,Unknown
9875,COF$I,Unknown
9876,COF$J,Unknown
9877,COF$K,Unknown
9878,COF$L,Unknown
9879,COF$N,Unknown
9880,COOLW,BLANK CHECKS
9881,COOTW,Unknown
9882,CORZW,FINANCE SERVICES
9883,CORZZ,Unknown
9884,CRESW,REAL ESTATE
9885,CREVW,Unknown
9886,CRGOW,Unknown
9887,CRMLW,Unknown
9888,CSLMR,Unknown
9889,CSR$C,Unknown
9890,CSSEL,SERVICES-ALLIED TO MOTION PICTURE PRODUCTION
9891,CSSEN,SERVICES-ALLIED TO MOTION PICTURE PRODUCTION
9892,CSSEP,SERVICES-ALLIED TO MOTION PICTURE PRODUCTION
9893,CSWCZ,Unknown
9894,CTA$A,Unknown
9895,CTA$B,Unknown
9896,CTCXW,Unknown
9897,CTO$A,Unknown
9898,CTV.W,Unknown
9899,CUBI$E,Unknown
9900,CUBI$F,Unknown
9901,CURIW,SERVICES-MOTION PICTURE &amp; VIDEO TAPE PRODUCTION
9902,CVE.W,Unknown
9903,CVIIU,Unknown
9904,CVIIW,Unknown
9905,CXAIW,Unknown
9906,CYCCP,PHARMACEUTICAL PREPARATIONS
9907,DATSW,TELEGRAPH &amp; OTHER MESSAGE COMMUNICATIONS
9908,DAVEW,FINANCE SERVICES
9909,DBRG$H,Unknown
9910,DBRG$I,Unknown
9911,DBRG$J,Unknown
9912,DC.W,Unknown
9913,DCFCW,MISCELLANEOUS TRANSPORTATION EQUIPMENT
9914,DCOMP,NATIONAL COMMERCIAL BANKS
9915,DFLIW,Unknown
9916,DHAIW,Unknown
9917,DHCNL,REAL ESTATE INVESTMENT TRUSTS
9918,DJT,Unknown
9919,DJTWW,Unknown
9920,DLNG$A,Unknown
9921,DLNG$B,Unknown
9922,DLR$J,Unknown
9923,DLR$K,Unknown
9924,DLR$L,Unknown
9925,DMYY.W,Unknown
9926,DNA.W,Unknown
9927,DRH$A,Unknown
9928,DSX$B,Unknown
9929,DSX.W,Unknown
9930,DTSTW,SERVICES-COMPUTER PROCESSING &amp; DATA PREPARATION
9931,DUK$A,Unknown
9932,DX$C,Unknown
9933,DXYZ,Unknown
9934,DYCQU,Unknown
9935,ECC$D,Unknown
9936,ECF$A,Unknown
9937,ECXWW,Unknown
9938,EFC$A,Unknown
9939,EFC$B,Unknown
9940,EFC$C,Unknown
9941,EFC$D,Unknown
9942,EFC$E,Unknown
9943,EFSCP,STATE COMMERCIAL BANKS
9944,EFTRW,PHARMACEUTICAL PREPARATIONS
9945,ENGNW,Unknown
9946,EOSEW,"MISCELLANEOUS ELECTRICAL MACHINERY, EQUIPMENT &amp; SUPPLIES"
9947,EP$C,Unknown
9948,EPR$C,Unknown
9949,EPR$E,Unknown
9950,EPR$G,Unknown
9951,EQC$D,Unknown
9952,EQH$A,Unknown
9953,EQH$C,Unknown
9954,ESGLW,Unknown
9955,ET$E,Unknown
9956,ET$I,Unknown
9957,ETI$,Unknown
9958,ETWO.W,Unknown
9959,EUDAW,Unknown
9960,EVEX.W,Unknown
9961,EVGOW,"SERVICES-AUTOMOTIVE REPAIR, SERVICES &amp; PARKING"
9962,EVGRW,Unknown
9963,EVLVW,"COMPUTER PERIPHERAL EQUIPMENT, NEC"
9964,EVTL.W,Unknown
9965,F$B,Unknown
9966,F$C,Unknown
9967,F$D,Unknown
9968,FATBP,RETAIL-EATING PLACES
9969,FATBW,RETAIL-EATING PLACES
9970,FBIOP,PHARMACEUTICAL PREPARATIONS
9971,FBRT$E,Unknown
9972,FBYDW,Unknown
9973,FCNCO,STATE COMMERCIAL BANKS
9974,FCNCP,STATE COMMERCIAL BANKS
9975,FFIEW,MOTOR VEHICLES &amp; PASSENGER CAR BODIES
9976,FGBIP,"SAVINGS INSTITUTION, FEDERALLY CHARTERED"
9977,FHN$B,Unknown
9978,FHN$C,Unknown
9979,FHN$D,Unknown
9980,FHN$E,Unknown
9981,FHN$F,Unknown
9982,FIACW,"INVESTORS, NEC"
9983,FITBO,STATE COMMERCIAL BANKS
9984,FITBP,STATE COMMERCIAL BANKS
9985,FLYX.W,Unknown
9986,FORLW,Unknown
9987,FOSLL,"WATCHES, CLOCKS, CLOCKWORK OPERATED DEVICES/PARTS"
9988,FREY.W,Unknown
9989,FRT$C,Unknown
9990,FTAIM,Unknown
9991,FTAIN,SERVICES-MISCELLANEOUS EQUIPMENT RENTAL &amp; LEASING
9992,FTAIO,SERVICES-MISCELLANEOUS EQUIPMENT RENTAL &amp; LEASING
9993,FTAIP,SERVICES-MISCELLANEOUS EQUIPMENT RENTAL &amp; LEASING
9994,FUFUW,Unknown
9995,FULTP,NATIONAL COMMERCIAL BANKS
9996,GAB$G,Unknown
9997,GAB$H,Unknown
9998,GAB$K,Unknown
9999,GAINL,Unknown
10000,GAINN,Unknown
10001,GAINZ,Unknown
10002,GAM$B,Unknown
10003,GB.W,Unknown
10004,GBBKW,BLANK CHECKS
10005,GCMGW,INVESTMENT ADVICE
10006,GCTS,Unknown
10007,GCTS.W,Unknown
10008,GDL$C,Unknown
10009,GDSTR,ELECTRICAL INDUSTRIAL APPARATUS
10010,GDV$H,Unknown
10011,GDV$K,Unknown
10012,GE.V,Unknown
10013,GECCM,Unknown
10014,GECCZ,Unknown
10015,GEGGL,SERVICES-PREPACKAGED SOFTWARE
10016,GEV.V,Unknown
10017,GFAIW,"SERVICES-DETECTIVE, GUARD &amp; ARMORED CAR SERVICES"
10018,GGROW,MOTOR VEHICLES &amp; PASSENGER CAR BODIES
10019,GGT$G,Unknown
10020,GHIXW,BLANK CHECKS
10021,GL$D,Unknown
10022,GLACR,Unknown
10023,GLADZ,Unknown
10024,GLLIW,BLANK CHECKS
10025,GLOG$A,Unknown
10026,GLOP$A,Unknown
10027,GLOP$B,Unknown
10028,GLOP$C,Unknown
10029,GLP$A,Unknown
10030,GLP$B,Unknown
10031,GLSTR,Unknown
10032,GLSTW,Unknown
10033,GMFIU,BLANK CHECKS
10034,GMRE$A,Unknown
10035,GNL$A,Unknown
10036,GNL$B,Unknown
10037,GNL$D,Unknown
10038,GNL$E,Unknown
10039,GNT$A,Unknown
10040,GODNR,Unknown
10041,GOEVW,MOTOR VEHICLE PARTS &amp; ACCESSORIES
10042,GOODN,"LESSORS OF REAL PROPERTY, NEC"
10043,GOODO,Unknown
10044,GPACW,PRIMARY SMELTING &amp; REFINING OF NONFERROUS METALS
10045,GPMT$A,Unknown
10046,GRABW,"SERVICES-BUSINESS SERVICES, NEC"
10047,GRBK$A,Unknown
10048,GRDIW,Unknown
10049,GREEL,FINANCE SERVICES
10050,GRP.U,Unknown
10051,GRRRW,SERVICES-PREPACKAGED SOFTWARE
10052,GS$A,Unknown
10053,GS$C,Unknown
10054,GS$D,Unknown
10055,GS$K,Unknown
10056,GSL$B,Unknown
10057,GTACW,"SERVICES-BUSINESS SERVICES, NEC"
10058,GTLS$B,Unknown
10059,GUT$C,Unknown
10060,GWH.W,Unknown
10061,HBANL,Unknown
10062,HBANM,NATIONAL COMMERCIAL BANKS
10063,HBANP,NATIONAL COMMERCIAL BANKS
10064,HCVIU,BLANK CHECKS
10065,HCVIW,BLANK CHECKS
10066,HFRO$A,Unknown
10067,HGTY.W,Unknown
10068,HHGCR,BLANK CHECKS
10069,HHGCW,BLANK CHECKS
10070,HIG$G,Unknown
10071,HIPO.W,Unknown
10072,HL$B,Unknown
10073,HNRA.W,Unknown
10074,HOFVW,SERVICES-MISCELLANEOUS AMUSEMENT &amp; RECREATION
10075,HOLOW,Unknown
10076,HOVNP,OPERATIVE BUILDERS
10077,HOVRW,Unknown
10078,HPKEW,DRILLING OIL &amp; GAS WELLS
10079,HPP$C,Unknown
10080,HROWM,Unknown
10081,HTIBP,REAL ESTATE INVESTMENT TRUSTS
10082,HTLFP,STATE COMMERCIAL BANKS
10083,HTOOW,MISC INDUSTRIAL &amp; COMMERCIAL MACHINERY &amp; EQUIPMENT
10084,HTZWW,SERVICES-AUTO RENTAL &amp; LEASING (NO DRIVERS)
10085,HUBCW,Unknown
10086,HUDAR,Unknown
10087,HUMAW,BIOLOGICAL PRODUCTS (NO DIAGNOSTIC SUBSTANCES)
10088,HWCPZ,STATE COMMERCIAL BANKS
10089,HWM$,ROLLING DRAWING &amp; EXTRUDING OF NONFERROUS METALS
10090,HYAC.U,Unknown
10091,HYMCL,GOLD &amp; SILVER ORES
10092,HYMCW,GOLD &amp; SILVER ORES
10093,HYZNW,ELECTRICAL INDUSTRIAL APPARATUS
10094,IBACU,Unknown
10095,ICR$A,Unknown
10096,ICUCW,Unknown
10097,IGTAR,BLANK CHECKS
10098,IGTAW,BLANK CHECKS
10099,IIPR$A,Unknown
10100,IMAQU,SERVICES-MOTION PICTURE &amp; VIDEO TAPE PRODUCTION
10101,IMPPP,DEEP SEA FOREIGN TRANSPORTATION OF FREIGHT
10102,IMTXW,BIOLOGICAL PRODUCTS (NO DIAGNOSTIC SUBSTANCES)
10103,INN$E,Unknown
10104,INN$F,Unknown
10105,INTEW,BLANK CHECKS
10106,INVZW,MOTOR VEHICLE PARTS &amp; ACCESSORIES
10107,IONQ.W,Unknown
10108,IPXXU,Unknown
10109,ISPOW,BLANK CHECKS
10110,IVCBW,Unknown
10111,IVR$B,Unknown
10112,IVR$C,Unknown
10113,IXAQW,"COMMUNICATION SERVICES, NEC"
10114,JFBRW,RETAIL-MISCELLANEOUS RETAIL
10115,JOBY.W,Unknown
10116,JPM$C,Unknown
10117,JPM$D,Unknown
10118,JPM$J,Unknown
10119,JPM$K,Unknown
10120,JPM$L,Unknown
10121,JPM$M,Unknown
10122,JSPRW,BIOLOGICAL PRODUCTS (NO DIAGNOSTIC SUBSTANCES)
10123,JTAIW,Unknown
10124,JVSA,Unknown
10125,JVSAR,Unknown
10126,JWSM.W,Unknown
10127,JXN$A,Unknown
10128,KACLR,Unknown
10129,KCGI.W,Unknown
10130,KEY$I,Unknown
10131,KEY$J,Unknown
10132,KEY$K,Unknown
10133,KEY$L,Unknown
10134,KIM$L,Unknown
10135,KIM$M,Unknown
10136,KIM$N,Unknown
10137,KITTW,"GENERAL INDUSTRIAL MACHINERY &amp; EQUIPMENT, NEC"
10138,KPLTW,"SERVICES-EQUIPMENT RENTAL &amp; LEASING, NEC"
10139,KREF$A,Unknown
10140,KTTAW,PHARMACEUTICAL PREPARATIONS
10141,KVACU,Unknown
10142,KVACW,Unknown
10143,KYCHR,Unknown
10144,KYCHW,BLANK CHECKS
10145,LANDM,REAL ESTATE INVESTMENT TRUSTS
10146,LANDO,REAL ESTATE INVESTMENT TRUSTS
10147,LANDP,Unknown
10148,LBRDP,CABLE &amp; OTHER PAY TELEVISION SERVICES
10149,LCW.W,Unknown
10150,LDTCW,Unknown
10151,LEGT,Unknown
10152,LEGT.U,Unknown
10153,LEGT.W,Unknown
10154,LEV.W,Unknown
10155,LEXXW,PHARMACEUTICAL PREPARATIONS
10156,LFLYW,SERVICES-PREPACKAGED SOFTWARE
10157,LFMDP,SERVICES-OFFICES &amp; CLINICS OF DOCTORS OF MEDICINE
10158,LGHLW,"SECURITY BROKERS, DEALERS &amp; FLOTATION COMPANIES"
10159,LGL.W,Unknown
10160,LGVCW,BLANK CHECKS
10161,LIDRW,MOTOR VEHICLE PARTS &amp; ACCESSORIES
10162,LIFWW,Unknown
10163,LILMW,AIRCRAFT
10164,LIXTW,PHARMACEUTICAL PREPARATIONS
10165,LLAP.W,Unknown
10166,LMND.W,Unknown
10167,LNC$D,Unknown
10168,LNZAW,Unknown
10169,LOTWW,Unknown
10170,LPA,Unknown
10171,LSEAW,OPERATIVE BUILDERS
10172,LTRYW,SERVICES-PREPACKAGED SOFTWARE
10173,LUCYW,OPHTHALMIC GOODS
10174,LUNRW,Unknown
10175,LUXHP,Unknown
10176,LVWR.W,Unknown
10177,LXP$C,Unknown
10178,LZM.W,Unknown
10179,MAA$I,Unknown
10180,MAPSW,SERVICES-PREPACKAGED SOFTWARE
10181,MAQCW,SERVICES-PREPACKAGED SOFTWARE
10182,MARPS,OIL ROYALTY TRADERS
10183,MARXR,Unknown
10184,MBINM,Unknown
10185,MBINN,STATE COMMERCIAL BANKS
10186,MBINP,STATE COMMERCIAL BANKS
10187,MBTCR,ELECTROMEDICAL &amp; ELECTROTHERAPEUTIC APPARATUS
10188,MCAAW,BLANK CHECKS
10189,MDAIW,Unknown
10190,MDV$A,Unknown
10191,MER$K,Unknown
10192,MET$A,Unknown
10193,MET$E,Unknown
10194,MET$F,Unknown
10195,METCL,BITUMINOUS COAL &amp; LIGNITE MINING
10196,MFA$B,Unknown
10197,MFA$C,Unknown
10198,MFICL,Unknown
10199,MGRE,Unknown
10200,MINDP,"SEARCH, DETECTION, NAVIGATION, GUIDANCE, AERONAUTICAL SYS"
10201,MIR.W,Unknown
10202,MITAU,BLANK CHECKS
10203,MITT$A,Unknown
10204,MITT$B,Unknown
10205,MITT$C,Unknown
10206,MKFG.W,Unknown
10207,ML.W,Unknown
10208,MMA,Unknown
10209,MNTSW,GUIDED MISSILES &amp; SPACE VEHICLES &amp; PARTS
10210,MNYWW,Unknown
10211,MOBBW,AIRCRAFT
10212,MOBXW,Unknown
10213,MRDB.W,Unknown
10214,MRNOW,Unknown
10215,MS$A,Unknown
10216,MS$E,Unknown
10217,MS$F,Unknown
10218,MS$I,Unknown
10219,MS$K,Unknown
10220,MS$L,Unknown
10221,MS$O,Unknown
10222,MS$P,Unknown
10223,MSAIW,Unknown
10224,MSBIP,STATE COMMERCIAL BANKS
10225,MTB$H,Unknown
10226,MTEKW,"COMMUNICATIONS EQUIPMENT, NEC"
10227,MVLAW,Unknown
10228,MVSTW,"MISCELLANEOUS ELECTRICAL MACHINERY, EQUIPMENT &amp; SUPPLIES"
10229,NAMSW,Unknown
10230,NCV$A,Unknown
10231,NCZ$A,Unknown
10232,NE.A,Unknown
10233,NEE$N,Unknown
10234,NEE$R,Unknown
10235,NEOVW,"MISCELLANEOUS ELECTRICAL MACHINERY, EQUIPMENT &amp; SUPPLIES"
10236,NETDW,Unknown
10237,NEWTL,NATIONAL COMMERCIAL BANKS
10238,NEWTZ,NATIONAL COMMERCIAL BANKS
10239,NGL$B,Unknown
10240,NGL$C,Unknown
10241,NIOBW,Unknown
10242,NKGNW,Unknown
10243,NLSPW,PHARMACEUTICAL PREPARATIONS
10244,NLY$F,Unknown
10245,NLY$G,Unknown
10246,NLY$I,Unknown
10247,NMFCZ,Unknown
10248,NMHIW,Unknown
10249,NNAVW,"SEARCH, DETECTION, NAVIGATION, GUIDANCE, AERONAUTICAL SYS"
10250,NOTE.W,Unknown
10251,NPWR.W,Unknown
10252,NREF$A,Unknown
10253,NRSNW,PHARMACEUTICAL PREPARATIONS
10254,NRXPW,PHARMACEUTICAL PREPARATIONS
10255,NS$A,Unknown
10256,NS$B,Unknown
10257,NS$C,Unknown
10258,NSA$A,Unknown
10259,NTRBW,"ORTHOPEDIC, PROSTHETIC &amp; SURGICAL APPLIANCES &amp; SUPPLIES"
10260,NTRSO,STATE COMMERCIAL BANKS
10261,NUKKW,Unknown
10262,NUVB.W,Unknown
10263,NVACR,SURGICAL &amp; MEDICAL INSTRUMENTS &amp; APPARATUS
10264,NVVEW,"POWER, DISTRIBUTION &amp; SPECIALTY TRANSFORMERS"
10265,NWTNW,Unknown
10266,NXDT$A,Unknown
10267,NXGLW,SURGICAL &amp; MEDICAL INSTRUMENTS &amp; APPARATUS
10268,NXLIW,Unknown
10269,NXPLW,TELEPHONE COMMUNICATIONS (NO RADIO TELEPHONE)
10270,NYCB$A,Unknown
10271,NYCB$U,Unknown
10272,NYMTL,REAL ESTATE INVESTMENT TRUSTS
10273,NYMTM,REAL ESTATE INVESTMENT TRUSTS
10274,NYMTN,REAL ESTATE INVESTMENT TRUSTS
10275,NYMTZ,REAL ESTATE INVESTMENT TRUSTS
10276,O$,REAL ESTATE INVESTMENT TRUSTS
10277,OABIW,Unknown
10278,OAK$A,Unknown
10279,OAK$B,Unknown
10280,OAKUR,Unknown
10281,OAKUW,Unknown
10282,OCAXW,BLANK CHECKS
10283,OCCIN,Unknown
10284,OCCIO,Unknown
10285,OCEAW,Unknown
10286,ODVWZ,Unknown
10287,ONBPO,NATIONAL COMMERCIAL BANKS
10288,ONBPP,NATIONAL COMMERCIAL BANKS
10289,ONFOW,SERVICES-COMPUTER PROCESSING &amp; DATA PREPARATION
10290,OPINL,REAL ESTATE
10291,OPP$A,Unknown
10292,OPP$B,Unknown
10293,ORGNW,INDUSTRIAL ORGANIC CHEMICALS
10294,OSAAW,Unknown
10295,OSI.U,Unknown
10296,OUST.A,Unknown
10297,OUST.W,Unknown
10298,OXLCL,Unknown
10299,OXLCM,Unknown
10300,OXLCN,Unknown
10301,OXLCO,Unknown
10302,OXLCP,Unknown
10303,OXLCZ,Unknown
10304,OXSQZ,Unknown
10305,OXY.W,Unknown
10306,OZKAP,Unknown
10307,PAVMZ,SURGICAL &amp; MEDICAL INSTRUMENTS &amp; APPARATUS
10308,PAYOW,"SERVICES-BUSINESS SERVICES, NEC"
10309,PBI$B,Unknown
10310,PBMWW,Unknown
10311,PCG$A,Unknown
10312,PCG$B,Unknown
10313,PCG$D,Unknown
10314,PCG$H,Unknown
10315,PCTTW,"PLASTICS, MATERIALS, SYNTH RESINS &amp; NONVULCAN ELASTOMERS"
10316,PEB$E,Unknown
10317,PEB$F,Unknown
10318,PEB$G,Unknown
10319,PEB$H,Unknown
10320,PERF.W,Unknown
10321,PETVW,SURGICAL &amp; MEDICAL INSTRUMENTS &amp; APPARATUS
10322,PFTAW,Unknown
10323,PGSS.W,Unknown
10324,PGYWW,FINANCE SERVICES
10325,PHGE.U,Unknown
10326,PHYT.W,Unknown
10327,PIIIW,SERVICES-HEALTH SERVICES
10328,PL.W,Unknown
10329,PLMJU,Unknown
10330,PLMJW,Unknown
10331,PLTNR,Unknown
10332,PLTNW,Unknown
10333,PMT$A,Unknown
10334,PMT$B,Unknown
10335,PMT$C,Unknown
10336,PNFPP,NATIONAL COMMERCIAL BANKS
10337,POWWP,"ORDNANCE &amp; ACCESSORIES, (NO VEHICLES/GUIDED MISSILES)"
10338,PPHPW,BLANK CHECKS
10339,PRE$J,Unknown
10340,PRENW,LABORATORY ANALYTICAL INSTRUMENTS
10341,PRIF$D,Unknown
10342,PRIF$F,Unknown
10343,PRIF$G,Unknown
10344,PRIF$H,Unknown
10345,PRIF$I,Unknown
10346,PRIF$J,Unknown
10347,PRIF$K,Unknown
10348,PRIF$L,Unknown
10349,PROCW,PHARMACEUTICAL PREPARATIONS
10350,PRSTW,Unknown
10351,PSA$F,Unknown
10352,PSA$G,Unknown
10353,PSA$H,Unknown
10354,PSA$I,Unknown
10355,PSA$J,Unknown
10356,PSA$K,Unknown
10357,PSA$L,Unknown
10358,PSA$M,Unknown
10359,PSA$N,Unknown
10360,PSA$O,Unknown
10361,PSA$P,Unknown
10362,PSA$Q,Unknown
10363,PSA$R,Unknown
10364,PSA$S,Unknown
10365,PSEC$A,Unknown
10366,PSFE.W,Unknown
10367,PSQH.W,Unknown
10368,PTIXW,PHARMACEUTICAL PREPARATIONS
10369,PUCKW,BLANK CHECKS
10370,PXSAP,DEEP SEA FOREIGN TRANSPORTATION OF FREIGHT
10371,PXSAW,DEEP SEA FOREIGN TRANSPORTATION OF FREIGHT
10372,QBTS.W,Unknown
10373,QRTEP,RETAIL-CATALOG &amp; MAIL-ORDER HOUSES
10374,QSIAW,"MEASURING &amp; CONTROLLING DEVICES, NEC"
10375,QTTB,Unknown
10376,RC$C,Unknown
10377,RC$E,Unknown
10378,RCKTW,Unknown
10379,RDW.W,Unknown
10380,RDZNW,Unknown
10381,REGCO,Unknown
10382,REGCP,Unknown
10383,RENEW,BLANK CHECKS
10384,REVBW,PHARMACEUTICAL PREPARATIONS
10385,REXR$B,Unknown
10386,REXR$C,Unknown
10387,RF$B,Unknown
10388,RF$C,Unknown
10389,RF$E,Unknown
10390,RFACR,BLANK CHECKS
10391,RHE$A,Unknown
10392,RILYK,INVESTMENT ADVICE
10393,RILYL,INVESTMENT ADVICE
10394,RILYM,INVESTMENT ADVICE
10395,RILYN,INVESTMENT ADVICE
10396,RILYO,INVESTMENT ADVICE
10397,RILYP,INVESTMENT ADVICE
10398,RILYT,INVESTMENT ADVICE
10399,RILYZ,INVESTMENT ADVICE
10400,RITM$A,Unknown
10401,RITM$B,Unknown
10402,RITM$C,Unknown
10403,RITM$D,Unknown
10404,RIV$A,Unknown
10405,RJF$B,Unknown
10406,RLJ$A,Unknown
10407,RMCOW,Unknown
10408,RNR$F,Unknown
10409,RNR$G,Unknown
10410,ROCLW,CRUDE PETROLEUM &amp; NATURAL GAS
10411,RSVRW,SERVICES-AMUSEMENT &amp; RECREATION SERVICES
10412,RUMBW,Unknown
10413,RVMDW,Unknown
10414,RVPHW,PHARMACEUTICAL PREPARATIONS
10415,RVSNW,RAILROAD EQUIPMENT
10416,RWAYL,Unknown
10417,RWAYZ,Unknown
10418,RWODR,Unknown
10419,RWODW,BIOLOGICAL PRODUCTS (NO DIAGNOSTIC SUBSTANCES)
10420,RWT$A,Unknown
10421,SABSW,BIOLOGICAL PRODUCTS (NO DIAGNOSTIC SUBSTANCES)
10422,SACH$A,Unknown
10423,SATLW,RADIO &amp; TV BROADCASTING &amp; COMMUNICATIONS EQUIPMENT
10424,SAVAW,Unknown
10425,SB$C,Unknown
10426,SB$D,Unknown
10427,SBEV.W,Unknown
10428,SBFMW,PHARMACEUTICAL PREPARATIONS
10429,SBXC.U,Unknown
10430,SBXC.W,Unknown
10431,SCE$G,Unknown
10432,SCE$H,Unknown
10433,SCE$J,Unknown
10434,SCE$K,Unknown
10435,SCE$L,Unknown
10436,SCE$M,Unknown
10437,SCHW$D,Unknown
10438,SCHW$J,Unknown
10439,SCLXW,Unknown
10440,SCRMW,BLANK CHECKS
10441,SDAWW,Unknown
10442,SEAL$A,Unknown
10443,SEAL$B,Unknown
10444,SEATW,SERVICES-MISCELLANEOUS AMUSEMENT &amp; RECREATION
10445,SER,Unknown
10446,SF$B,Unknown
10447,SF$C,Unknown
10448,SF$D,Unknown
10449,SHCRW,SERVICES-HEALTH SERVICES
10450,SHFSW,Unknown
10451,SHO$H,Unknown
10452,SHO$I,Unknown
10453,SHOTW,Unknown
10454,SHPWW,Unknown
10455,SIGIP,"FIRE, MARINE &amp; CASUALTY INSURANCE"
10456,SITC$A,Unknown
10457,SKGRW,BLANK CHECKS
10458,SKYH.W,Unknown
10459,SLAMU,"COMMUNICATION SERVICES, NEC"
10460,SLDPW,"MISCELLANEOUS ELECTRICAL MACHINERY, EQUIPMENT &amp; SUPPLIES"
10461,SLG$I,Unknown
10462,SLMBP,PERSONAL CREDIT INSTITUTIONS
10463,SLNAW,Unknown
10464,SLND.W,Unknown
10465,SLNHP,FINANCE SERVICES
10466,SMR.W,Unknown
10467,SNAXW,FOOD &amp; KINDRED PRODUCTS
10468,SNCRL,SERVICES-COMPUTER PROGRAMMING SERVICES
10469,SNV$D,Unknown
10470,SNV$E,Unknown
10471,SOAR.W,Unknown
10472,SOC.W,Unknown
10473,SOHON,REAL ESTATE INVESTMENT TRUSTS
10474,SOHOO,REAL ESTATE INVESTMENT TRUSTS
10475,SOLV,Unknown
10476,SONDW,"HOTELS, ROOMING HOUSE, CAMPS &amp; OTHER LODGING PLACES"
10477,SOUNW,SERVICES-PREPACKAGED SOFTWARE
10478,SPECW,Unknown
10479,SPG$J,Unknown
10480,SPKLW,Unknown
10481,SPLP$A,Unknown
10482,SPNT$B,Unknown
10483,SQFTP,REAL ESTATE INVESTMENT TRUSTS
10484,SQFTW,REAL ESTATE INVESTMENT TRUSTS
10485,SR$A,Unknown
10486,SRG$A,Unknown
10487,SRZNW,BIOLOGICAL PRODUCTS (NO DIAGNOSTIC SUBSTANCES)
10488,SSSSL,Unknown
10489,SST.W,Unknown
10490,STIXW,SERVICES-COMPUTER PROGRAMMING SERVICES
10491,STRCW,SERVICES-PREPACKAGED SOFTWARE
10492,STRRP,ELECTROMEDICAL &amp; ELECTROTHERAPEUTIC APPARATUS
10493,STSSW,SURGICAL &amp; MEDICAL INSTRUMENTS &amp; APPARATUS
10494,STT$G,Unknown
10495,SURGW,TELEPHONE COMMUNICATIONS (NO RADIO TELEPHONE)
10496,SVIIR,Unknown
10497,SVIIW,Unknown
10498,SVMHW,Unknown
10499,SWAGW,Unknown
10500,SWKHL,Unknown
10501,SWSSW,BLANK CHECKS
10502,SWVLW,"SERVICES-BUSINESS SERVICES, NEC"
10503,SXTPW,Unknown
10504,SYF$A,Unknown
10505,SYF$B,Unknown
10506,SYTAW,RADIO TELEPHONE COMMUNICATIONS
10507,T$A,Unknown
10508,T$C,Unknown
10509,TALKW,SERVICES-HEALTH SERVICES
10510,TBLAW,"SERVICES-COMPUTER PROGRAMMING, DATA PROCESSING, ETC."
10511,TBMCR,Unknown
10512,TCBIO,STATE COMMERCIAL BANKS
10513,TCBPW,BIOLOGICAL PRODUCTS (NO DIAGNOSTIC SUBSTANCES)
10514,TCOA.W,Unknown
10515,TDS$U,Unknown
10516,TDS$V,Unknown
10517,TDW.W,Unknown
10518,TECTP,STATE COMMERCIAL BANKS
10519,TENKR,Unknown
10520,TETEW,"SERVICES-BUSINESS SERVICES, NEC"
10521,TFC$I,Unknown
10522,TFC$O,Unknown
10523,TFC$R,Unknown
10524,TFINP,Unknown
10525,TGH$A,Unknown
10526,TGH$B,Unknown
10527,TLSIW,Unknown
10528,TMCWW,METAL MINING
10529,TMTCR,Unknown
10530,TMTCU,Unknown
10531,TNP$E,Unknown
10532,TNP$F,Unknown
10533,TPGXL,Unknown
10534,TRINL,Unknown
10535,TRINZ,Unknown
10536,TRIS.W,Unknown
10537,TRTN$A,Unknown
10538,TRTN$B,Unknown
10539,TRTN$C,Unknown
10540,TRTN$D,Unknown
10541,TRTN$E,Unknown
10542,TRTX$C,Unknown
10543,TVGNW,Unknown
10544,TWLVW,BLANK CHECKS
10545,TWO$A,Unknown
10546,TWO$B,Unknown
10547,TWO$C,Unknown
10548,TY$,Unknown
10549,UBXG,"SERVICES-COMPUTER PROGRAMMING, DATA PROCESSING, ETC."
10550,UCBIO,STATE COMMERCIAL BANKS
10551,UHGWW,Unknown
10552,UKOMW,"SERVICES-BUSINESS SERVICES, NEC"
10553,UMH$D,Unknown
10554,USB$A,Unknown
10555,USB$H,Unknown
10556,USB$P,Unknown
10557,USB$Q,Unknown
10558,USB$R,Unknown
10559,USB$S,Unknown
10560,UWMC.W,Unknown
10561,VAL.W,Unknown
10562,VCXB.U,Unknown
10563,VERBW,SERVICES-PERSONAL SERVICES
10564,VFSWW,Unknown
10565,VGASW,Unknown
10566,VHAI.A,Unknown
10567,VHAI.B,Unknown
10568,VIASP,ELECTRIC &amp; OTHER SERVICES COMBINED
10569,VLD.W,Unknown
10570,VLN.W,Unknown
10571,VLYPO,NATIONAL COMMERCIAL BANKS
10572,VLYPP,NATIONAL COMMERCIAL BANKS
10573,VNO$L,Unknown
10574,VNO$M,Unknown
10575,VNO$N,Unknown
10576,VNO$O,Unknown
10577,VOYA$B,Unknown
10578,VSSYW,SERVICES-COMPUTER PROCESSING &amp; DATA PREPARATION
10579,VSTEW,Unknown
10580,WAL$A,Unknown
10581,WBS$F,Unknown
10582,WBS$G,Unknown
10583,WBX.W,Unknown
10584,WCC$A,Unknown
10585,WESTW,BEVERAGES
10586,WFC$A,Unknown
10587,WFC$C,Unknown
10588,WFC$D,Unknown
10589,WFC$L,Unknown
10590,WFC$Y,Unknown
10591,WFC$Z,Unknown
10592,WGSWW,Unknown
10593,WHFCL,Unknown
10594,WHLRP,REAL ESTATE INVESTMENT TRUSTS
10595,WINVR,Unknown
10596,WKSPW,MOTOR VEHICLE PARTS &amp; ACCESSORIES
10597,WLDSW,COMPUTER COMMUNICATIONS EQUIPMENT
10598,WRB$E,Unknown
10599,WRB$F,Unknown
10600,WRB$G,Unknown
10601,WRB$H,Unknown
10602,WSBCP,NATIONAL COMMERCIAL BANKS
10603,WTFCM,STATE COMMERCIAL BANKS
10604,WTFCP,STATE COMMERCIAL BANKS
10605,WVVIP,BEVERAGES
10606,XELAP,"SERVICES-BUSINESS SERVICES, NEC"
10607,XFLT$A,Unknown
10608,XOMAO,PHARMACEUTICAL PREPARATIONS
10609,XOMAP,PHARMACEUTICAL PREPARATIONS
10610,XOSWW,MOTOR VEHICLE PARTS &amp; ACCESSORIES
10611,YCBD$A,Unknown
10612,YOTAU,RETAIL-AUTO DEALERS &amp; GASOLINE STATIONS
10613,YOTAW,RETAIL-AUTO DEALERS &amp; GASOLINE STATIONS
10614,YSBPW,Unknown
10615,ZBZX,Unknown
10616,ZCARW,Unknown
10617,ZEXIT,Unknown
10618,ZIEXT,Unknown
10619,ZIONL,NATIONAL COMMERCIAL BANKS
10620,ZIONO,NATIONAL COMMERCIAL BANKS
10621,ZIONP,NATIONAL COMMERCIAL BANKS
10622,ZJZZT,Unknown
10623,ZPTA,Unknown
10624,ZPTAW,Unknown
10625,ZTEST,Unknown
10626,ZVZZT,Unknown
10627,ZWZZT,Unknown
10628,ZXIET,Unknown
10629,AACT.W,Unknown
10630,ACACU,BLANK CHECKS
10631,ACBAW,BLANK CHECKS
10632,AENTW,Unknown
10633,AGBAW,INVESTMENT ADVICE
10634,AITRR,Unknown
10635,ALCYW,Unknown
10636,ALSAR,SERVICES-PREPACKAGED SOFTWARE
10637,ALVOW,BIOLOGICAL PRODUCTS (NO DIAGNOSTIC SUBSTANCES)
10638,AULT$D,Unknown
10639,AUUDW,SERVICES-COMPUTER PROCESSING &amp; DATA PREPARATION
10640,AVHIW,Unknown
10641,BANFP,NATIONAL COMMERCIAL BANKS
10642,BCV$A,Unknown
10643,BENFW,Unknown
10644,BLACR,Unknown
10645,BLEUW,BLANK CHECKS
10646,BRSHW,DENTAL EQUIPMENT &amp; SUPPLIES
10647,CCLDO,Unknown
10648,CCTSW,BLANK CHECKS
10649,CDROW,SERVICES-MISCELLANEOUS AMUSEMENT &amp; RECREATION
10650,CDTTW,Unknown
10651,CETUW,Unknown
10652,CINGW,PHARMACEUTICAL PREPARATIONS
10653,CNGLW,SERVICES-COMPUTER INTEGRATED SYSTEMS DESIGN
10654,CONXW,REAL ESTATE OPERATORS (NO DEVELOPERS) &amp; LESSORS
10655,CPTNW,MOTOR VEHICLE PARTS &amp; ACCESSORIES
10656,CSLRW,Unknown
10657,DISTW,Unknown
10658,DRTSW,SURGICAL &amp; MEDICAL INSTRUMENTS &amp; APPARATUS
10659,EMCGW,Unknown
10660,ESLAW,Unknown
10661,EVE.U,Unknown
10662,FNVTW,BLANK CHECKS
10663,FRMEP,NATIONAL COMMERCIAL BANKS
10664,GAQ.W,Unknown
10665,GATEW,BLANK CHECKS
10666,GBBKR,BLANK CHECKS
10667,GECCO,Unknown
10668,GEV,Unknown
10669,GGN$B,Unknown
10670,GIPRW,REAL ESTATE INVESTMENT TRUSTS
10671,GLACU,Unknown
10672,GMFIW,BLANK CHECKS
10673,GOVXW,PHARMACEUTICAL PREPARATIONS
10674,GRND.W,Unknown
10675,GROMW,"SERVICES-COMPUTER PROGRAMMING, DATA PROCESSING, ETC."
10676,GSMGW,SERVICES-COMPUTER PROCESSING &amp; DATA PREPARATION
10677,HGASW,Unknown
10678,HNNAZ,INVESTMENT ADVICE
10679,HSCSW,"ORTHOPEDIC, PROSTHETIC &amp; SURGICAL APPLIANCES &amp; SUPPLIES"
10680,HYAC.W,Unknown
10681,IFIN.U,Unknown
10682,IMAQR,Unknown
10683,INAQW,Unknown
10684,INBKZ,STATE COMMERCIAL BANKS
10685,IROHW,Unknown
10686,JTAIZ,Unknown
10687,JVSAU,Unknown
10688,JWSM.U,Unknown
10689,KRNLW,BLANK CHECKS
10690,LANV.W,Unknown
10691,LEV.A,Unknown
10692,LFT$A,Unknown
10693,LIFWZ,Unknown
10694,MAMO,Unknown
10695,MBNKP,FINANCE SERVICES
10696,MLECW,Unknown
10697,MMVWW,Unknown
10698,MSSAR,BLANK CHECKS
10699,MTAL.W,Unknown
10700,MYPSW,SERVICES-PREPACKAGED SOFTWARE
10701,NCNCW,Unknown
10702,NE.W,Unknown
10703,NETDU,Unknown
10704,NNAGU,Unknown
10705,NPABW,BLANK CHECKS
10706,NVNIW,Unknown
10707,NXTT,Unknown
10708,ONMDW,Unknown
10709,OPFI.W,Unknown
10710,PCG$G,Unknown
10711,PEGRU,BLANK CHECKS
10712,PETWW,SERVICES-PERSONAL SERVICES
10713,PFTAU,BLANK CHECKS
10714,PLMIW,SERVICES-COMPUTER INTEGRATED SYSTEMS DESIGN
10715,PNST.W,Unknown
10716,PTWOW,Unknown
10717,PUCKU,BLANK CHECKS
10718,PW$A,Unknown
10719,QOMOW,Unknown
10720,RBOT.W,Unknown
10721,RMPL$,Unknown
10722,RNWWW,ELECTRIC SERVICES
10723,RRAC.W,Unknown
10724,RWODU,BIOLOGICAL PRODUCTS (NO DIAGNOSTIC SUBSTANCES)
10725,SAITW,FINANCE SERVICES
10726,SES.W,Unknown
10727,SMXWW,Unknown
10728,TGAAW,BLANK CHECKS
10729,TRTL.U,Unknown
10730,USCTW,BLANK CHECKS
10731,USGOW,Unknown
10732,VCXB.W,Unknown
10733,VRMEW,SERVICES-COMPUTER INTEGRATED SYSTEMS DESIGN
10734,VWEWW,BEVERAGES
10735,WINVU,BLANK CHECKS
10736,XFINW,BLANK CHECKS
10737,ZAPPW,Unknown
10738,ZBAO,Unknown
10739,ZEOWW,Unknown
10740,ZFOXW,"SERVICES-BUSINESS SERVICES, NEC"
10741,ZURAW,Unknown
10742,ZXZZT,Unknown
10743,ACABW,BIOLOGICAL PRODUCTS (NO DIAGNOSTIC SUBSTANCES)
10744,AMBI.W,Unknown
10745,AMBP.W,Unknown
10746,AOGOU,SERVICES-PREPACKAGED SOFTWARE
10747,AP.W,Unknown
10748,APLMW,Unknown
10749,ARTLW,PHARMACEUTICAL PREPARATIONS
10750,BCSAW,BLANK CHECKS
10751,CCTSU,BLANK CHECKS
10752,CLBR.U,Unknown
10753,COEPW,Unknown
10754,COOLU,BLANK CHECKS
10755,DRMAW,PHARMACEUTICAL PREPARATIONS
10756,EDBLW,AGRICULTURE PRODUCTION - CROPS
10757,EVE.W,Unknown
10758,FAAS,Unknown
10759,FAASW,Unknown
10760,FGFPP,FINANCE SERVICES
10761,FREEW,SUGAR &amp; CONFECTIONERY PRODUCTS
10762,GDEVW,Unknown
10763,GGT$E,Unknown
10764,HLLY.W,Unknown
10765,IINNW,SURGICAL &amp; MEDICAL INSTRUMENTS &amp; APPARATUS
10766,IMAQW,SERVICES-MOTION PICTURE &amp; VIDEO TAPE PRODUCTION
10767,IPXXW,Unknown
10768,IROHU,Unknown
10769,IRS.W,Unknown
10770,IVDAW,SERVICES-PREPACKAGED SOFTWARE
10771,KCGI.U,Unknown
10772,LATGU,BLANK CHECKS
10773,LCW.U,Unknown
10774,LGVCU,BLANK CHECKS
10775,MNTN.W,Unknown
10776,NNAGW,Unknown
10777,NTEST,Unknown
10778,NVACW,Unknown
10779,PCG$E,Unknown
10780,PEGRW,BLANK CHECKS
10781,PLAOW,BLANK CHECKS
10782,PMGMW,PHARMACEUTICAL PREPARATIONS
10783,RCFA.U,Unknown
10784,THCPW,BLANK CHECKS
10785,TRAW,Unknown
10786,TRIS.U,Unknown
10787,TRONW,BLANK CHECKS
10788,TRTL.W,Unknown
10789,AACIU,Unknown
10790,ABLVW,Unknown
10791,ACACW,BLANK CHECKS
10792,AIMAW,BLANK CHECKS
10793,ANSCW,Unknown
10794,BEATW,SURGICAL &amp; MEDICAL INSTRUMENTS &amp; APPARATUS
10795,BHACW,BLANK CHECKS
10796,CHKEW,CRUDE PETROLEUM &amp; NATURAL GAS
10797,CLOER,SERVICES-MISCELLANEOUS AMUSEMENT &amp; RECREATION
10798,CNFRZ,Unknown
10799,DBGIW,RETAIL-APPAREL &amp; ACCESSORY STORES
10800,DECAU,PHARMACEUTICAL PREPARATIONS
10801,ESHAR,Unknown
10802,FHLTU,Unknown
10803,FMSTW,Unknown
10804,FOA.W,Unknown
10805,HAIAW,BLANK CHECKS
10806,HSPOW,Unknown
10807,LCFYW,"SERVICES-COMPUTER PROGRAMMING, DATA PROCESSING, ETC."
10808,LVROW,Unknown
10809,MCACW,CONSTRUCTION SPECIAL TRADE CONTRACTORS
10810,MDRRP,REAL ESTATE INVESTMENT TRUSTS
10811,MSSAW,BLANK CHECKS
10812,NBSTW,BLANK CHECKS
10813,NIVF,Unknown
10814,NIVFW,Unknown
10815,NNAGR,Unknown
10816,NOVVW,BLANK CHECKS
10817,OCSAW,Unknown
10818,ONYXW,BLANK CHECKS
10819,OXBRW,"FIRE, MARINE &amp; CASUALTY INSURANCE"
10820,RELIW,INSURANCE AGENTS BROKERS &amp; SERVICES
10821,RFACU,BLANK CHECKS
10822,RFACW,BLANK CHECKS
10823,RMGCW,ELECTRICAL INDUSTRIAL APPARATUS
10824,SEDA.U,Unknown
10825,SPKLU,Unknown
10826,TLGYW,"PLASTICS, MATERIALS, SYNTH RESINS &amp; NONVULCAN ELASTOMERS"
10827,TNONW,Unknown
10828,VMCAW,BLANK CHECKS
10829,XBIOW,PHARMACEUTICAL PREPARATIONS
10830,AEAEW,MOTOR VEHICLE PARTS &amp; ACCESSORIES
10831,AOGOW,SERVICES-PREPACKAGED SOFTWARE
10832,APCA.W,Unknown
10833,ATMVU,Unknown
10834,AUVIP,ELECTRIC LIGHTING &amp; WIRING EQUIPMENT
10835,BLEUR,BLANK CHECKS
10836,BOCNW,BLANK CHECKS
10837,CMAXW,SERVICES-NURSING &amp; PERSONAL CARE FACILITIES
10838,CSLMW,Unknown
10839,CTNM,Unknown
10840,DHACW,SERVICES-HEALTH SERVICES
10841,EMLDW,FINANCE SERVICES
10842,EPRX,Unknown
10843,FLFVR,MOTOR VEHICLES &amp; PASSENGER CAR BODIES
10844,GLLIR,BLANK CHECKS
10845,OAKUU,Unknown
10846,PCG$C,Unknown
10847,PCG$I,Unknown
10848,PLTNU,Unknown
10849,QOMOU,Unknown
10850,RCRTW,SERVICES-COMPUTER PROGRAMMING SERVICES
10851,SEDA.W,Unknown
10852,SEPAW,Unknown
10853,SVREW,SERVICES-COMPUTER PROGRAMMING SERVICES
10854,TOIIW,SERVICES-OFFICES &amp; CLINICS OF DOCTORS OF MEDICINE
10855,WINVW,BLANK CHECKS
10856,YOTAR,RETAIL-AUTO DEALERS &amp; GASOLINE STATIONS
10857,ZLSWW,Unknown
10858,ZOOZ,Unknown
10859,ZOOZW,Unknown
10860,ALSAW,SERVICES-PREPACKAGED SOFTWARE
10861,ATEK.W,Unknown
10862,BWAQW,Unknown
10863,DECAW,PHARMACEUTICAL PREPARATIONS
10864,DISTR,Unknown
10865,DMYY.U,Unknown
10866,FHLTW,BLANK CHECKS
10867,FTIIW,BIOLOGICAL PRODUCTS (NO DIAGNOSTIC SUBSTANCES)
10868,GDSTW,ELECTRICAL INDUSTRIAL APPARATUS
10869,GLU$B,Unknown
10870,IRAAW,BLANK CHECKS
10871,IVCPU,CRUDE PETROLEUM &amp; NATURAL GAS
10872,NFYS.W,Unknown
10873,OSI.W,Unknown
10874,PDYN,Unknown
10875,PDYNW,Unknown
10876,PFXNZ,Unknown
10877,SEPAU,Unknown
10878,SUUN,Unknown
10879,WALDW,"PERFUMES, COSMETICS &amp; OTHER TOILET PREPARATIONS"
10880,XBPEW,Unknown
10881,AIBBU,BLANK CHECKS
10882,APXIU,BLANK CHECKS
10883,BCDAW,BIOLOGICAL PRODUCTS (NO DIAGNOSTIC SUBSTANCES)
10884,BOWNU,Unknown
10885,BUJAU,Unknown
10886,BYNOW,BLANK CHECKS
10887,CITEW,BLANK CHECKS
10888,CLNNW,PHARMACEUTICAL PREPARATIONS
10889,CMCAU,BLANK CHECKS
10890,CNGLU,SERVICES-COMPUTER INTEGRATED SYSTEMS DESIGN
10891,CYTHW,Unknown
10892,DHACU,SERVICES-HEALTH SERVICES
10893,EMCGU,BLANK CHECKS
10894,FEXDW,LOAN BROKERS
10895,FLFVU,MOTOR VEHICLES &amp; PASSENGER CAR BODIES
10896,FLFVW,MOTOR VEHICLES &amp; PASSENGER CAR BODIES
10897,FNVTU,BLANK CHECKS
10898,GDSTU,ELECTRICAL INDUSTRIAL APPARATUS
10899,GLU$A,Unknown
10900,HAFN,Unknown
10901,ISRLU,Unknown
10902,IVCBU,BLANK CHECKS
10903,IVCPW,CRUDE PETROLEUM &amp; NATURAL GAS
10904,NPABU,Unknown
10905,ONYXU,BLANK CHECKS
10906,PLMIU,SERVICES-COMPUTER INTEGRATED SYSTEMS DESIGN
10907,PMGMU,PHARMACEUTICAL PREPARATIONS
10908,PPYAU,BLANK CHECKS
10909,SVIIU,Unknown
10910,ZLSWU,Unknown
10911,ASCBR,BLANK CHECKS
10912,ATEK.U,Unknown
10913,ECDAW,Unknown
10914,ISRLW,Unknown
10915,MITAW,BLANK CHECKS
10916,MNDR,Unknown
10917,NOVVR,BLANK CHECKS
10918,SPE$C,Unknown
10919,DSAQ.U,Unknown
10920,EICC,Unknown
10921,FORLU,Unknown
10922,GTACU,"SERVICES-BUSINESS SERVICES, NEC"
10923,MACAW,BLANK CHECKS
10924,MCAGR,Unknown
10925,OPTXW,Unknown
10926,PACS,Unknown
10927,PWUPW,PHARMACEUTICAL PREPARATIONS
10928,SKYE,PHARMACEUTICAL PREPARATIONS
10929,THCPU,BLANK CHECKS
10930,AIBBR,BLANK CHECKS
10931,DYCQ,Unknown
10932,DYCQR,Unknown
10933,EMCGR,Unknown
10934,KACLW,BLANK CHECKS
10935,MCACR,CONSTRUCTION SPECIAL TRADE CONTRACTORS
10936,TENKU,Unknown
10937,ULS,Unknown
10938,CBRGU,BLANK CHECKS
10939,FEXDR,LOAN BROKERS
10940,HSPOR,Unknown
10941,NOVVU,BLANK CHECKS
10942,QDROW,Unknown
10943,QETAU,Unknown
10944,QOMOR,Unknown
10945,SCRMU,BLANK CHECKS
10946,YYAI,Unknown
10947,ATMCR,Unknown
10948,DPCSW,BLANK CHECKS
10949,IVCAW,BLANK CHECKS
10950,TWG,Unknown
10951,TWLVU,BLANK CHECKS
10952,VSACW,BLANK CHECKS
10953,AILE,Unknown
10954,AILEW,Unknown
10955,CFFSW,BLANK CHECKS
10956,GHIXU,BLANK CHECKS
10957,INAQU,Unknown
10958,JUNE,Unknown
10959,WEL.W,Unknown
10960,CDAQU,BLANK CHECKS
10961,CDTG,SANITARY SERVICES
10962,CTRI,Unknown
10963,GECCI,Unknown
10964,GPACU,PRIMARY SMELTING &amp; REFINING OF NONFERROUS METALS
10965,MTEN,Unknown
10966,PGSS.U,Unknown
10967,PRLHW,BLANK CHECKS
10968,QDROU,Unknown
10969,AIMAU,BLANK CHECKS
10970,BOCNU,BLANK CHECKS
10971,BYNOU,BLANK CHECKS
10972,CNDA.U,Unknown
10973,FRLAU,Unknown
10974,PCTTU,"PLASTICS, MATERIALS, SYNTH RESINS &amp; NONVULCAN ELASTOMERS"
10975,PWUPU,PHARMACEUTICAL PREPARATIONS
10976,QETAR,Unknown
10977,RMGCU,ELECTRICAL INDUSTRIAL APPARATUS
10978,SLSR,Unknown
10979,TLGYU,"PLASTICS, MATERIALS, SYNTH RESINS &amp; NONVULCAN ELASTOMERS"
10980,TRSG,Unknown
10981,VSACU,BLANK CHECKS
10982,WAVSU,Unknown
10983,WAVSW,SERVICES-COMPUTER PROGRAMMING SERVICES
10984,XYLO,Unknown
10985,AACT.U,Unknown
10986,CDAQW,BLANK CHECKS
10987,FRLAW,"SPECIAL INDUSTRY MACHINERY, NEC"
10988,IFN.R,Unknown
10989,MFI,Unknown
10990,YYGH,Unknown
10991,GODNU,Unknown
10992,PTWOU,SERVICES-OFFICES &amp; CLINICS OF DOCTORS OF MEDICINE
10993,DUETW,BLANK CHECKS
10994,GLLIU,BLANK CHECKS
10995,IGTAU,Unknown
10996,MFAO,Unknown
10997,GAMCW,INDUSTRIAL ORGANIC CHEMICALS
10998,HSPOU,Unknown
10999,LOAR,Unknown
11000,MRX,Unknown
11001,PPYAW,BLANK CHECKS
11002,RBRK,Unknown
11003,BRKHU,SEMICONDUCTORS &amp; RELATED DEVICES
11004,ZONE,Unknown
11005,BWLP,Unknown
11006,HUDAU,Unknown
11007,MARXU,Unknown
11008,SKGRU,BLANK CHECKS
11009,APCA.U,Unknown
11010,BLACU,Unknown
11011,IBAC,Unknown
11012,IBACR,Unknown
11013,SHMD,Unknown
11014,SHMDW,Unknown
11015,VIK,Unknown
11016,ALSAU,SERVICES-PREPACKAGED SOFTWARE
11017,CCIXU,Unknown
11018,CLOEU,SERVICES-MISCELLANEOUS AMUSEMENT &amp; RECREATION
11019,MCAGU,Unknown
11020,NUVO,Unknown
11021,NUVOW,Unknown
11022,SOWG,FOOD &amp; KINDRED PRODUCTS
11023,ACBAU,BLANK CHECKS
11024,AFARW,SERVICES-MOTION PICTURE &amp; VIDEO TAPE DISTRIBUTION
11025,FTIIU,BIOLOGICAL PRODUCTS (NO DIAGNOSTIC SUBSTANCES)
11026,RCFA.W,Unknown
11027,RENEU,BLANK CHECKS
11028,TRONU,Unknown
11029,ALCYU,Unknown
11030,BRACR,Unknown
11031,NBSTU,BLANK CHECKS
11032,TETEU,"SERVICES-BUSINESS SERVICES, NEC"
11033,RRAC.U,Unknown
11034,ZVV,Unknown
11035,HAIAU,BLANK CHECKS
11036,NNE,Unknown
11037,FER,Unknown
11038,GPATU,Unknown
11039,PAL,Unknown
11040,SVCO,Unknown
11041,OKLO,Unknown
11042,ZK,Unknown
11043,ANG$A,Unknown
11044,ANG$B,Unknown
11045,BKHA,Unknown
11046,BKHAR,Unknown
11047,NFYS.U,Unknown
11048,TCOA.U,Unknown
11049,BTOC,Unknown
11050,OCAXU,Unknown
11051,ACABU,BIOLOGICAL PRODUCTS (NO DIAGNOSTIC SUBSTANCES)
11052,JDZG,Unknown
11053,RAY,Unknown
11054,VRN,Unknown
11055,ATMCU,Unknown
11056,MTB$J,Unknown
11057,ROCLU,CRUDE PETROLEUM &amp; NATURAL GAS
11058,ENTO,Unknown
11059,HDL,Unknown
11060,KACLU,BLANK CHECKS
11061,RFAIU,Unknown
11062,BWIN,Unknown
11063,CNH,Unknown
11064,HHGCU,BLANK CHECKS
11065,MITP,Unknown
11066,BLUA.U,Unknown
11067,KBDC,Unknown
11068,PHYT.U,Unknown
11069,PLAOU,BLANK CHECKS
11070,BFAC.U,Unknown
11071,BOW,Unknown
11072,EMLDU,FINANCE SERVICES
11073,MNTN.U,Unknown
11074,BITE.U,Unknown
11075,BWAQU,BLANK CHECKS
11076,CIMN,Unknown
11077,LSB,Unknown
11078,LSBPW,Unknown
11079,SWSSU,BLANK CHECKS
11080,CFG$H,Unknown
11081,IRAAU,BLANK CHECKS
11082,WHLRL,Unknown
11083,FEXDU,Unknown
11084,VMCAU,BLANK CHECKS
11085,XHG,Unknown
11086,KDLY,Unknown
11087,KDLYW,Unknown
11088,NEWTG,Unknown
11089,SMTK,SEMICONDUCTORS &amp; RELATED DEVICES
11090,SCE$N,Unknown
11091,TGAAU,BLANK CHECKS
11092,ATYR,Unknown
11093,BIPJ,Unknown
11094,MSSAU,BLANK CHECKS
11095,FLYE,Unknown
11096,GAUZ,Unknown
11097,LIF,Unknown
11098,QXO,Unknown
11099,CHEB.U,Unknown
11100,DSY,Unknown
11101,DSYWW,Unknown
11102,RAPP,Unknown
11103,SIFYR,Unknown
11104,WAY,Unknown
11105,CLRCU,BLANK CHECKS
11106,GLSTU,Unknown
11107,MACAU,BLANK CHECKS
11108,MCACU,CONSTRUCTION SPECIAL TRADE CONTRACTORS
11109,ONIT,Unknown
11110,ALFUU,Unknown
11111,IVCAU,BLANK CHECKS
11112,GRALV,Unknown
11113,PCSC,Unknown
11114,GROY.W,Unknown
11115,SILA,Unknown
11116,SPMC,Unknown
11117,TEM,Unknown
11118,BRACU,BLANK CHECKS
11119,CUBWU,Unknown
11120,FSHPU,Unknown
11121,GATEU,BLANK CHECKS
11122,ILMNV,Unknown
11123,IXAQU,"COMMUNICATION SERVICES, NEC"
11124,MACIU,Unknown
11125,AEAEU,MOTOR VEHICLE PARTS &amp; ACCESSORIES
11126,CCIX,Unknown
11127,CCIXW,Unknown
11128,CSLMU,SERVICES-COMPUTER INTEGRATED SYSTEMS DESIGN
11129,DPCSU,BLANK CHECKS
11130,MCAAU,BLANK CHECKS
11131,RECT,Unknown
11132,TECX,Unknown
11133,AIEV,Unknown
11134,NXG.R,Unknown
11135,WENA,Unknown
11136,WENAW,Unknown
11137,GRAL,Unknown
11138,RWTO,Unknown
11139,VSEE,Unknown
11140,VSEEW,Unknown
11141,BOH$B,Unknown
11142,EVGRU,BLANK CHECKS
11143,GRAF.U,Unknown
11144,NEE$S,Unknown
11145,WEL.U,Unknown
11146,CITEU,BLANK CHECKS
11147,TBN,Unknown
11148,WBTN,Unknown
11149,ALMS,Unknown
11150,KRNLU,BLANK CHECKS
11151,LSH,Unknown
11152,AIOT,Unknown
11153,MAQCU,Unknown
11154,TEN$E,Unknown
11155,TEN$F,Unknown
11156,CETUU,Unknown
11157,GGT.V,Unknown
11158,FIACU,"INVESTORS, NEC"
11159,GGT.R,Unknown
11160,ABVE,Unknown
11161,ABVEW,Unknown
11162,DCOMG,Unknown
11163,EHGO,Unknown
11164,EURKU,Unknown
11165,GAMCU,INDUSTRIAL ORGANIC CHEMICALS
11166,GPAT,BLANK CHECKS
11167,GPATW,Unknown
11168,NYMTI,Unknown
11169,RFAI,Unknown
11170,RFAIR,Unknown
11171,SW,Unknown
11172,TOYO,Unknown
11173,ASCBU,BLANK CHECKS
11174,CGBS,Unknown
11175,CGBSW,Unknown
11176,CMBT,Unknown
11177,CNTM,Unknown
11178,FSUN,NATIONAL COMMERCIAL BANKS
11179,LPAAU,Unknown
11180,OXLCI,Unknown
11181,SDST,Unknown
11182,SDSTW,Unknown
11183,SIMAU,Unknown
11184,TLN,Unknown
11185,AFARU,SERVICES-MOTION PICTURE &amp; VIDEO TAPE DISTRIBUTION
11186,WTMAU,"MISCELLANEOUS ELECTRICAL MACHINERY, EQUIPMENT &amp; SUPPLIES"
11187,CFFSU,BLANK CHECKS
11188,DUETU,BLANK CHECKS
11189,AQUNU,Unknown
11190,ARDT,Unknown
11191,ARTV,Unknown
11192,CNL,Unknown
11193,MACI,Unknown
11194,PDCC,Unknown
11195,PSIG,Unknown
11196,QMMM,Unknown
11197,STEC,Unknown
11198,TWFG,Unknown
11199,MACIW,Unknown
11200,PRLHU,BLANK CHECKS
11201,BLMZ,Unknown
11202,CON,Unknown
11203,DTSQU,Unknown
11204,HHH.V,Unknown
11205,LINE,Unknown
11206,NIPG,Unknown
11207,NVA,Unknown
11208,NVAWW,Unknown
11209,ORKT,Unknown
11210,OS,Unknown
11211,PGHL,Unknown
11212,RF$F,Unknown
11213,SEG.V,Unknown
11214,TNFA,Unknown
11215,TRINI,Unknown
11216,BHACU,BLANK CHECKS
11217,CHEB,Unknown
11218,PITA,Unknown
11219,PITAW,Unknown
11220,CHEB.W,Unknown
11221,NSA$B,Unknown
11222,AAM.U,Unknown
11223,ADGM,Unknown
11224,ALFUW,Unknown
11225,AOMN,Unknown
11226,FDSB,Unknown
11227,MBAVU,Unknown
11228,MKDW,Unknown
11229,MKDWW,Unknown
11230,MS$Q,Unknown
11231,OSTX,Unknown
11232,SEG,Unknown
11233,SMC,Unknown
11234,FLD,Unknown
11235,FLDDW,Unknown
11236,FLDDU,Unknown
11237,HPAI,Unknown
11238,HPAIW,Unknown
11239,TXNM,Unknown
11240,UCB,Unknown
11241,UCB$I,Unknown
11242,EQV.U,Unknown
11243,INTEU,Unknown
11244,RSTN,RETAIL-CATALOG &amp; MAIL-ORDER HOUSES
11245,CSCI,Unknown
11246,CUBWW,Unknown
11247,VACHU,Unknown
11248,XFINU,BLANK CHECKS
11249,CBO,Unknown
11250,GRAF.W,Unknown
11251,ACTU,Unknown
11252,AIFF,Unknown
11253,BGM,Unknown
11254,BSLK,Unknown
11255,CEP,Unknown
11256,CTOR,Unknown
11257,FSHP,BLANK CHECKS
11258,HONDU,Unknown
11259,QNTM,Unknown
11260,RZLV,Unknown
11261,RZLVW,Unknown
11262,SBXD.U,Unknown
11263,SLXN,Unknown
11264,SLXNW,Unknown
11265,VLYPN,Unknown
11266,YXT,Unknown
11267,FSHPR,Unknown
11268,BSLKW,Unknown
11269,CCEC,Unknown
11270,CIMO,Unknown
11271,GAP,Unknown
11272,RITR,Unknown
11273,WOK,Unknown
11274,AZI,Unknown
11275,BSIIU,Unknown
11276,GIGGU,Unknown
11277,JBDI,Unknown
11278,SIMA,Unknown
11279,SIMAW,Unknown
11280,SPAI,Unknown
11281,GUT.V,Unknown
11282,BNT,Unknown
11283,CURR,PHARMACEUTICAL PREPARATIONS
11284,GIFT,Unknown
11285,INVX,Unknown
11286,LPAA,Unknown
11287,LPAAW,Unknown
11288,ORKA,Unknown
11289,PMAX,Unknown
11290,POLEU,Unknown
11291,PTHL,Unknown
11292,RIME,Unknown
11293,VCICU,Unknown
11294,EHI.V,Unknown
11295,GUT.R,Unknown
11296,AAM,Unknown
11297,AAM.W,Unknown
11298,BCAX,Unknown
11299,EHI.R,Unknown
11300,EURK,Unknown
11301,EURKR,Unknown
11302,FVNNU,Unknown
11303,GIGGW,Unknown
11304,GLXG,Unknown
11305,GPUS,Unknown
11306,GPUS$D,Unknown
11307,HCWC,Unknown
11308,IBO,Unknown
11309,KAPA,Unknown
11310,MBX,Unknown
11311,SAIH,Unknown
11312,SEI,Unknown
11313,TDTH,Unknown
11314,XCH,Unknown
11315,SAIHW,Unknown
11316,BLEUU,BLANK CHECKS
11317,AVK.R,Unknown
11318,CAPNU,Unknown
11319,DTSQ,Unknown
11320,DTSQR,Unknown
11321,EONR,Unknown
11322,EONR.W,Unknown
11323,GLE,SERVICES-COMPUTER PROCESSING &amp; DATA PREPARATION
11324,HPE$C,Unknown
11325,KLTO,Unknown
11326,KLTOW,Unknown
11327,NEWTH,Unknown
11328,SBC,Unknown
11329,SBCWW,Unknown
11330,SCNX,Unknown
11331,VEEA,Unknown
11332,VEEAW,Unknown
11333,YHNAU,Unknown
11334,BIOA,Unknown
11335,AMTM,Unknown
11336,BKV,Unknown
11337,CURB.V,Unknown
11338,EQV,Unknown
11339,EQV.W,Unknown
11340,FOXX,Unknown
11341,FOXXW,Unknown
11342,GECCH,Unknown
11343,GRDN,Unknown
11344,HTCO,Unknown
11345,IBG,BEVERAGES
11346,MBAV,Unknown
11347,MBAVW,Unknown
11348,OMCC,Unknown
11349,PC,Unknown
11350,SEG.R,Unknown
11351,SITC.V,Unknown
11352,BDMD,Unknown
11353,CBNA,Unknown
11354,CLYM,Unknown
11355,CURB,Unknown
11356,EXE,Unknown
11357,EXEEZ,Unknown
11358,FLX,Unknown
11359,FVR,Unknown
11360,HTLM,Unknown
11361,INV,Unknown
11362,LGTY,Unknown
11363,LIEN,Unknown
11364,NIXX,Unknown
11365,NIXXW,Unknown
11366,OCCIM,Unknown
11367,OKUR,Unknown
11368,SARO,Unknown
11369,SBXD,Unknown
11370,VACH,Unknown
11371,VACHW,Unknown
11372,WCT,Unknown
11373,ZENA,Unknown
11374,ZJK,Unknown
11375,BDMDW,Unknown
11376,EXEEW,Unknown
11377,SBXD.W,Unknown
11378,EXEEL,Unknown
11379,BSIIW,Unknown
11380,CBLL,Unknown
11381,CCIRU,Unknown
11382,CICB,Unknown
11383,CLIK,Unknown
11384,DWTX,Unknown
11385,HOND,Unknown
11386,HONDW,Unknown
11387,JCTC,Unknown
11388,KLC,SERVICES-CHILD DAY CARE SERVICES
11389,LPBBU,Unknown
11390,RDACU,Unknown
11391,SKK,Unknown
11392,SKYQ,Unknown
11393,SOBO,Unknown
11394,STFS,Unknown
11395,UPB,Unknown
11396,BSII,Unknown
11397,ARES$B,Unknown
11398,EIIA,Unknown
11399,HURA,Unknown
11400,ILLR,Unknown
11401,ILLRW,Unknown
11402,NBIS,Unknown
11403,ORIS,Unknown
11404,PENG,Unknown
11405,PTLE,Unknown
11406,SFHG,Unknown
11407,SPHL,Unknown
11408,WAI,Unknown
11409,FGL,Unknown
11410,SRV.V,Unknown
11411,SRV.R,Unknown
11412,AIFU,Unknown
11413,ALDFU,Unknown
11414,BEAGU,Unknown
11415,CAPN,Unknown
11416,CAPNR,Unknown
11417,CHARU,Unknown
11418,ECG.V,Unknown
11419,FBLA,Unknown
11420,FLG,Unknown
11421,FLG$A,Unknown
11422,FLG$U,Unknown
11423,GRCE,Unknown
11424,HUHU,Unknown
11425,INGM,Unknown
11426,IRD,Unknown
11427,LBGJ,REFRIGERATION &amp; SERVICE INDUSTRY MACHINERY
11428,MDU.V,Unknown
11429,NAYA,Unknown
11430,NESRW,"OIL, GAS FIELD SERVICES, NBC"
11431,OACCU,Unknown
11432,ROLR,Unknown
11433,SAG,Unknown
11434,SEPN,Unknown
11435,SNYR,Unknown
11436,BACQU,Unknown
11437,ECG,Unknown
11438,GELS,PHARMACEUTICAL PREPARATIONS
11439,IMG,Unknown
11440,NEE$T,Unknown
11441,NTWOU,Unknown
11442,PLRZ,Unknown
11443,POLE,Unknown
11444,POLEW,Unknown
11445,TZUP,SERVICES-COMPUTER PROCESSING &amp; DATA PREPARATION
11446,VCIC,Unknown
11447,VCICW,Unknown
11448,ADUR,Unknown
11449,ASPCU,Unknown
11450,BA$A,Unknown
11451,DEVS,Unknown
11452,FVN,Unknown
11453,FVNNR,Unknown
11454,GSRTU,Unknown
11455,LBYAV,Unknown
11456,MAGN,Unknown
11457,PRMB,Unknown
11458,SNREV,Unknown
11459,SPMA,Unknown
11460,WLACU,Unknown
11461,YHNA,Unknown
11462,YHNAR,Unknown
11463,ABP,Unknown
11464,ABPWW,Unknown
11465,ACOG,Unknown
11466,BHST,Unknown
11467,CLSKW,Unknown
11468,HSPTU,Unknown
11469,IZTC,Unknown
11470,MDCX,Unknown
11471,MDCXW,Unknown
11472,MKZR,Unknown
11473,PAMT,Unknown
11474,SNRE,Unknown
11475,TLX,Unknown
11476,TSSI,SERVICES-MANAGEMENT CONSULTING SERVICES
11477,BALY.T,Unknown
11478,CASK,Unknown
11479,CON.V,Unknown
11480,DMN,Unknown
11481,DYNXU,Unknown
11482,ELPW,Unknown
11483,MSW,Unknown
11484,NOEMU,Unknown
11485,RMSG,Unknown
11486,RMSGW,Unknown
11487,SEM.V,Unknown
11488,SUNE,Unknown
11489,BRIA,Unknown
11490,CGTL,Unknown
11491,CHAR,Unknown
11492,CHARR,Unknown
11493,ENFY,Unknown
11494,FACTU,Unknown
11495,GEAR,Unknown
11496,GRO,Unknown
11497,LPBBW,Unknown
11498,MBINL,Unknown
11499,MTVA,Unknown
11500,PONY,Unknown
11501,VENU,Unknown
11502,WYHG,Unknown
11503,LPBB,Unknown
11504,RADX,Unknown
11505,AHL$F,Unknown
11506,BACQ,Unknown
11507,BACQR,Unknown
11508,CCIR,Unknown
11509,CCIRW,Unknown
11510,CRBD,Unknown
11511,JUNS,PHARMACEUTICAL PREPARATIONS
11512,LNKS,Unknown
11513,METCZ,Unknown
11514,MSPRW,SERVICES-COMPUTER PROCESSING &amp; DATA PREPARATION
11515,MSPRZ,SERVICES-COMPUTER PROCESSING &amp; DATA PREPARATION
11516,NAMI,Unknown
11517,OPP$C,Unknown
11518,PCG$X,Unknown
11519,RDAC,Unknown
11520,SPHAU,Unknown
11521,TAVIU,Unknown
11522,TNMG,Unknown
11523,UOKA,Unknown
11524,ZSPC,Unknown
11525,JACS.U,Unknown
11526,RDACR,Unknown
11527,ALDF,Unknown
11528,AMOD,Unknown
11529,AMODW,Unknown
11530,ATLN,Unknown
11531,AVR,Unknown
11532,CNCK,Unknown
11533,CNCKW,Unknown
11534,DRDBU,Unknown
11535,DYNX,Unknown
11536,DYNXW,Unknown
11537,LUCK,Unknown
11538,MLACU,MOTOR VEHICLES &amp; PASSENGER CAR BODIES
11539,NEHC,Unknown
11540,NEHCW,Unknown
11541,NTCL,Unknown
11542,PVLA,Unknown
11543,TTAN,Unknown
11544,YHC,Unknown
11545,ALDFW,Unknown
11546,ANNA,Unknown
11547,ECCU,Unknown
11548,EXOD,FINANCE SERVICES
11549,FACTW,Unknown
11550,FLDD,Unknown
11551,GAINI,Unknown
11552,GITS,Unknown
11553,GSRT,Unknown
11554,GSRTR,Unknown
11555,JXG,Unknown
11556,LSE,Unknown
11557,NCEW,Unknown
11558,NPKI,Unknown
11559,OACC,BLANK CHECKS
11560,OACCW,Unknown
11561,PDPA,Unknown
11562,PHLT,Unknown
11563,RANGU,Unknown
11564,TAVI,Unknown
11565,TAVIR,Unknown
11566,YAAS,Unknown
11567,YSXT,Unknown
11568,ZBAI,Unknown
11569,ANNAW,Unknown
11570,BEAG,Unknown
11571,BEAGR,Unknown
11572,HIT,Unknown
11573,NEUP,Unknown
11574,NTWO,Unknown
11575,NTWOW,Unknown
11576,OUSTW,Unknown
11577,OUSTZ,Unknown
11578,PSIX,ENGINES &amp; TURBINES
11579,TDACU,Unknown
11580,AAMI,Unknown
11581,ASPCR,Unknown
11582,INLF,Unknown
11583,IPM,Unknown
11584,JBTM,Unknown
11585,NHPAP,Unknown
11586,NHPBP,Unknown
11587,ONC,Unknown
11588,ONEG,Unknown
11589,PRSU,Unknown
11590,RAINW,Unknown
11591,STAI,Unknown
11592,WLAC,Unknown
11593,WLACW,Unknown
11594,CEPO,Unknown
11595,MASK,Unknown
11596,MIMI,Unknown
11597,RNTX,Unknown
11598,TBCH,Unknown
11599,ZYBT,Unknown
11600,ANG$D,Unknown
11601,BZAI,Unknown
11602,BZAIW,Unknown
11603,FGSN,Unknown
11604,FLOC,Unknown
11605,HKPD,Unknown
11606,HVIIU,Unknown
11607,JFR.V,Unknown
11608,KBSX,Unknown
11609,MTEST,Unknown
11610,NOEMR,Unknown
11611,NOEMW,Unknown
11612,NYMTG,Unknown
11613,PCLA,Unknown
11614,PLMKU,Unknown
11615,RANG,Unknown
11616,SOJF,Unknown
11617,UFG,Unknown
11618,XYZ,Unknown
11619,DGNX,Unknown
11620,DXST,Unknown
11621,MCTR,Unknown
11622,NOEM,Unknown
11623,RIBBU,Unknown
11624,TOPP,Unknown
11625,COLAU,Unknown
11626,JFR.R,Unknown
11627,RANGR,Unknown
11628,SKBL,Unknown
11629,NRO.R,Unknown
11630,AAPG,Unknown
11631,ACCS,Unknown
11632,BLNE,Unknown
11633,GMHS,Unknown
11634,GNS.R,Unknown
11635,LAR,Unknown
11636,SPHAR,Unknown
11637,AEVAW,Unknown
11638,DMAAU,Unknown
11639,FMTO,Unknown
11640,SFD,Unknown
11641,SPHA,Unknown
11642,FGMCU,SERVICES-PREPACKAGED SOFTWARE
11643,MSIF,Unknown
11644,BBNX,Unknown
11645,CSAI,Unknown
11646,JACS,Unknown
11647,JACS.R,Unknown
11648,RWTP,Unknown
11649,SVCCU,Unknown
11650,TWNP,Unknown
11651,MAZE,Unknown
11652,MTSR,Unknown
11653,PLMK,Unknown
11654,PLMKW,Unknown
11655,XIFR,Unknown
11656,CJMB,Unknown
11657,DRDB,Unknown
11658,DRDBW,Unknown
11659,EFSI,STATE COMMERCIAL BANKS
11660,EPWK,Unknown
11661,FBGL,Unknown
11662,HCAI,Unknown
11663,HSPT,Unknown
11664,HSPTR,Unknown
11665,HVII,Unknown
11666,HVIIR,Unknown
11667,KFIIU,Unknown
11668,MLACR,Unknown
11669,MRP,Unknown
11670,PLUT,Unknown
11671,SION,Unknown
11672,STRK,Unknown
11673,TTAM,Unknown
11674,UMBFP,Unknown
11675,AACBU,Unknown
11676,AARD,Unknown
11677,AGH,Unknown
11678,ATIIU,Unknown
11679,DVLT,Unknown
11680,EXOZ,Unknown
11681,FGMCR,Unknown
11682,GCL,Unknown
11683,GCLWW,Unknown
11684,KRMN,Unknown
11685,MAYAU,Unknown
11686,NPB,Unknown
11687,NXXT,Unknown
11688,ODYS,Unknown
11689,PMTV,Unknown
11690,SNDKV,Unknown
11691,TRTN$F,Unknown
11692,WDCVV,Unknown
11693,XHLD,Unknown
11694,TDACW,Unknown
11695,ASBP,Unknown
11696,ASBPW,Unknown
11697,CMPOV,Unknown
11698,CYCU,Unknown
11699,CYCUW,Unknown
11700,HMR,Unknown
11701,HTB,Unknown
11702,NNNN,Unknown
11703,OSRH,Unknown
11704,OSRHW,Unknown
11705,QVCGA,Unknown
11706,QVCGB,Unknown
11707,QVCGP,Unknown
11708,RHLDV,Unknown
11709,SGI,Unknown
11710,SNDK,Unknown
11711,TIC,Unknown
11712,WGRX,Unknown
11713,BMGL,Unknown
11714,CTEV,Unknown
11715,DMAA,Unknown
11716,DMAAR,Unknown
11717,FERAU,Unknown
11718,FNGA,Unknown
11719,LOKVU,Unknown
11720,LUD,Unknown
11721,LZMH,Unknown
11722,NHICU,BLANK CHECKS
11723,OXLCG,Unknown
11724,RAC.U,Unknown
11725,RHLD,Unknown
11726,STAK,Unknown
11727,TE,Unknown
11728,TE.W,Unknown
11729,WETO,Unknown
11730,PN,Unknown
11731,ADVB,Unknown
11732,CAPS,Unknown
11733,ESEAV,Unknown
11734,FFAI,Unknown
11735,FFAIW,Unknown
11736,JFB,Unknown
11737,KMTS,Unknown
11738,MAYA,Unknown
11739,MAYAR,Unknown
11740,MCRP,Unknown
11741,RDGT,Unknown
11742,RIBB,Unknown
11743,RIBBR,Unknown
11744,SAGT,Unknown
11745,SNWV,SURGICAL &amp; MEDICAL INSTRUMENTS &amp; APPARATUS
11746,TBH,Unknown
11747,XAGE,Unknown
11748,XAGEW,Unknown
11749,EHLDV,Unknown
11750,AIFER,Unknown
11751,AIFEU,Unknown
11752,HFRO$B,Unknown
11753,KFII,Unknown
11754,KFIIR,Unknown
11755,KKR$D,Unknown
11756,MWYN,Unknown
11757,NWTG,Unknown
11758,RPT$C,Unknown
11759,USAR,Unknown
11760,USARW,Unknown
11761,AIFE,Unknown
11762,AMZE,Unknown
11763,BIYA,Unknown
11764,BK$K,Unknown
11765,COLA,Unknown
11766,DGXX,Unknown
11767,EHLD,Unknown
11768,GSHRU,Unknown
11769,KLRS,Unknown
11770,NAGE,Unknown
11771,QSEAU,Unknown
11772,RCT,Unknown
11773,WHWK,Unknown
11774,LGPS,Unknown
11775,COLAR,Unknown
11776,ALMU,Unknown
11777,ANGIV,Unknown
11778,CRWV,Unknown
11779,EPSM,Unknown
11780,JQC.V,Unknown
11781,MCHPP,Unknown
11782,NCT,Unknown
11783,NMAX,Unknown
11784,NTHI,Unknown
11785,STRF,Unknown
11786,SVCC,Unknown
11787,WFF,Unknown
11788,ATII,Unknown
11789,BLIV,Unknown
11790,ENGS,Unknown
11791,LHSW,Unknown
11792,RFL.W,Unknown
11793,SDHIU,Unknown
11794,SMA,Unknown
11795,SOUL.U,Unknown
11796,SZZLU,BLANK CHECKS
11797,TOPW,Unknown
11798,UYSCU,Unknown
11799,VSA,Unknown
11800,WTF,Unknown
11801,WXM,Unknown
11802,ATIIW,Unknown
11803,SVCCW,Unknown
11804,AACB,Unknown
11805,ATHR,Unknown
11806,BULL,FINANCE SERVICES
11807,BULLW,Unknown
11808,BULLZ,Unknown
11809,CIIT,COMPUTER COMMUNICATIONS EQUIPMENT
11810,CUPR,Unknown
11811,FATN,Unknown
11812,IOTR,Unknown
11813,KIDZ,Unknown
11814,KIDZW,Unknown
11815,RBNEV,Unknown
11816,RYET,Unknown
11817,SLSN,Unknown
11818,TACHU,Unknown
11819,TOROV,Unknown
11820,FINS.V,Unknown
11821,DVS,Unknown
11822,EDHL,Unknown
11823,GENVR,Unknown
11824,HXHX,Unknown
11825,NHICW,BLANK CHECKS
11826,RAC,Unknown
11827,RAC.W,Unknown
11828,RBNE,Unknown
11829,TMDE,Unknown
11830,TVRD,Unknown
11831,AACBR,Unknown
11832,FINS.R,Unknown
11833,IGZ,Unknown
11834,BCTXZ,Unknown
11835,CHACU,Unknown
11836,CIGL,Unknown
11837,FERA,Unknown
11838,INEO,Unknown
11839,IPCXU,Unknown
11840,IVF,Unknown
11841,LOKV,Unknown
11842,LOKVW,Unknown
11843,MBBC,"SAVINGS INSTITUTIONS, NOT FEDERALLY CHARTERED"
11844,NPACU,Unknown
11845,PFAI,Unknown
11846,PHOE,Unknown
11847,SPWRW,Unknown
11848,SSII,Unknown
11849,TVACU,Unknown
11850,VIVS,Unknown
11851,FERAR,Unknown
11852,ATEST,Unknown
11853,CBX,Unknown
11854,CTEST,Unknown
11855,ZAZZT,Unknown
11856,CEPT,Unknown
11857,CGCTU,Unknown
11858,CMDB.V,Unknown
11859,CMRE.V,Unknown
11860,COPL.U,Unknown
11861,DAAQU,Unknown
11862,DFDV,Unknown
11863,FLYY,Unknown
11864,GBFH,Unknown
11865,GTENU,Unknown
11866,ISOU,Unknown
11867,JBIO,Unknown
11868,LCCCU,Unknown
11869,LIMN,Unknown
11870,LIMNW,Unknown
11871,MAAS,Unknown
11872,MPTI.W,Unknown
11873,RAAQU,Unknown
11874,RDAGU,Unknown
11875,SDM,Unknown
11876,SRXH,Unknown
11877,TACOU,Unknown
11878,WSBK,Unknown
11879,YB,Unknown
11880,AII,Unknown
11881,APUS,Unknown
11882,ASPSW,Unknown
11883,ASPSZ,Unknown
11884,CMDB,Unknown
11885,EGHAU,Unknown
11886,FOUR$A,Unknown
11887,GIBO,Unknown
11888,GIBOW,Unknown
11889,HTO,Unknown
11890,IPODU,Unknown
11891,STRZ,RETAIL-EATING PLACES
11892,ANTA,Unknown
11893,ARAI,Unknown
11894,CCCMU,Unknown
11895,CCCXU,Unknown
11896,DEFT,FINANCE SERVICES
11897,ETOR,Unknown
11898,GLXY,"SECURITY BROKERS, DEALERS &amp; FLOTATION COMPANIES"
11899,GTM,Unknown
11900,IQST,TELEPHONE COMMUNICATIONS (NO RADIO TELEPHONE)
11901,ISBA,STATE COMMERCIAL BANKS
11902,KWM,Unknown
11903,KWMWW,Unknown
11904,OMSE,Unknown
11905,PMTRU,Unknown
11906,QSEA,Unknown
11907,QSEAR,Unknown
11908,RTACU,Unknown
11909,TVA,Unknown
11910,TVACW,Unknown
11911,TVAIU,Unknown
11912,TWOD,Unknown
11913,WENNU,Unknown
11914,ZDAI,Unknown
11915,GSHR,Unknown
11916,GSHRW,Unknown
11917,BHK.V,Unknown
11918,FTRK,Unknown
11919,HNGE,Unknown
11920,MBNKO,Unknown
11921,NAKA,Unknown
11922,NAKAW,Unknown
11923,NEE$U,Unknown
11924,OFAL,Unknown
11925,OYSEU,Unknown
11926,PCAPU,Unknown
11927,PELIU,Unknown
11928,SOUL,Unknown
11929,SZZLR,Unknown
11930,WTFCN,Unknown
11931,SOUL.R,Unknown
11932,CHACR,Unknown
11933,AOMD,Unknown
11934,BHK.R,Unknown
11935,CHPGU,Unknown
11936,CRAQU,Unknown
11937,EMA,Unknown
11938,JENA.U,Unknown
11939,KCHVU,Unknown
11940,KG,Unknown
11941,KKRT,Unknown
11942,PTNM,Unknown
11943,QXO$B,Unknown
11944,RSF.V,Unknown
11945,SORA,Unknown
11946,UYSC,Unknown
11947,UYSCR,Unknown
11948,WTGUU,Unknown
11949,BMNR,FINANCE SERVICES
11950,BUSEP,Unknown
11951,COPL,Unknown
11952,COPL.W,Unknown
11953,CRCL,FINANCE SERVICES
11954,DAAQ,Unknown
11955,DAAQW,Unknown
11956,JEM,Unknown
11957,NAMMW,Unknown
11958,OMDA,Unknown
11959,RAAQ,Unknown
11960,RAAQW,Unknown
11961,RSF.R,Unknown
11962,SDHI,Unknown
11963,SUPX,Unknown
11964,TACH,Unknown
11965,TACHW,Unknown
11966,TACOW,Unknown
11967,TGE.W,Unknown
11968,VBIX,SERVICES-PREPACKAGED SOFTWARE
11969,SDHIR,Unknown
11970,AAUC,Unknown
11971,AIRO,Unknown
11972,ASIC,Unknown
11973,BACCU,Unknown
11974,BLUWU,Unknown
11975,BSAAU,Unknown
11976,CCCM,Unknown
11977,CCCMW,Unknown
11978,CHYM,Unknown
11979,CSW,Unknown
11980,IPODW,Unknown
11981,JBS,Unknown
11982,NAMM,Unknown
11983,OTF,Unknown
11984,PELI,Unknown
11985,PELIR,Unknown
11986,PMTW,Unknown
11987,RTAC,Unknown
11988,RTACW,Unknown
11989,SAFX,Unknown
11990,SCD.V,Unknown
11991,STRD,Unknown
11992,TEAD,Unknown
11993,UMBFO,Unknown
11994,VAPE,Unknown
11995,VAPEW,Unknown
11996,VNTG,Unknown
11997,VOYG,Unknown
11998,AXINU,Unknown
11999,CHPGR,Unknown
12000,DAIC,Unknown
12001,DAICW,Unknown
12002,EGG,Unknown
12003,IMDX,Unknown
12004,IPCX,Unknown
12005,IPCXR,Unknown
12006,MENS,Unknown
12007,NPAC,BLANK CHECKS
12008,NPACW,Unknown
12009,PACHU,Unknown
12010,PMTRW,Unknown
12011,SCD.R,Unknown
12012,SLDE,Unknown
12013,FTV.V,Unknown
12014,PMTR,Unknown
12015,CHPG,Unknown
12016,AMRZ,Unknown
12017,BGL,Unknown
12018,BGLWW,Unknown
12019,CAEP,Unknown
12020,CGCT,Unknown
12021,CGCTW,Unknown
12022,CRAQ,Unknown
12023,CRAQR,Unknown
12024,FIGXU,Unknown
12025,FMFC,Unknown
12026,GTEN,BLANK CHECKS
12027,GTENW,Unknown
12028,HCHL,Unknown
12029,JLHL,Unknown
12030,LCCC,Unknown
12031,LWACU,Unknown
12032,OBAWU,Unknown
12033,RDAG,Unknown
12034,YORKU,Unknown
12035,LCCCR,Unknown
12036,RDAGW,Unknown
12037,AEBI,Unknown
12038,BRSL,Unknown
12039,CCIIU,Unknown
12040,COSO,Unknown
12041,CV,Unknown
12042,DFSC,Unknown
12043,DFSCW,Unknown
12044,EGHA,Unknown
12045,EGHAR,Unknown
12046,EMPG,Unknown
12047,EVAC.U,Unknown
12048,GRAN,Unknown
12049,HBNB,Unknown
12050,HYPD,Unknown
12051,INACU,Unknown
12052,MZTI,Unknown
12053,NMPAU,Unknown
12054,ONCHU,Unknown
12055,ORIQU,Unknown
12056,PTHS,Unknown
12057,RAL,Unknown
12058,SCAG,Unknown
12059,SCAGW,Unknown
12060,TAOX,Unknown
12061,TVAI,Unknown
12062,TVAIR,Unknown
12063,VNMEU,Unknown
12064,ANPA,Unknown
12065,BMHL,Unknown
12066,CCCX,Unknown
12067,DLXY,Unknown
12068,GLBAV,Unknown
12069,GLBKV,Unknown
12070,GTERU,Unknown
12071,HERZ,Unknown
12072,LBDAV,Unknown
12073,LBDKV,Unknown
12074,MAMK,Unknown
12075,MSGY,Unknown
12076,NYMTH,Unknown
12077,OYSE,Unknown
12078,OYSER,Unknown
12079,PCAP,Unknown
12080,PCAPW,Unknown
12081,SEGG,Unknown
12082,TLIH,Unknown
12083,WENN,Unknown
12084,WENNW,Unknown
12085,YOUL,Unknown
12086,CCCXW,Unknown
12087,ALM,Unknown
12088,AUGO,Unknown
12089,GLIBK,Unknown
12090,KMRK,Unknown
12091,LAWR,Unknown
12092,MGRT,Unknown
12093,MJID,Unknown
12094,NEXM,Unknown
12095,NXG.V,Unknown
12096,PAII.U,Unknown
12097,PEW,Unknown
12098,PEW.W,Unknown
12099,PFSA,Unknown
12100,SOCAU,Unknown
12101,SPEGU,Unknown
12102,SPME,Unknown
12103,VWAV,Unknown
12104,VWAVW,Unknown
12105,ACFN,SERVICES-ENGINEERING SERVICES
12106,ARX,Unknown
12107,CARL,Unknown
12108,CRE,Unknown
12109,ENVXW,Unknown
12110,GTERA,Unknown
12111,GTERR,Unknown
12112,GTERW,Unknown
12113,KCHVR,Unknown
12114,LHAI,Unknown
12115,MH,Unknown
12116,NXDR,Unknown
12117,OFSSO,Unknown
12118,SBDS,Unknown
12119,TDIC,Unknown
12120,WTGUR,Unknown
12121,YORK,Unknown
12122,YORKW,Unknown
12123,JENA,Unknown
12124,KCHV,Unknown
12125,WTG,Unknown
12126,JENA.R,Unknown
12127,AMBQ,Unknown
12128,APADU,Unknown
12129,AVBC,Unknown
12130,AXIN,RETAIL-DRUG STORES AND PROPRIETARY STORES
12131,AXINR,Unknown
12132,BCARU,Unknown
12133,BINI,Unknown
12134,BLUWW,Unknown
12135,BRR,Unknown
12136,BRRWU,Unknown
12137,BRRWW,Unknown
12138,CFG$I,Unknown
12139,CMRC,Unknown
12140,EMPD,Unknown
12141,HCMAU,BLANK CHECKS
12142,IAUX.W,Unknown
12143,IMA,Unknown
12144,INAC,Unknown
12145,INACR,Unknown
12146,METCI,Unknown
12147,TBHC,Unknown
12148,YMAT,Unknown
12149,AVBH,STATE COMMERCIAL BANKS
12150,BACC,Unknown
12151,BACCR,Unknown
12152,BIVIW,Unknown
12153,BNC,Unknown
12154,BNCWW,Unknown
12155,BSAA,Unknown
12156,BSAAR,Unknown
12157,CFND,Unknown
12158,CTW,Unknown
12159,DKI,Unknown
12160,EFTY,Unknown
12161,HTFL,Unknown
12162,LOB$A,Unknown
12163,PLBL,Unknown
12164,PSKY,Unknown
12165,QUMSU,Unknown
12166,SSEAU,Unknown
12167,TMUSI,Unknown
12168,TMUSL,Unknown
12169,TMUSZ,Unknown
12170,WYFI,Unknown
12171,PGACR,Unknown
12172,PGAC,Unknown
12173,AD,Unknown
12174,BBOT,Unknown
12175,BLSH,Unknown
12176,BUUU,Unknown
12177,CMA$B,Unknown
12178,FGNX,Unknown
12179,FGNXP,Unknown
12180,HIND,Unknown
12181,HVMCU,Unknown
12182,KYIV,Unknown
12183,KYIVW,Unknown
12184,LWACW,Unknown
12185,MAGH,Unknown
12186,MIAX,Unknown
12187,MKLYU,Unknown
12188,MYSE,Unknown
12189,NLY$J,Unknown
12190,NSRX,Unknown
12191,NUAI,Unknown
12192,NUTR,Unknown
12193,OBA,Unknown
12194,OBAWW,Unknown
12195,OXSQH,Unknown
12196,PACH,Unknown
12197,PACHW,Unknown
12198,PPCB,PHARMACEUTICAL PREPARATIONS
12199,RDNW,Unknown
12200,RYOJ,Unknown
12201,USBC,Unknown
12202,MYSEW,Unknown
12203,NUAIW,Unknown
12204,BCAR,Unknown
12205,BCARW,Unknown
12206,CCII,Unknown
12207,CCIIW,Unknown
12208,CEPF,Unknown
12209,ETHZ,Unknown
12210,ETHZW,Unknown
12211,ETS,Unknown
12212,EVAC,Unknown
12213,EVAC.W,Unknown
12214,FIGX,Unknown
12215,FIGXW,Unknown
12216,HSONP,Unknown
12217,TFIN$,Unknown
12218,VNME,Unknown
12219,VNMEW,Unknown
12220,YMT,Unknown
12221,ZNB,Unknown
12222,AGM$H,Unknown
12223,AIIO,Unknown
12224,AIIOW,Unknown
12225,APAD,Unknown
12226,APADR,Unknown
12227,BCIC,Unknown
12228,BIT.R,Unknown
12229,CURX,Unknown
12230,ELOG,Unknown
12231,ETHM,Unknown
12232,ETHMU,Unknown
12233,ETHMW,Unknown
12234,KOYNU,Unknown
12235,MBVIU,Unknown
12236,NEWTP,Unknown
12237,PMI,Unknown
12238,SBLX,Unknown
12239,SRTA,Unknown
12240,SRTAW,Unknown
12241,SUIG,Unknown
12242,TGHL,Unknown
12243,THH,Unknown
12244,YDES,Unknown
12245,YDESW,Unknown
12246,ABTC,Unknown
12247,ADAM,Unknown
12248,ADAMG,Unknown
12249,ADAMH,Unknown
12250,ADAMI,Unknown
12251,ADAML,Unknown
12252,ADAMM,Unknown
12253,ADAMN,Unknown
12254,ADAMZ,Unknown
12255,ATON,Unknown
12256,ELVR,Unknown
12257,FCHL,Unknown
12258,GSRFU,Unknown
12259,HYFT,Unknown
12260,MCHB,Unknown
12261,NMP,Unknown
12262,NMPAR,Unknown
12263,PGACU,Unknown
12264,RYM,Unknown
12265,SOCA,Unknown
12266,SSM,Unknown
12267,SVACU,Unknown
12268,TONX,Unknown
12269,VSTD,Unknown
12270,SOCAW,Unknown
12271,RIV.V,Unknown
12272,AGNCZ,Unknown
12273,ANGX,Unknown
12274,BGMS,Unknown
12275,BGMSP,Unknown
12276,BLZRU,Unknown
12277,BRCB,Unknown
12278,EMO.V,Unknown
12279,FIGR,Unknown
12280,FOFO,Unknown
12281,GECCG,Unknown
12282,GEMI,Unknown
12283,KLAR,Unknown
12284,LBRX,Unknown
12285,LGN,Unknown
12286,LITS,Unknown
12287,MCGA,Unknown
12288,MCGAU,Unknown
12289,MCGAW,Unknown
12290,ONCH,Unknown
12291,ONCHW,Unknown
12292,ORBS,Unknown
12293,ORIQ,Unknown
12294,ORIQW,Unknown
12295,OTGAU,Unknown
12296,PAII,Unknown
12297,PAII.W,Unknown
12298,SPEG,Unknown
12299,SPEGR,Unknown
12300,STEX,Unknown
12301,STKE,Unknown
12302,TLNCU,Unknown
12303,ZGM,Unknown
12304,BRKRP,Unknown
12305,RIV.R,Unknown
12306,AEC,Unknown
12307,CHECU,Unknown
12308,CHOW,Unknown
12309,CIMP,Unknown
12310,EMO.R,Unknown
12311,KOYN,Unknown
12312,KOYNW,Unknown
12313,LATAU,Unknown
12314,MLCI,Unknown
12315,NTSK,Unknown
12316,PLTS,Unknown
12317,PTRN,Unknown
12318,STUB,Unknown
12319,UTF.V,Unknown
12320,WBI,Unknown
12321,YDKG,Unknown
12322,BRBI,Unknown
12323,AEXA,Unknown
12324,BTQ,Unknown
12325,DMIIU,Unknown
12326,DTK,Unknown
12327,EMISU,Unknown
12328,FCRS.U,Unknown
12329,HCMAW,BLANK CHECKS
12330,IPST,Unknown
12331,KDK,Unknown
12332,KDKRW,Unknown
12333,MGN,Unknown
12334,QCLS,Unknown
12335,UTF.R,Unknown
12336,BKT.V,Unknown
12337,AGRZ,Unknown
12338,AIIA.U,Unknown
12339,BCSS.U,Unknown
12340,BDCIU,Unknown
12341,BKT.R,Unknown
12342,BTTC,ELECTRIC SERVICES
12343,CCHH,Unknown
12344,FRMI,Unknown
12345,HVMC,Unknown
12346,HVMCW,Unknown
12347,KNRX,Unknown
12348,KRSP.U,Unknown
12349,LNAI,Unknown
12350,MKLY,Unknown
12351,MKLYR,Unknown
12352,PASW,Unknown
12353,PHXE$,Unknown
12354,PRHI,Unknown
12355,PRHIZ,Unknown
12356,QUMS,Unknown
12357,QUMSR,Unknown
12358,RITM$E,Unknown
12359,RNGTU,Unknown
12360,SLMT,Unknown
12361,SSEA,Unknown
12362,SSEAR,Unknown
12363,SVACW,Unknown
12364,YCY.U,Unknown
12365,BRW.V,Unknown
12366,BNBX,Unknown
12367,BRW.R,Unknown
12368,GIWWU,Unknown
12369,GME.W,Unknown
12370,LKSPU,Unknown
12371,POM,Unknown
12372,TLNC,Unknown
12373,TLNCW,Unknown
12374,TTRX,Unknown
12375,WSBCO,Unknown
12376,XELLL,Unknown
12377,ALH,Unknown
12378,LFS,Unknown
12379,PXED,Unknown
12380,YDDL,Unknown
12381,AXG,Unknown
12382,BNKK,Unknown
12383,BNKKW,Unknown
12384,NKLR,Unknown
12385,AURE,Unknown
12386,BBBY.W,Unknown
12387,RPGL,SERVICES-PREPACKAGED SOFTWARE
12388,ACCL,Unknown
12389,BDCI,Unknown
12390,BDCIW,Unknown
12391,MBVI,Unknown
12392,MBVIW,Unknown
12393,OWLS,Unknown
12394,SLGB,Unknown
12395,TCGL,Unknown
12396,TCPA,Unknown
12397,OPP.V,Unknown
12398,AGCC,Unknown
12399,AHMA,Unknown
12400,ALISU,Unknown
12401,BGIN,Unknown
12402,DD.V,Unknown
12403,EMIS,Unknown
12404,EMISR,Unknown
12405,FUSEW,Unknown
12406,GSRF,Unknown
12407,GSRFR,Unknown
12408,HAVAU,Unknown
12409,JGH.R,Unknown
12410,LAFAU,Unknown
12411,MCTA,Unknown
12412,MMTXU,Unknown
12413,NPT,Unknown
12414,SLAI,Unknown
12415,SOLSV,Unknown
12416,HONIV,Unknown
12417,OPP.R,Unknown
12418,APXTU,Unknown
12419,BGSI,Unknown
12420,BLZR,Unknown
12421,BLZRW,Unknown
12422,BYAH,Unknown
12423,DNMXU,Unknown
12424,DYORU,Unknown
12425,GIWWR,Unknown
12426,IMSR,Unknown
12427,IMSRW,Unknown
12428,MPLT,Unknown
12429,NAVN,Unknown
12430,NBP,Unknown
12431,NCEL,Unknown
12432,NOMA,Unknown
12433,Q,Unknown
12434,SOLS,SERVICES-COMPUTER PROCESSING &amp; DATA PREPARATION
12435,VACI.U,Unknown
12436,XRPN,Unknown
12437,XRPNU,Unknown
12438,XRPNW,Unknown
12439,YCY,Unknown
12440,YCY.W,Unknown
12441,AERO,Unknown
12442,BETA,Unknown
12443,BLLN,Unknown
12444,CCID,Unknown
12445,CEPV,Unknown
12446,CRACU,Unknown
12447,DFDVW,Unknown
12448,ELWT,Unknown
12449,EMBJ,Unknown
12450,EVMN,Unknown
12451,FTW,Unknown
12452,FTW.U,Unknown
12453,LKSP,Unknown
12454,LKSPR,Unknown
12455,MEHA,Unknown
12456,MTB$K,Unknown
12457,OTGA,Unknown
12458,OTGAW,Unknown
12459,SUNC,Unknown
12460,TDWDU,Unknown
12461,WSTNU,Unknown
12462,XZO,Unknown
12463,FTW.W,Unknown
12464,POAS,Unknown
12465,ALUB.U,Unknown
12466,AXIA,Unknown
12467,AXIA$,Unknown
12468,BPACU,Unknown
12469,CABR,Unknown
12470,CHEC,Unknown
12471,CHECW,Unknown
12472,CYPH,Unknown
12473,EVOXU,Unknown
12474,FSSL,Unknown
12475,GFR.V,Unknown
12476,HERE,Unknown
12477,LATAW,Unknown
12478,NOVTU,Unknown
12479,OTH,Unknown
12480,SATA,Unknown
12481,SEVNR,Unknown
12482,SOMN,Unknown
12483,WSHP,Unknown
12484,XWIN,Unknown
12485,LATA,Unknown
12486,AIXC,Unknown
12487,ALIS,Unknown
12488,ALISR,Unknown
12489,APACR,Unknown
12490,BCSS,Unknown
12491,BCSS.W,Unknown
12492,CBC,Unknown
12493,DNMX,Unknown
12494,DNMXW,Unknown
12495,DYOR,Unknown
12496,DYORW,Unknown
12497,FCRS,Unknown
12498,FCRS.W,Unknown
12499,GLOO,Unknown
12500,HCACU,Unknown
12501,KRSP,Unknown
12502,KRSP.W,Unknown
12503,OPTU,Unknown
12504,PINE$A,Unknown
12505,SVRN,Unknown
12506,TDAY,Unknown
12507,TII,Unknown
12508,VACI,Unknown
12509,VACI.W,Unknown
12510,APXTW,Unknown
12511,AIIA,Unknown
12512,AIIA.R,Unknown
12513,ELE,Unknown
12514,GFR.R,Unknown
12515,GLIBR,Unknown
12516,GMRE$B,Unknown
12517,IGACU,BLANK CHECKS
12518,IPEX,Unknown
12519,LAFA,Unknown
12520,LAFAR,Unknown
12521,MBAI,Unknown
12522,OPENL,Unknown
12523,OPENW,Unknown
12524,OPENZ,Unknown
12525,RJET,Unknown
12526,RNGT,Unknown
12527,RNGTW,Unknown
12528,RWTQ,Unknown
12529,SCIIU,Unknown
12530,IPEXR,Unknown
12531,IPEXU,Unknown
12532,AEAQU,Unknown
12533,BFH$A,Unknown
12534,BIXIU,Unknown
12535,CITR,Unknown
12536,DMII,Unknown
12537,DMIIR,Unknown
12538,EVOX,Unknown
12539,EVOXW,Unknown
12540,GRDX,Unknown
12541,HYNE,Unknown
12542,LFACU,BLANK CHECKS
12543,NWAX.U,Unknown
12544,PARK,Unknown
12545,PURR,Unknown
12546,RGNT,Unknown
12547,SAC.U,Unknown
12548,SBXE.U,Unknown
12549,SMJF,Unknown
12550,AGIG,Unknown
12551,AGPU,Unknown
12552,BLRKU,Unknown
12553,CDNL,Unknown
12554,CRAC,Unknown
12555,CRACW,Unknown
12556,DCX,Unknown
12557,DSACU,Unknown
12558,FEED,Unknown
12559,ITHAU,Unknown
12560,JMG,Unknown
12561,KBONU,Unknown
12562,LMRI,Unknown
12563,MESHU,Unknown
12564,MICC,Unknown
12565,TDWD,Unknown
12566,TDWDR,Unknown
12567,TJGC,Unknown
12568,TWAV,Unknown
12569,XXI,Unknown
12570,CRACR,Unknown
12571,ADACU,Unknown
12572,ANDG,Unknown
12573,BEBE.U,Unknown
12574,BIXI,Unknown
12575,BIXIW,Unknown
12576,BPRE,Unknown
12577,CCXIU,Unknown
12578,CMCSV,Unknown
12579,CRANU,Unknown
12580,DTCX,Unknown
12581,FJET,Unknown
12582,HAVA,Unknown
12583,IRHOU,Unknown
12584,LPCVU,Unknown
12585,MDLN,Unknown
12586,MMTX,Unknown
12587,MMTXW,Unknown
12588,VHCPU,Unknown
12589,VSNTV,Unknown
12590,HAVAR,Unknown
12591,BVC,Unknown
12592,HTT,Unknown
12593,IGACR,Unknown
12594,OPLN,Unknown
12595,SVAQU,Unknown
12596,SCPQU,Unknown
12597,HTY.V,Unknown
12598,ABXL,Unknown
12599,AXIA$C,Unknown
12600,ORIO,Unknown
12601,PNFP$A,Unknown
12602,PNFP$B,Unknown
12603,PNFP$C,Unknown
12604,WSTN,Unknown
12605,WSTNR,Unknown
12606,ALUB,Unknown
12607,ALUB.W,Unknown
12608,ARTCU,Unknown
12609,BBCQU,Unknown
12610,BIII.U,Unknown
12611,BPACR,Unknown
12612,BUDA,Unknown
12613,DCOY,Unknown
12614,EMAT,Unknown
12615,HELP,Unknown
12616,HYT.R,Unknown
12617,KUST,Unknown
12618,KYNB,Unknown
12619,NGEN,Unknown
12620,SORNU,Unknown
12621,TWLVR,Unknown
12622,VSNT,Unknown
12623,ZKPU,Unknown
12624,ADAMO,Unknown
12625,BCTXL,Unknown
12626,CRAN,Unknown
12627,CRANR,Unknown
12628,DFTX,Unknown
12629,FGIIU,Unknown
12630,GCDT,Unknown
12631,IEAGU,Unknown
12632,ITOC,Unknown
12633,JF,Unknown
12634,LONA,Unknown
12635,MRSH,Unknown
12636,OIMAU,Unknown
12637,SRJN,Unknown
12638,TRTN$G,Unknown
12639,VISN,Unknown
12640,ALOVU,Unknown
12641,ARCIU,Unknown
12642,BTGO,Unknown
12643,EQPT,Unknown
12644,GPGI,Unknown
12645,HLXC,Unknown
12646,ITHA,Unknown
12647,ITHAW,Unknown
12648,LEGO.U,Unknown
12649,OLOX,Unknown
12650,PDC,Unknown
12651,PLSM,Unknown
12652,PTORU,Unknown
12653,SBXE,Unknown
12654,SCII,Unknown
12655,SCIIR,Unknown
12656,SCZM,Unknown
12657,XCBEU,Unknown
12658,SBXE.W,Unknown
12659,AEAQ,Unknown
12660,AEAQW,Unknown
12661,BANXR,Unknown
12662,BBCQ,Unknown
12663,BBCQW,Unknown
12664,BIII,Unknown
12665,BIII.W,Unknown
12666,BMM,Unknown
12667,EZRA,Unknown
12668,EZRAW,Unknown
12669,GIXXU,Unknown
12670,GOAI,Unknown
12671,HCACR,Unknown
12672,KBON,Unknown
12673,KBONW,Unknown
12674,KRAQU,Unknown
12675,KTWOU,Unknown
12676,LFACW,BLANK CHECKS
12677,MESH,Unknown
12678,MESHW,Unknown
12679,MEVOU,Unknown
12680,MINE,Unknown
12681,MLAAU,Unknown
12682,MUZEU,Unknown
12683,NBRGU,Unknown
12684,NWAX,Unknown
12685,NWAX.W,Unknown
12686,PICS,PERSONAL CREDIT INSTITUTIONS
12687,PPHC,Unknown
12688,RITM$F,Unknown
12689,SAAQU,Unknown
12690,SAC,Unknown
12691,SAC.W,Unknown
12692,UAC.U,Unknown
12693,VHUB,Unknown
12694,VTIX,Unknown
12695,XSLLU,Unknown
12696,YSS,Unknown
12697,ZSTK,Unknown
12698,DSACW,Unknown
12699,NEWTO,Unknown
12700,AGMB,Unknown
12701,AMPGR,Unknown
12702,AMPGZ,Unknown
12703,BEBE.W,Unknown
12704,BLRK,Unknown
12705,BLRKW,Unknown
12706,BOBS,Unknown
12707,C$R,Unknown
12708,CAQUU,Unknown
12709,CEPS,Unknown
12710,CMTV,NATIONAL COMMERCIAL BANKS
12711,DCH,Unknown
12712,EIKN,Unknown
12713,ERNAW,Unknown
12714,FITBM,Unknown
12715,FPS,Unknown
12716,HBANZ,Unknown
12717,HCICU,BLANK CHECKS
12718,IRAB.U,Unknown
12719,IRHO,Unknown
12720,IRHOR,Unknown
12721,JRI.V,Unknown
12722,MANE,Unknown
12723,MLCIL,Unknown
12724,MPT,Unknown
12725,MSLE,Unknown
12726,OBAI,Unknown
12727,OFRM,Unknown
12728,PLYX,Unknown
12729,RWAYI,Unknown
12730,SGP,Unknown
12731,SSACU,Unknown
12732,TULP,Unknown
12733,VSECU,Unknown
12734,WPAC.U,Unknown
12735,ZKP,Unknown
12736,ZKPW,Unknown
12737,ADAC,Unknown
12738,ADACW,Unknown
12739,AGBK,Unknown
12740,AIOS,Unknown
12741,BRAI,Unknown
12742,CCXIW,Unknown
12743,CICC,Unknown
12744,CMIIU,Unknown
12745,DBCAU,Unknown
12746,FCNCN,Unknown
12747,HACQU,Unknown
12748,IACOU,Unknown
12749,JAGU,Unknown
12750,JRI.R,Unknown
12751,LPCV,Unknown
12752,LPCVW,Unknown
12753,MWH,Unknown
12754,ORCL$D,Unknown
12755,PAACU,Unknown
12756,RPC,Unknown
12757,SAV,Unknown
12758,SCPQW,Unknown
12759,SVAQ,Unknown
12760,SVAQW,Unknown
12761,SVIVU,Unknown
12762,TMTSU,Unknown
12763,VHCPW,Unknown
12764,WLIIU,Unknown
12765,XFLH.U,Unknown
12766,XRXDW,Unknown
12767,DFNSW,Unknown
12768,VHCP,Unknown
12769,SCPQ,Unknown
